model,file_name,shape_label,texture_label,decision,top1_class_index,top1_class_name,top1_class_category,shape_confidence,texture_confidence,neither_confidence
resnet50,airplane1-bicycle2.png,airplane,bicycle,neither,791,shopping_cart,bottle,3.085578782702214e-06,0.0036169507075101137,0.4485449194908142
resnet50,airplane1-chair2.png,airplane,chair,texture,762,restaurant,chair,0.00018109142547473311,0.0050026364624500275,0.0
resnet50,airplane1-clock1.png,airplane,clock,texture,892,wall_clock,clock,8.488547820206804e-08,0.15146063268184662,0.0
resnet50,airplane1-elephant1.png,airplane,elephant,texture,386,African_elephant,elephant,2.518115707061952e-07,0.4070388674736023,0.0
resnet50,airplane10-bear3.png,airplane,bear,texture,360,otter,bear,6.133061106083915e-06,0.01098860427737236,0.0
resnet50,airplane10-boat3.png,airplane,boat,neither,724,pirate,chair,0.0006206658435985446,0.00035393983125686646,0.18800471723079681
resnet50,airplane10-car3.png,airplane,car,texture,511,convertible,car,0.0011377829359844327,0.08079662173986435,0.0
resnet50,airplane10-cat2.png,airplane,cat,texture,285,Egyptian_cat,cat,5.054678808846802e-08,0.05720430240035057,0.0
resnet50,airplane10-dog3.png,airplane,dog,texture,215,Brittany_spaniel,dog,8.275253640022129e-05,0.006123778875917196,0.0
resnet50,airplane10-elephant1.png,airplane,elephant,texture,386,African_elephant,elephant,1.4375522106035987e-08,0.4819730520248413,0.0
resnet50,airplane10-knife3.png,airplane,knife,texture,813,spatula,knife,2.946059794339817e-05,0.02779797464609146,0.0
resnet50,airplane10-oven2.png,airplane,oven,texture,760,refrigerator,oven,0.000632661278359592,0.015904853120446205,0.0
resnet50,airplane10-truck1.png,airplane,truck,neither,971,bubble,car,5.561684247368248e-06,0.007004769053310156,0.23875485360622406
resnet50,airplane2-bear1.png,airplane,bear,texture,294,brown_bear,bear,0.00022868483210913837,0.11272881180047989,0.0
resnet50,airplane2-bicycle1.png,airplane,bicycle,texture,665,moped,bicycle,4.556730800686637e-06,0.043672628700733185,0.0
resnet50,airplane2-bird3.png,airplane,bird,neither,94,hummingbird,oven,1.1209996046090964e-05,0.00448242761194706,0.08199532330036163
resnet50,airplane2-bottle1.png,airplane,bottle,texture,711,perfume,bottle,1.0796066263196735e-08,0.0026974875945597887,0.0
resnet50,airplane2-cat1.png,airplane,cat,texture,273,dingo,cat,2.6452304155100137e-05,0.007205270696431398,0.0
resnet50,airplane2-dog1.png,airplane,dog,texture,299,meerkat,dog,1.8036951587419026e-05,0.0030020116828382015,0.0
resnet50,airplane3-car1.png,airplane,car,neither,709,pencil_box,bottle,2.5034378268173896e-06,0.0006660910439677536,0.2110179215669632
resnet50,airplane3-cat1.png,airplane,cat,neither,219,cocker_spaniel,dog,3.7076508306199685e-05,0.005160721484571695,0.35634416341781616
resnet50,airplane3-chair3.png,airplane,chair,neither,876,tub,boat,0.00010305681644240394,0.0005183424800634384,0.18755973875522614
resnet50,airplane3-clock1.png,airplane,clock,texture,892,wall_clock,clock,1.7860477328213165e-06,0.16260960698127747,0.0
resnet50,airplane3-dog1.png,airplane,dog,texture,216,clumber,dog,8.010406418179628e-06,0.005439317785203457,0.0
resnet50,airplane3-elephant1.png,airplane,elephant,texture,386,African_elephant,elephant,4.08428775244829e-08,0.4007291793823242,0.0
resnet50,airplane3-keyboard2.png,airplane,keyboard,texture,592,hard_disc,keyboard,3.067994475713931e-05,0.0015520978486165404,0.0
resnet50,airplane3-oven1.png,airplane,oven,texture,651,microwave,oven,3.549265238689259e-05,0.001406799885444343,0.0
resnet50,airplane4-bear3.png,airplane,bear,texture,360,otter,bear,2.6658324713935144e-05,0.06610273569822311,0.0
resnet50,airplane4-bicycle2.png,airplane,bicycle,neither,791,shopping_cart,bottle,3.478948684687566e-08,5.940587288932875e-05,0.9739658236503601
resnet50,airplane4-bird3.png,airplane,bird,neither,107,jellyfish,oven,1.0105788987857522e-06,0.000755036948248744,0.23273083567619324
resnet50,airplane4-boat3.png,airplane,boat,texture,971,bubble,boat,1.194155356643023e-05,0.0007176431245170534,0.0
resnet50,airplane4-bottle1.png,airplane,bottle,texture,711,perfume,bottle,2.5799131719850266e-08,0.05254874750971794,0.0
resnet50,airplane4-car1.png,airplane,car,neither,865,toyshop,bottle,2.2787428406445542e-06,5.155635517439805e-05,0.21013768017292023
resnet50,airplane4-cat3.png,airplane,cat,texture,76,tarantula,cat,3.312069111416349e-06,0.0022724017035216093,0.0
resnet50,airplane4-dog2.png,airplane,dog,texture,216,clumber,dog,2.8857502911705524e-06,0.0052292682230472565,0.0
resnet50,airplane4-elephant1.png,airplane,elephant,texture,386,African_elephant,elephant,6.214591063979924e-09,0.46844756603240967,0.0
resnet50,airplane4-keyboard3.png,airplane,keyboard,neither,592,hard_disc,bottle,3.2499497137905564e-06,0.00023150272318162024,0.8619735836982727
resnet50,airplane4-knife1.png,airplane,knife,neither,898,water_bottle,bottle,4.039984560222365e-05,0.001085770083591342,0.14036338031291962
resnet50,airplane4-truck2.png,airplane,truck,neither,581,grille,car,9.939249139279127e-06,0.021878639236092567,0.5322951674461365
resnet50,airplane5-bear2.png,airplane,bear,texture,296,ice_bear,bear,0.0005956225795671344,0.12488103657960892,0.0
resnet50,airplane5-bicycle1.png,airplane,bicycle,neither,788,shoe_shop,car,6.428352207876742e-05,0.000901907158549875,0.3268868923187256
resnet50,airplane5-bird2.png,airplane,bird,texture,137,American_coot,bird,1.7565193957125302e-06,0.017589572817087173,0.0
resnet50,airplane5-boat3.png,airplane,boat,shape,871,trimaran,airplane,0.0032615335658192635,0.0008307572570629418,0.0
resnet50,airplane5-bottle3.png,airplane,bottle,texture,737,pop_bottle,bottle,9.942139472807199e-11,0.1425582617521286,0.0
resnet50,airplane5-chair3.png,airplane,chair,texture,762,restaurant,chair,0.0012758669909089804,0.0030008386820554733,0.0
resnet50,airplane5-dog3.png,airplane,dog,neither,207,golden_retriever,bear,9.565289656165987e-05,0.005522932391613722,0.34791186451911926
resnet50,airplane5-knife1.png,airplane,knife,neither,696,paintbrush,truck,7.0158898779482115e-06,0.005692840553820133,0.3204024136066437
resnet50,airplane5-oven3.png,airplane,oven,texture,480,cash_machine,oven,2.7853590722770605e-07,4.7487719712080434e-05,0.0
resnet50,airplane6-bear3.png,airplane,bear,texture,294,brown_bear,bear,5.402651368058287e-06,0.1171393170952797,0.0
resnet50,airplane6-bottle2.png,airplane,bottle,texture,711,perfume,bottle,7.006967450706725e-08,0.03420812264084816,0.0
resnet50,airplane6-chair3.png,airplane,chair,neither,730,plow,boat,0.00040387059561908245,0.00024129432858899236,0.24602796137332916
resnet50,airplane6-keyboard3.png,airplane,keyboard,neither,898,water_bottle,bottle,1.13206660898868e-05,0.00020762230269610882,0.22566092014312744
resnet50,airplane6-knife1.png,airplane,knife,neither,696,paintbrush,bottle,2.360014150326606e-05,0.000928454683162272,0.1636907309293747
resnet50,airplane7-bird3.png,airplane,bird,neither,107,jellyfish,knife,4.693825303547783e-06,0.000261907436652109,0.23372817039489746
resnet50,airplane7-boat2.png,airplane,boat,texture,536,dock,boat,0.00012559755123220384,0.020984966307878494,0.0
resnet50,airplane7-bottle3.png,airplane,bottle,texture,737,pop_bottle,bottle,1.4968078332344703e-08,0.11615776270627975,0.0
resnet50,airplane7-car1.png,airplane,car,neither,865,toyshop,boat,7.753586032777093e-06,0.00018844300939235836,0.33259865641593933
resnet50,airplane7-cat3.png,airplane,cat,texture,365,orangutan,cat,1.4568969163519796e-05,0.002249121433123946,0.0
resnet50,airplane7-clock3.png,airplane,clock,neither,847,tank,bottle,1.4603181170969037e-06,0.0031648718286305666,0.12322171032428741
resnet50,airplane7-keyboard1.png,airplane,keyboard,neither,592,hard_disc,bottle,1.8653654478839599e-06,0.0062964726239442825,0.11561764776706696
resnet50,airplane7-truck1.png,airplane,truck,neither,711,perfume,bottle,1.3184823899337061e-07,0.00023436064657289535,0.7518805265426636
resnet50,airplane8-bicycle3.png,airplane,bicycle,neither,509,confectionery,bottle,2.275751967317774e-06,0.00017665361519902945,0.28470584750175476
resnet50,airplane8-bird1.png,airplane,bird,neither,17,jay,bottle,1.503760358900763e-06,0.0004962653620168567,0.8857519626617432
resnet50,airplane8-chair1.png,airplane,chair,neither,511,convertible,car,5.2678144129458815e-05,0.0014416563790291548,0.35339194536209106
resnet50,airplane8-clock2.png,airplane,clock,neither,719,piggy_bank,bottle,2.9984621505718678e-05,0.0007888796390034258,0.8271073698997498
resnet50,airplane8-elephant3.png,airplane,elephant,texture,386,African_elephant,elephant,1.444295349983804e-09,0.4353039264678955,0.0
resnet50,airplane8-oven2.png,airplane,oven,texture,651,microwave,oven,1.8836072968042572e-06,0.0062800985760986805,0.0
resnet50,airplane8-truck3.png,airplane,truck,neither,468,cab,car,0.00012932771642226726,0.011794048361480236,0.37962082028388977
resnet50,airplane9-boat1.png,airplane,boat,texture,871,trimaran,boat,0.00037277312367223203,0.00553139578551054,0.0
resnet50,airplane9-car2.png,airplane,car,neither,709,pencil_box,bottle,3.626052375693689e-06,0.0007536786724813282,0.21703141927719116
resnet50,airplane9-clock1.png,airplane,clock,texture,892,wall_clock,clock,6.983850653341506e-08,0.07969558984041214,0.0
resnet50,airplane9-keyboard2.png,airplane,keyboard,neither,592,hard_disc,bottle,0.00013466464588418603,0.00255299243144691,0.1494055986404419
resnet50,airplane9-knife3.png,airplane,knife,texture,477,carpenter's_kit,knife,4.205812729196623e-07,0.016982678323984146,0.0
resnet50,airplane9-oven2.png,airplane,oven,texture,760,refrigerator,oven,1.5007129150035325e-05,0.0444834902882576,0.0
resnet50,airplane9-truck1.png,airplane,truck,neither,711,perfume,bottle,1.053449636856385e-06,0.0007610825705341995,0.4918803870677948
resnet50,bear1-airplane3.png,bear,airplane,neither,898,water_bottle,bottle,0.0009252761374227703,0.0007420876063406467,0.17175842821598053
resnet50,bear1-bicycle3.png,bear,bicycle,neither,973,coral_reef,chair,4.332283424446359e-05,8.949173206929117e-05,0.0938163623213768
resnet50,bear1-bird2.png,bear,bird,shape,360,otter,bear,0.023944774642586708,0.0010070741409435868,0.0
resnet50,bear1-chair2.png,bear,chair,texture,624,library,chair,4.2261253838660195e-05,0.018192283809185028,0.0
resnet50,bear1-clock2.png,bear,clock,texture,643,mask,clock,6.014928203512682e-06,0.0041663758456707,0.0
resnet50,bear1-elephant1.png,bear,elephant,texture,386,African_elephant,elephant,1.3352810412925464e-07,0.44038939476013184,0.0
resnet50,bear10-bottle1.png,bear,bottle,texture,695,padlock,bottle,1.879275117744328e-07,0.009387739934027195,0.0
resnet50,bear10-car2.png,bear,car,neither,788,shoe_shop,boat,6.39219820186554e-07,0.0003089894016738981,0.2598506212234497
resnet50,bear10-cat2.png,bear,cat,texture,299,meerkat,cat,1.399771349497314e-06,0.0030889948830008507,0.0
resnet50,bear10-chair2.png,bear,chair,texture,762,restaurant,chair,5.997658081469126e-05,0.014682983048260212,0.0
resnet50,bear10-clock1.png,bear,clock,texture,611,jigsaw_puzzle,clock,1.9344497559359297e-06,0.024791613221168518,0.0
resnet50,bear10-elephant1.png,bear,elephant,texture,386,African_elephant,elephant,1.3850079483290756e-07,0.45910224318504333,0.0
resnet50,bear10-keyboard3.png,bear,keyboard,neither,518,crash_helmet,bottle,7.856538286432624e-05,0.0008400583174079657,0.1438765674829483
resnet50,bear10-knife2.png,bear,knife,neither,696,paintbrush,bottle,8.693680229043821e-07,0.0032631440553814173,0.6587939858436584
resnet50,bear10-oven1.png,bear,oven,texture,713,photocopier,oven,7.032498956505151e-07,0.001844497979618609,0.0
resnet50,bear10-truck1.png,bear,truck,neither,692,packet,car,8.872198122844566e-06,0.007222607731819153,0.08310290426015854
resnet50,bear2-airplane1.png,bear,airplane,neither,895,warplane,boat,6.071558686926437e-07,0.0009423565352335572,0.6174095869064331
resnet50,bear2-bird3.png,bear,bird,neither,345,ox,oven,0.0012992497067898512,0.000607802183367312,0.2903044521808624
resnet50,bear2-car2.png,bear,car,neither,518,crash_helmet,bottle,8.255044576799264e-07,0.0008397088968195021,0.3163471221923828
resnet50,bear2-cat2.png,bear,cat,texture,299,meerkat,cat,9.013409726321697e-05,0.002306912560015917,0.0
resnet50,bear2-dog1.png,bear,dog,shape,298,mongoose,bear,0.005620893556624651,0.001793833915144205,0.0
resnet50,bear2-elephant1.png,bear,elephant,texture,386,African_elephant,elephant,1.3066950543816347e-07,0.4136192202568054,0.0
resnet50,bear2-keyboard2.png,bear,keyboard,texture,876,tub,keyboard,2.478200985933654e-05,0.010066472925245762,0.0
resnet50,bear2-knife2.png,bear,knife,neither,692,packet,bottle,2.8831329473177902e-05,0.010214099660515785,0.07688640058040619
resnet50,bear2-oven1.png,bear,oven,neither,742,printer,keyboard,8.734983936165008e-08,0.0003434140235185623,0.6410908102989197
resnet50,bear3-airplane1.png,bear,airplane,texture,403,aircraft_carrier,airplane,2.8880055680247096e-08,8.166594489011914e-05,0.0
resnet50,bear3-bicycle2.png,bear,bicycle,texture,791,shopping_cart,bicycle,1.4187434560497536e-09,1.8036083929473534e-05,0.0
resnet50,bear3-bird3.png,bear,bird,neither,396,lionfish,oven,3.981569898314774e-05,0.0011759805493056774,0.24326775968074799
resnet50,bear3-car2.png,bear,car,neither,788,shoe_shop,bottle,6.992564749452868e-07,0.0006231612642295659,0.16442358493804932
resnet50,bear3-cat1.png,bear,cat,shape,213,Irish_setter,bear,0.04721047729253769,0.012078157626092434,0.0
resnet50,bear3-chair2.png,bear,chair,texture,765,rocking_chair,chair,3.471426907708519e-06,0.07071826606988907,0.0
resnet50,bear3-dog3.png,bear,dog,texture,255,Leonberg,dog,0.0007361944881267846,0.007438897620886564,0.0
resnet50,bear3-keyboard2.png,bear,keyboard,texture,686,oil_filter,keyboard,5.30927864019759e-05,0.05622827634215355,0.0
resnet50,bear3-truck3.png,bear,truck,neither,468,cab,chair,4.661971615860239e-06,0.003249705769121647,0.14121507108211517
resnet50,bear4-boat2.png,bear,boat,texture,625,lifeboat,boat,3.97071289626183e-07,0.1669325977563858,0.0
resnet50,bear4-car3.png,bear,car,texture,670,motor_scooter,car,5.266124844638398e-06,0.06389515846967697,0.0
resnet50,bear4-cat3.png,bear,cat,texture,373,macaque,cat,0.00010519912029849365,0.0020821618381887674,0.0
resnet50,bear4-clock3.png,bear,clock,texture,535,disk_brake,clock,6.330237283691531e-06,0.0026712685357779264,0.0
resnet50,bear4-elephant2.png,bear,elephant,texture,385,Indian_elephant,elephant,9.816762030823156e-06,0.4605312943458557,0.0
resnet50,bear4-keyboard3.png,bear,keyboard,neither,473,can_opener,bottle,1.175056786451023e-05,0.0005813739262521267,0.43611034750938416
resnet50,bear4-knife1.png,bear,knife,texture,696,paintbrush,knife,2.371869413764216e-05,0.006133639253675938,0.0
resnet50,bear4-oven2.png,bear,oven,texture,760,refrigerator,oven,4.054162218380952e-06,0.047090720385313034,0.0
resnet50,bear4-truck3.png,bear,truck,neither,468,cab,car,4.772766988025978e-05,0.00515747768804431,0.30165451765060425
resnet50,bear5-airplane3.png,bear,airplane,neither,865,toyshop,bottle,0.0003484171174932271,0.003339161863550544,0.12842346727848053
resnet50,bear5-bicycle3.png,bear,bicycle,neither,772,safety_pin,chair,3.968957389588468e-05,0.00021025241585448384,0.12817920744419098
resnet50,bear5-bird1.png,bear,bird,texture,13,junco,bird,0.0005441436660476029,0.011917416006326675,0.0
resnet50,bear5-boat2.png,bear,boat,texture,625,lifeboat,boat,4.528621388999454e-07,0.1271032840013504,0.0
resnet50,bear5-bottle1.png,bear,bottle,texture,788,shoe_shop,bottle,2.5046989549082355e-07,0.00063128030160442,0.0
resnet50,bear5-chair1.png,bear,chair,neither,515,cowboy_hat,car,1.5347872249549255e-05,0.0023220821749418974,0.1638062745332718
resnet50,bear5-oven3.png,bear,oven,neither,480,cash_machine,knife,5.025039513384399e-07,0.00014460174134001136,0.6407784819602966
resnet50,bear6-bird2.png,bear,bird,texture,394,sturgeon,bird,0.00045888058957643807,0.0006976669537834823,0.0
resnet50,bear6-boat3.png,bear,boat,neither,562,fountain,chair,6.252810271689668e-05,0.000456235051387921,0.606563925743103
resnet50,bear6-bottle3.png,bear,bottle,texture,737,pop_bottle,bottle,4.999283209627947e-10,0.14200414717197418,0.0
resnet50,bear6-car2.png,bear,car,neither,714,pick,bottle,6.652975912402326e-07,0.0006842465954832733,0.30350932478904724
resnet50,bear6-cat3.png,bear,cat,texture,299,meerkat,cat,3.661148002720438e-05,0.012121745385229588,0.0
resnet50,bear6-chair1.png,bear,chair,neither,575,golfcart,car,6.194158004291239e-07,0.0002501988783478737,0.6549564003944397
resnet50,bear6-clock1.png,bear,clock,texture,611,jigsaw_puzzle,clock,6.783758976780518e-07,0.011105363257229328,0.0
resnet50,bear7-bicycle2.png,bear,bicycle,texture,791,shopping_cart,bicycle,1.694423872322659e-06,0.00583850871771574,0.0
resnet50,bear7-clock1.png,bear,clock,texture,892,wall_clock,clock,3.4508730095694773e-07,0.1744561344385147,0.0
resnet50,bear7-dog3.png,bear,dog,shape,213,Irish_setter,bear,0.04429863765835762,0.004271132871508598,0.0
resnet50,bear7-oven3.png,bear,oven,neither,480,cash_machine,truck,4.808573450532094e-08,0.0002082443970721215,0.9270607829093933
resnet50,bear7-truck1.png,bear,truck,neither,581,grille,chair,6.857168955320958e-06,0.001398866530507803,0.39396247267723083
resnet50,bear8-airplane1.png,bear,airplane,neither,403,aircraft_carrier,boat,2.6868891112030724e-08,4.380318569019437e-05,0.4862426221370697
resnet50,bear8-bicycle3.png,bear,bicycle,neither,509,confectionery,knife,6.16895795246819e-06,1.1688396625686437e-05,0.31748101115226746
resnet50,bear8-boat2.png,bear,boat,texture,625,lifeboat,boat,1.9918040834454587e-06,0.1430206000804901,0.0
resnet50,bear8-bottle1.png,bear,bottle,neither,788,shoe_shop,clock,1.1985002856818028e-07,0.0005711085395887494,0.7466908693313599
resnet50,bear8-dog1.png,bear,dog,shape,298,mongoose,bear,0.01682225987315178,0.0035146642476320267,0.0
resnet50,bear8-elephant2.png,bear,elephant,texture,385,Indian_elephant,elephant,7.0799951572553255e-06,0.4739694595336914,0.0
resnet50,bear8-knife3.png,bear,knife,texture,477,carpenter's_kit,knife,1.208713797495875e-06,0.0029729304369539022,0.0
resnet50,bear8-truck3.png,bear,truck,texture,468,cab,truck,8.80962033988908e-06,0.010697053745388985,0.0
resnet50,bear9-boat2.png,bear,boat,texture,625,lifeboat,boat,7.659363632228633e-08,0.17762376368045807,0.0
resnet50,bear9-bottle2.png,bear,bottle,texture,737,pop_bottle,bottle,4.5303774620641946e-11,0.14221441745758057,0.0
resnet50,bear9-dog1.png,bear,dog,shape,298,mongoose,bear,0.03991204872727394,0.0012608679244294763,0.0
resnet50,bear9-keyboard3.png,bear,keyboard,texture,487,cellular_telephone,keyboard,1.1566124157980084e-05,0.06313680112361908,0.0
resnet50,bear9-knife2.png,bear,knife,neither,696,paintbrush,bottle,5.859469183633337e-06,0.003658327041193843,0.34389838576316833
resnet50,bicycle1-airplane2.png,bicycle,airplane,neither,837,sunglasses,car,0.0017825451213866472,0.0011693709529936314,0.23945371806621552
resnet50,bicycle1-bear1.png,bicycle,bear,neither,76,tarantula,cat,2.0850573491770774e-05,0.01051142904907465,0.19998735189437866
resnet50,bicycle1-bird1.png,bicycle,bird,neither,17,jay,bottle,0.00015933625400066376,0.001519643235951662,0.6288598775863647
resnet50,bicycle1-boat3.png,bicycle,boat,neither,897,washer,clock,0.00429590605199337,9.003291779663414e-05,0.1504463255405426
resnet50,bicycle1-bottle3.png,bicycle,bottle,neither,635,magnetic_compass,clock,0.009539862163364887,0.006255334708839655,0.6303275227546692
resnet50,bicycle1-chair1.png,bicycle,chair,neither,575,golfcart,car,4.145413186051883e-05,0.013244899921119213,0.5618641376495361
resnet50,bicycle1-clock3.png,bicycle,clock,texture,826,stopwatch,clock,0.0001203851425088942,0.11496075242757797,0.0
resnet50,bicycle1-dog3.png,bicycle,dog,neither,212,English_setter,cat,0.00013183377450332046,0.0020140274427831173,0.06438514590263367
resnet50,bicycle1-elephant2.png,bicycle,elephant,texture,385,Indian_elephant,elephant,8.954634722613264e-07,0.4791068732738495,0.0
resnet50,bicycle1-knife3.png,bicycle,knife,neither,813,spatula,chair,0.0007703133742325008,0.000979689066298306,0.30011096596717834
resnet50,bicycle1-oven1.png,bicycle,oven,texture,633,loupe,oven,7.602620462421328e-05,0.006987367756664753,0.0
resnet50,bicycle1-truck1.png,bicycle,truck,neither,711,perfume,bottle,0.0001503178646089509,0.0011662947945296764,0.2310214787721634
resnet50,bicycle10-airplane2.png,bicycle,airplane,neither,518,crash_helmet,car,0.0002769873826764524,0.0009407304460182786,0.5600898265838623
resnet50,bicycle10-boat3.png,bicycle,boat,shape,865,toyshop,bicycle,0.0036255531013011932,0.0005276105948723853,0.0
resnet50,bicycle10-clock2.png,bicycle,clock,texture,892,wall_clock,clock,0.00014004504191689193,0.12442097812891006,0.0
resnet50,bicycle10-dog3.png,bicycle,dog,neither,397,puffer,bear,9.77022045844933e-06,0.001125205191783607,0.2471545934677124
resnet50,bicycle10-elephant2.png,bicycle,elephant,texture,385,Indian_elephant,elephant,0.000273293349891901,0.39082014560699463,0.0
resnet50,bicycle2-bird3.png,bicycle,bird,shape,880,unicycle,bicycle,0.009711500257253647,5.881510514882393e-05,0.0
resnet50,bicycle2-bottle1.png,bicycle,bottle,neither,695,padlock,clock,0.00022710018674843013,0.016339611262083054,0.27377238869667053
resnet50,bicycle2-car2.png,bicycle,car,neither,784,screwdriver,bottle,0.0003363181895110756,0.00011149275087518618,0.20964904129505157
resnet50,bicycle2-dog1.png,bicycle,dog,texture,299,meerkat,dog,5.551505637413356e-07,0.0006214380846358836,0.0
resnet50,bicycle2-keyboard2.png,bicycle,keyboard,neither,592,hard_disc,bottle,1.2580509064719081e-05,0.0001895214372780174,0.2644388675689697
resnet50,bicycle2-knife2.png,bicycle,knife,texture,696,paintbrush,knife,4.540025474852882e-05,0.014239935204386711,0.0
resnet50,bicycle3-bird1.png,bicycle,bird,neither,17,jay,bottle,4.707133848569356e-05,0.0023881602101027966,0.44310474395751953
resnet50,bicycle3-elephant2.png,bicycle,elephant,texture,386,African_elephant,elephant,3.921232564607635e-05,0.44724738597869873,0.0
resnet50,bicycle3-keyboard1.png,bicycle,keyboard,neither,783,screw,clock,0.0003755108918994665,0.00014656408166047186,0.36722955107688904
resnet50,bicycle3-oven3.png,bicycle,oven,texture,760,refrigerator,oven,1.331304338236805e-05,0.0032222664449363947,0.0
resnet50,bicycle3-truck3.png,bicycle,truck,neither,760,refrigerator,bottle,0.00024188368115574121,0.003511883318424225,0.13648739457130432
resnet50,bicycle4-airplane1.png,bicycle,airplane,neither,403,aircraft_carrier,clock,7.71181657910347e-05,0.0002770739665720612,0.5183048248291016
resnet50,bicycle4-boat1.png,bicycle,boat,shape,536,dock,bicycle,0.03026585653424263,0.003979116678237915,0.0
resnet50,bicycle4-bottle1.png,bicycle,bottle,neither,455,bottlecap,clock,7.2186553552455734e-06,0.0002539004781283438,0.9290735721588135
resnet50,bicycle4-car2.png,bicycle,car,shape,898,water_bottle,bicycle,0.019549425691366196,0.0004757469578180462,0.0
resnet50,bicycle4-cat1.png,bicycle,cat,texture,286,cougar,cat,8.413790783379227e-05,0.05090005695819855,0.0
resnet50,bicycle4-chair2.png,bicycle,chair,texture,454,bookshop,chair,0.0007129480945877731,0.009176857769489288,0.0
resnet50,bicycle4-clock3.png,bicycle,clock,texture,535,disk_brake,clock,3.873110472341068e-05,0.029104745015501976,0.0
resnet50,bicycle4-keyboard3.png,bicycle,keyboard,neither,592,hard_disc,clock,8.114419324556366e-05,0.0003658933856058866,0.16763801872730255
resnet50,bicycle4-knife3.png,bicycle,knife,texture,587,hammer,knife,0.0004641992272809148,0.0031838794238865376,0.0
resnet50,bicycle4-oven3.png,bicycle,oven,neither,480,cash_machine,truck,1.8166277868658653e-06,0.00024900087737478316,0.8727410435676575
resnet50,bicycle4-truck3.png,bicycle,truck,texture,670,motor_scooter,truck,0.00017745007062330842,0.014573274180293083,0.0
resnet50,bicycle5-bear1.png,bicycle,bear,neither,354,Arabian_camel,cat,8.587472621002235e-06,0.00046449125511571765,0.6181015372276306
resnet50,bicycle5-bottle3.png,bicycle,bottle,shape,635,magnetic_compass,bicycle,0.036336321383714676,0.008649257943034172,0.0
resnet50,bicycle5-car3.png,bicycle,car,shape,665,moped,bicycle,0.05232600122690201,0.030258269980549812,0.0
resnet50,bicycle5-cat1.png,bicycle,cat,texture,971,bubble,cat,5.1921975682489574e-05,0.0044698952697217464,0.0
resnet50,bicycle5-chair2.png,bicycle,chair,texture,562,fountain,chair,0.0013189484598115087,0.00528681231662631,0.0
resnet50,bicycle5-dog2.png,bicycle,dog,texture,218,Welsh_springer_spaniel,dog,8.11783320386894e-05,0.00433777691796422,0.0
resnet50,bicycle5-elephant1.png,bicycle,elephant,texture,386,African_elephant,elephant,0.000252414436545223,0.13948124647140503,0.0
resnet50,bicycle5-keyboard3.png,bicycle,keyboard,neither,745,projector,clock,1.321595482295379e-05,0.00010512903099879622,0.40720781683921814
resnet50,bicycle5-oven3.png,bicycle,oven,neither,757,recreational_vehicle,truck,8.176994015229866e-08,0.0004864160146098584,0.4800387918949127
resnet50,bicycle6-airplane2.png,bicycle,airplane,neither,751,racer,car,6.345340807456523e-05,0.0006509615341201425,0.19059978425502777
resnet50,bicycle6-boat2.png,bicycle,boat,texture,625,lifeboat,boat,0.002136886352673173,0.042450834065675735,0.0
resnet50,bicycle6-car2.png,bicycle,car,neither,714,pick,bottle,0.00011962003191001713,0.0013706684112548828,0.15825136005878448
resnet50,bicycle6-cat1.png,bicycle,cat,neither,207,golden_retriever,dog,1.011560652841581e-05,0.004196070600301027,0.20055006444454193
resnet50,bicycle6-dog2.png,bicycle,dog,texture,216,clumber,dog,3.382610202606884e-06,0.00801023282110691,0.0
resnet50,bicycle7-bear2.png,bicycle,bear,neither,360,otter,elephant,2.1530700905714184e-05,0.00785696692764759,0.16969281435012817
resnet50,bicycle7-cat1.png,bicycle,cat,neither,365,orangutan,dog,3.781502164201811e-05,0.002810436300933361,0.22618958353996277
resnet50,bicycle7-clock3.png,bicycle,clock,texture,826,stopwatch,clock,4.3370338971726596e-05,0.04175357148051262,0.0
resnet50,bicycle7-elephant2.png,bicycle,elephant,texture,386,African_elephant,elephant,3.944604395655915e-05,0.39949434995651245,0.0
resnet50,bicycle7-knife2.png,bicycle,knife,neither,635,magnetic_compass,clock,0.009252738207578659,0.0016910056583583355,0.44430696964263916
resnet50,bicycle7-oven1.png,bicycle,oven,neither,760,refrigerator,knife,1.7696609575068578e-05,0.0019495816668495536,0.16772283613681793
resnet50,bicycle7-truck3.png,bicycle,truck,neither,861,toilet_seat,bottle,9.909001528285444e-05,0.000354719435563311,0.21394126117229462
resnet50,bicycle8-bear2.png,bicycle,bear,texture,360,otter,bear,0.00023039427469484508,0.02723957598209381,0.0
resnet50,bicycle8-bird2.png,bicycle,bird,shape,671,mountain_bike,bicycle,0.48634102940559387,1.7956556064291362e-07,0.0
resnet50,bicycle8-boat1.png,bicycle,boat,shape,444,bicycle-built-for-two,bicycle,0.23850995302200317,0.0001241581339854747,0.0
resnet50,bicycle8-chair2.png,bicycle,chair,shape,562,fountain,bicycle,0.005698851775377989,0.0018735412741079926,0.0
resnet50,bicycle8-clock3.png,bicycle,clock,texture,826,stopwatch,clock,0.00022569176508113742,0.07067147642374039,0.0
resnet50,bicycle8-truck1.png,bicycle,truck,shape,665,moped,bicycle,0.005834953859448433,0.00021671733702532947,0.0
resnet50,bicycle9-airplane2.png,bicycle,airplane,neither,518,crash_helmet,car,0.0028861514292657375,5.989885175949894e-05,0.48245710134506226
resnet50,bicycle9-bear1.png,bicycle,bear,neither,299,meerkat,cat,5.117348109706654e-07,0.0006719858502037823,0.8870833516120911
resnet50,bicycle9-bird3.png,bicycle,bird,neither,880,unicycle,clock,0.00614068191498518,3.725981878233142e-05,0.4181949198246002
resnet50,bicycle9-bottle1.png,bicycle,bottle,neither,892,wall_clock,clock,0.0004024184599984437,0.0011051901383325458,0.658021092414856
resnet50,bicycle9-car1.png,bicycle,car,texture,837,sunglasses,car,0.0009448023047298193,0.002741940086707473,0.0
resnet50,bicycle9-cat3.png,bicycle,cat,neither,1,goldfish,clock,2.4679486159584485e-05,0.0008447673171758652,0.13079188764095306
resnet50,bicycle9-chair1.png,bicycle,chair,neither,575,golfcart,car,0.00021739125077147037,0.006056490819901228,0.4299785792827606
resnet50,bicycle9-keyboard3.png,bicycle,keyboard,neither,473,can_opener,bottle,1.3142045645508915e-05,0.00043193891178816557,0.30391407012939453
resnet50,bicycle9-knife3.png,bicycle,knife,neither,788,shoe_shop,clock,0.00012783495185431093,0.0004144918639212847,0.19153039157390594
resnet50,bird1-airplane2.png,bird,airplane,neither,802,snowmobile,car,9.516636964690406e-06,4.5671786210732535e-05,0.48607543110847473
resnet50,bird1-bear1.png,bird,bear,texture,294,brown_bear,bear,0.00017029204173013568,0.18557420372962952,0.0
resnet50,bird1-bicycle2.png,bird,bicycle,texture,791,shopping_cart,bicycle,8.34353340906091e-06,0.00034683322883211076,0.0
resnet50,bird1-boat1.png,bird,boat,texture,592,hard_disc,boat,5.722019068343798e-06,0.027979150414466858,0.0
resnet50,bird1-chair2.png,bird,chair,texture,762,restaurant,chair,1.0282031325914431e-05,0.009475508704781532,0.0
resnet50,bird1-clock3.png,bird,clock,texture,892,wall_clock,clock,7.467653176718159e-06,0.0507243387401104,0.0
resnet50,bird1-elephant2.png,bird,elephant,texture,385,Indian_elephant,elephant,2.1197689648033702e-07,0.48206841945648193,0.0
resnet50,bird1-keyboard3.png,bird,keyboard,neither,473,can_opener,bottle,7.488639676012099e-05,0.0003889559884555638,0.13800287246704102
resnet50,bird1-knife3.png,bird,knife,neither,606,iron,bottle,0.0004976055352017283,0.0012886365875601768,0.17177481949329376
resnet50,bird1-oven1.png,bird,oven,texture,859,toaster,oven,1.0512746484891977e-05,0.0021732270251959562,0.0
resnet50,bird1-truck1.png,bird,truck,neither,898,water_bottle,bottle,7.373070729954634e-06,9.443653107155114e-05,0.41972434520721436
resnet50,bird10-bear2.png,bird,bear,texture,296,ice_bear,bear,0.0013214867794886231,0.17002810537815094,0.0
resnet50,bird10-bicycle1.png,bird,bicycle,texture,412,ashcan,bicycle,3.06947149510961e-05,0.026662785559892654,0.0
resnet50,bird10-cat1.png,bird,cat,neither,213,Irish_setter,dog,8.187492494471371e-05,0.0005202702013775706,0.19727931916713715
resnet50,bird10-chair1.png,bird,chair,neither,575,golfcart,car,1.2369205251161475e-05,0.007056271657347679,0.400857537984848
resnet50,bird10-clock1.png,bird,clock,texture,892,wall_clock,clock,1.3639731832881807e-06,0.25899994373321533,0.0
resnet50,bird10-elephant2.png,bird,elephant,texture,385,Indian_elephant,elephant,2.6280815745849395e-07,0.48441973328590393,0.0
resnet50,bird2-airplane3.png,bird,airplane,texture,895,warplane,airplane,1.2620068446267396e-05,0.003242061473429203,0.0
resnet50,bird2-car3.png,bird,car,texture,468,cab,car,2.062920066236984e-05,0.05075541511178017,0.0
resnet50,bird2-clock3.png,bird,clock,neither,535,disk_brake,bottle,5.4727929637010675e-06,0.0011565281311050057,0.6788952946662903
resnet50,bird2-dog2.png,bird,dog,texture,212,English_setter,dog,2.3742838948237477e-06,0.009102716110646725,0.0
resnet50,bird2-knife1.png,bird,knife,texture,597,holster,knife,7.466173883585725e-06,0.026963967829942703,0.0
resnet50,bird3-bear3.png,bird,bear,texture,360,otter,bear,0.00018545266357250512,0.04873516038060188,0.0
resnet50,bird3-boat3.png,bird,boat,neither,971,bubble,truck,0.0005314646405167878,0.00017685318016447127,0.22719572484493256
resnet50,bird3-bottle2.png,bird,bottle,texture,711,perfume,bottle,2.698778622800546e-08,0.03909516707062721,0.0
resnet50,bird3-cat1.png,bird,cat,texture,213,Irish_setter,cat,0.000423947349190712,0.015887068584561348,0.0
resnet50,bird3-dog1.png,bird,dog,texture,298,mongoose,dog,1.648283978283871e-05,0.00048476026859134436,0.0
resnet50,bird3-knife3.png,bird,knife,texture,477,carpenter's_kit,knife,9.82755736913532e-05,0.0036887379828840494,0.0
resnet50,bird3-oven1.png,bird,oven,texture,760,refrigerator,oven,2.231012956599443e-07,0.00012781727127730846,0.0
resnet50,bird3-truck3.png,bird,truck,neither,760,refrigerator,car,4.31426742579788e-05,0.004033458419144154,0.22598275542259216
resnet50,bird4-airplane1.png,bird,airplane,neither,403,aircraft_carrier,clock,4.543959221336991e-06,0.0017800943460315466,0.4152683615684509
resnet50,bird4-bicycle2.png,bird,bicycle,texture,791,shopping_cart,bicycle,8.654889711579017e-07,0.00014596139953937382,0.0
resnet50,bird4-cat3.png,bird,cat,texture,76,tarantula,cat,4.816383807337843e-05,0.0005368055426515639,0.0
resnet50,bird4-clock1.png,bird,clock,texture,611,jigsaw_puzzle,clock,2.95348695544817e-06,0.047087643295526505,0.0
resnet50,bird4-dog3.png,bird,dog,texture,247,Saint_Bernard,dog,0.000187034354894422,0.007181643508374691,0.0
resnet50,bird5-airplane3.png,bird,airplane,texture,701,parachute,airplane,2.605780173325911e-05,0.03209026902914047,0.0
resnet50,bird5-bear3.png,bird,bear,texture,294,brown_bear,bear,0.0003606336540542543,0.14977575838565826,0.0
resnet50,bird5-bicycle1.png,bird,bicycle,texture,791,shopping_cart,bicycle,7.124259718693793e-05,0.012184016406536102,0.0
resnet50,bird5-car2.png,bird,car,neither,709,pencil_box,bottle,1.9350412912899628e-05,0.0011810839641839266,0.16274279356002808
resnet50,bird5-cat2.png,bird,cat,texture,299,meerkat,cat,0.00044715122203342617,0.028974367305636406,0.0
resnet50,bird5-chair1.png,bird,chair,neither,575,golfcart,car,1.379890090902336e-05,0.005068574566394091,0.45020216703414917
resnet50,bird5-dog2.png,bird,dog,texture,212,English_setter,dog,0.00023727465304546058,0.008244912140071392,0.0
resnet50,bird5-keyboard2.png,bird,keyboard,neither,898,water_bottle,bottle,1.5535115380771458e-05,0.0013918253825977445,0.21626660227775574
resnet50,bird5-oven3.png,bird,oven,texture,480,cash_machine,oven,2.666881300683599e-06,0.0014960174448788166,0.0
resnet50,bird5-truck2.png,bird,truck,texture,555,fire_engine,truck,7.3200458245992195e-06,0.10580485314130783,0.0
resnet50,bird6-airplane2.png,bird,airplane,neither,802,snowmobile,boat,6.67905987938866e-05,0.0011030536843463778,0.24715964496135712
resnet50,bird6-boat2.png,bird,boat,texture,625,lifeboat,boat,1.6571891592320753e-06,0.19083796441555023,0.0
resnet50,bird6-bottle3.png,bird,bottle,texture,737,pop_bottle,bottle,1.041957276015637e-08,0.14171305298805237,0.0
resnet50,bird6-car3.png,bird,car,neither,555,fire_engine,truck,1.543809412396513e-05,0.023050690069794655,0.44776132702827454
resnet50,bird6-elephant2.png,bird,elephant,texture,385,Indian_elephant,elephant,5.8160048865829594e-06,0.46713492274284363,0.0
resnet50,bird6-oven1.png,bird,oven,neither,891,waffle_iron,knife,1.6616322682239115e-05,0.0010517197661101818,0.2319166213274002
resnet50,bird6-truck2.png,bird,truck,neither,581,grille,car,3.1320174457505345e-05,0.02323642186820507,0.4112184941768646
resnet50,bird7-boat1.png,bird,boat,texture,625,lifeboat,boat,8.775197784416378e-06,0.07205788046121597,0.0
resnet50,bird7-bottle1.png,bird,bottle,texture,788,shoe_shop,bottle,1.3173043953429442e-06,0.020196303725242615,0.0
resnet50,bird7-car2.png,bird,car,neither,709,pencil_box,bottle,4.644590808311477e-05,0.00021215570450294763,0.09754614531993866
resnet50,bird7-cat3.png,bird,cat,texture,76,tarantula,cat,0.0008033265476115048,0.005763619672507048,0.0
resnet50,bird7-keyboard3.png,bird,keyboard,neither,745,projector,bottle,9.487086208537221e-05,0.0007844361243769526,0.2669561505317688
resnet50,bird7-knife2.png,bird,knife,texture,784,screwdriver,knife,2.2921980416867882e-05,0.01120745949447155,0.0
resnet50,bird7-oven3.png,bird,oven,texture,760,refrigerator,oven,2.052071977232117e-06,0.001339709386229515,0.0
resnet50,bird7-truck2.png,bird,truck,texture,555,fire_engine,truck,0.00012223361409269273,0.02744288556277752,0.0
resnet50,bird8-boat3.png,bird,boat,texture,865,toyshop,boat,8.688014349900186e-05,0.002349247457459569,0.0
resnet50,bird8-bottle1.png,bird,bottle,texture,711,perfume,bottle,2.042001824520412e-06,0.04312407970428467,0.0
resnet50,bird8-car2.png,bird,car,neither,709,pencil_box,boat,6.15040789853083e-06,0.00013096975453663617,0.4939456582069397
resnet50,bird8-chair1.png,bird,chair,neither,511,convertible,car,4.921311756334035e-06,0.0038260319270193577,0.4237087666988373
resnet50,bird8-clock1.png,bird,clock,texture,443,bib,clock,2.175313056795858e-06,0.028528543189167976,0.0
resnet50,bird8-elephant1.png,bird,elephant,texture,386,African_elephant,elephant,6.499605547105602e-07,0.43534427881240845,0.0
resnet50,bird8-keyboard2.png,bird,keyboard,neither,518,crash_helmet,bottle,0.0001315792032983154,0.0007513995515182614,0.29356202483177185
resnet50,bird8-knife2.png,bird,knife,texture,499,cleaver,knife,0.00013528605632018298,0.575106143951416,0.0
resnet50,bird9-bear3.png,bird,bear,texture,294,brown_bear,bear,1.6151108866324648e-05,0.16410890221595764,0.0
resnet50,bird9-bicycle3.png,bird,bicycle,neither,124,crayfish,bottle,0.00014807104889769107,8.947253081714734e-05,0.5262916088104248
resnet50,bird9-bottle3.png,bird,bottle,texture,591,handkerchief,bottle,0.00017128430772572756,0.017929812893271446,0.0
resnet50,bird9-chair1.png,bird,chair,neither,511,convertible,car,3.013260993611766e-06,0.001999185187742114,0.26382890343666077
resnet50,bird9-dog2.png,bird,dog,texture,212,English_setter,dog,5.05746220369474e-06,0.009115219116210938,0.0
resnet50,bird9-elephant2.png,bird,elephant,texture,386,African_elephant,elephant,4.172037279204233e-06,0.46579307317733765,0.0
resnet50,bird9-keyboard1.png,bird,keyboard,neither,696,paintbrush,bottle,0.0001589488674653694,0.00031694723293185234,0.12271164357662201
resnet50,boat1-bear1.png,boat,bear,neither,299,meerkat,cat,0.00034491473343223333,0.00908223818987608,0.31490665674209595
resnet50,boat1-bicycle2.png,boat,bicycle,neither,791,shopping_cart,bottle,6.933641998330131e-06,9.516478166915476e-05,0.48393043875694275
resnet50,boat1-bird3.png,boat,bird,texture,749,quill,bird,1.2972921467735432e-05,0.007544527295976877,0.0
resnet50,boat1-car2.png,boat,car,neither,898,water_bottle,bottle,0.00023758997849654406,0.00039618625305593014,0.10253825783729553
resnet50,boat1-chair3.png,boat,chair,shape,562,fountain,boat,0.006103855557739735,0.001767340349033475,0.0
resnet50,boat1-elephant3.png,boat,elephant,texture,386,African_elephant,elephant,3.2075817557597475e-09,0.4530772864818573,0.0
resnet50,boat1-keyboard3.png,boat,keyboard,neither,592,hard_disc,bottle,2.2992476260697003e-06,3.746451693587005e-05,0.908998966217041
resnet50,boat1-oven1.png,boat,oven,neither,760,refrigerator,knife,0.00014674104750156403,0.001078478409908712,0.4839878976345062
resnet50,boat1-truck3.png,boat,truck,texture,760,refrigerator,truck,0.0004951083683408797,0.018140533939003944,0.0
resnet50,boat10-bear3.png,boat,bear,texture,294,brown_bear,bear,3.931014362024143e-06,0.20574037730693817,0.0
resnet50,boat10-cat1.png,boat,cat,neither,207,golden_retriever,dog,0.0012534823035821319,0.0014650244265794754,0.21277065575122833
resnet50,boat10-oven1.png,boat,oven,neither,742,printer,car,3.520465179462917e-05,0.0005132019869051874,0.7006035447120667
resnet50,boat10-truck1.png,boat,truck,neither,581,grille,car,0.0009275315096601844,0.005462639033794403,0.3738436698913574
resnet50,boat2-airplane1.png,boat,airplane,neither,403,aircraft_carrier,clock,0.0006284197443164885,0.0036051517818123102,0.29966360330581665
resnet50,boat2-bear3.png,boat,bear,texture,360,otter,bear,1.7488698631495936e-06,0.0046241506934165955,0.0
resnet50,boat2-bird1.png,boat,bird,texture,17,jay,bird,2.0224628315190785e-05,0.0017057175282388926,0.0
resnet50,boat2-bottle2.png,boat,bottle,texture,711,perfume,bottle,1.1486498419088775e-09,0.006304690148681402,0.0
resnet50,boat2-keyboard1.png,boat,keyboard,neither,481,cassette,bottle,1.99773489839572e-06,0.0008113003568723798,0.11434625834226608
resnet50,boat2-oven3.png,boat,oven,texture,480,cash_machine,oven,2.1923970052739605e-05,0.005198849830776453,0.0
resnet50,boat3-airplane2.png,boat,airplane,neither,518,crash_helmet,car,0.0007268196204677224,0.0004769320657942444,0.2613416016101837
resnet50,boat3-bicycle2.png,boat,bicycle,neither,791,shopping_cart,bottle,3.5821540222968906e-06,0.0008787218248471618,0.5669552683830261
resnet50,boat3-car3.png,boat,car,texture,762,restaurant,car,0.0014060380635783076,0.015751665458083153,0.0
resnet50,boat3-cat3.png,boat,cat,texture,980,volcano,cat,0.00018799251120071858,0.027924587950110435,0.0
resnet50,boat3-chair3.png,boat,chair,neither,646,maze,bottle,0.0007498841150663793,0.00037036737194284797,0.09716032445430756
resnet50,boat3-clock3.png,boat,clock,texture,464,buckle,clock,1.5685556718381122e-05,0.003046600380912423,0.0
resnet50,boat3-dog3.png,boat,dog,texture,207,golden_retriever,dog,3.5200893762521446e-05,0.007375112734735012,0.0
resnet50,boat3-keyboard2.png,boat,keyboard,neither,592,hard_disc,bottle,1.42615363074583e-05,0.00018421350978314877,0.6732890009880066
resnet50,boat4-bicycle3.png,boat,bicycle,neither,509,confectionery,bottle,4.8362117013311945e-06,0.0002439981180941686,0.26267290115356445
resnet50,boat4-bird1.png,boat,bird,texture,17,jay,bird,6.097857840359211e-05,0.010932184755802155,0.0
resnet50,boat4-bottle2.png,boat,bottle,texture,711,perfume,bottle,5.623320475933724e-09,0.052518490701913834,0.0
resnet50,boat4-car3.png,boat,car,texture,817,sports_car,car,0.008458412252366543,0.13721947371959686,0.0
resnet50,boat4-chair2.png,boat,chair,neither,762,restaurant,bottle,0.0002426977443974465,0.0010626965668052435,0.5684666633605957
resnet50,boat4-dog2.png,boat,dog,texture,212,English_setter,dog,6.248610588954762e-05,0.00613475451245904,0.0
resnet50,boat4-elephant2.png,boat,elephant,texture,385,Indian_elephant,elephant,1.1294405339867808e-06,0.4692379832267761,0.0
resnet50,boat4-knife2.png,boat,knife,texture,696,paintbrush,knife,4.8175414121942595e-05,0.010612844489514828,0.0
resnet50,boat5-airplane1.png,boat,airplane,texture,895,warplane,airplane,0.00020851714361924678,0.0016289035556837916,0.0
resnet50,boat5-bicycle3.png,boat,bicycle,neither,791,shopping_cart,bottle,1.1946007361984812e-05,0.00038433275767602026,0.25688526034355164
resnet50,boat5-car3.png,boat,car,texture,817,sports_car,car,0.0015421176794916391,0.07860711216926575,0.0
resnet50,boat5-clock3.png,boat,clock,neither,464,buckle,bottle,3.13965356326662e-05,0.0026942698750644922,0.21540255844593048
resnet50,boat5-knife2.png,boat,knife,neither,893,wallet,keyboard,2.204109296144452e-05,0.0001489736168878153,0.19463104009628296
resnet50,boat6-airplane2.png,boat,airplane,shape,802,snowmobile,boat,0.02346193604171276,0.0007670489139854908,0.0
resnet50,boat6-bear1.png,boat,bear,texture,354,Arabian_camel,bear,9.889271268548327e-07,0.06287561357021332,0.0
resnet50,boat6-bicycle2.png,boat,bicycle,texture,791,shopping_cart,bicycle,2.0132163172092987e-06,0.004446249455213547,0.0
resnet50,boat6-bottle2.png,boat,bottle,texture,711,perfume,bottle,4.232692807359939e-10,0.0078081050887703896,0.0
resnet50,boat6-car1.png,boat,car,shape,865,toyshop,boat,0.0025602898094803095,0.00031515839509665966,0.0
resnet50,boat6-cat1.png,boat,cat,neither,218,Welsh_springer_spaniel,dog,0.0001289712090510875,0.0019512325525283813,0.2016931027173996
resnet50,boat6-clock2.png,boat,clock,neither,898,water_bottle,bottle,5.2698196668643504e-05,0.0016053238650783896,0.20632635056972504
resnet50,boat6-dog1.png,boat,dog,texture,173,Ibizan_hound,dog,9.334593414678238e-06,0.006146092899143696,0.0
resnet50,boat6-elephant2.png,boat,elephant,texture,385,Indian_elephant,elephant,2.7124901436081927e-08,0.4853760600090027,0.0
resnet50,boat6-knife2.png,boat,knife,texture,696,paintbrush,knife,0.00013959260832052678,0.02534157782793045,0.0
resnet50,boat6-truck3.png,boat,truck,texture,407,ambulance,truck,0.00015018958947621286,0.010056566447019577,0.0
resnet50,boat7-bottle1.png,boat,bottle,texture,788,shoe_shop,bottle,1.0496010283134183e-08,0.0004490550491027534,0.0
resnet50,boat7-cat3.png,boat,cat,neither,1,goldfish,bird,5.866100309503963e-06,0.001615784247405827,0.2222135066986084
resnet50,boat7-chair1.png,boat,chair,neither,575,golfcart,car,4.876705861533992e-05,0.003612726926803589,0.20325827598571777
resnet50,boat7-clock3.png,boat,clock,texture,826,stopwatch,clock,1.0531385669310112e-05,0.05170251056551933,0.0
resnet50,boat7-elephant3.png,boat,elephant,texture,386,African_elephant,elephant,9.55774215327665e-09,0.4539770781993866,0.0
resnet50,boat7-keyboard3.png,boat,keyboard,neither,898,water_bottle,bottle,2.292527824465651e-05,0.00018791646289173514,0.12421010434627533
resnet50,boat7-oven3.png,boat,oven,neither,707,pay-phone,truck,1.1501861081342213e-06,0.0013357819989323616,0.3085562288761139
resnet50,boat7-truck2.png,boat,truck,texture,555,fire_engine,truck,0.0036478315014392138,0.03321504965424538,0.0
resnet50,boat8-bird2.png,boat,bird,neither,394,sturgeon,bottle,4.060967330588028e-05,0.00015432268264703453,0.7150557637214661
resnet50,boat8-bottle1.png,boat,bottle,texture,440,beer_bottle,bottle,4.7165963223960716e-07,0.07006438821554184,0.0
resnet50,boat8-dog3.png,boat,dog,texture,207,golden_retriever,dog,0.00013202833360992372,0.006275098770856857,0.0
resnet50,boat8-elephant1.png,boat,elephant,texture,386,African_elephant,elephant,4.505243822450211e-08,0.48616769909858704,0.0
resnet50,boat8-knife1.png,boat,knife,texture,711,perfume,knife,1.747646092553623e-05,0.006623191758990288,0.0
resnet50,boat8-oven1.png,boat,oven,neither,742,printer,keyboard,1.844996768340934e-05,6.4959327573888e-05,0.49392634630203247
resnet50,boat8-truck2.png,boat,truck,texture,555,fire_engine,truck,0.002301502740010619,0.021910792216658592,0.0
resnet50,boat9-airplane2.png,boat,airplane,shape,723,pinwheel,boat,0.002176124369725585,0.0006432674708776176,0.0
resnet50,boat9-bear3.png,boat,bear,texture,360,otter,bear,8.982660074252635e-05,0.011947793886065483,0.0
resnet50,boat9-bird1.png,boat,bird,neither,728,plastic_bag,bottle,0.00016229764150921255,0.0007952916785143316,0.25597134232521057
resnet50,boat9-cat3.png,boat,cat,texture,76,tarantula,cat,0.00028090685373172164,0.002855696016922593,0.0
resnet50,boat9-chair2.png,boat,chair,shape,724,pirate,boat,0.007014322094619274,0.0007562037790194154,0.0
resnet50,boat9-clock1.png,boat,clock,texture,861,toilet_seat,clock,1.784808046068065e-05,0.02808261662721634,0.0
resnet50,boat9-dog2.png,boat,dog,texture,216,clumber,dog,5.5778866226319224e-05,0.004956191871315241,0.0
resnet50,boat9-keyboard2.png,boat,keyboard,neither,898,water_bottle,bottle,3.821363134193234e-05,0.0005093581276014447,0.40704381465911865
resnet50,boat9-knife2.png,boat,knife,neither,565,freight_car,truck,6.135562580311671e-05,0.003517753444612026,0.08437146991491318
resnet50,bottle1-bear1.png,bottle,bear,texture,354,Arabian_camel,bear,5.35806393600069e-05,0.0542735755443573,0.0
resnet50,bottle1-bird3.png,bottle,bird,neither,552,feather_boa,cat,5.4821626690682024e-05,0.00017775152809917927,0.8423388004302979
resnet50,bottle1-car1.png,bottle,car,shape,728,plastic_bag,bottle,0.0029082002583891153,1.1855631782964338e-05,0.0
resnet50,bottle1-cat3.png,bottle,cat,texture,299,meerkat,cat,0.002059627091512084,0.0076123629696667194,0.0
resnet50,bottle1-chair2.png,bottle,chair,neither,415,bakery,oven,0.0001470521092414856,0.00023122083803173155,0.6834416389465332
resnet50,bottle1-clock1.png,bottle,clock,texture,611,jigsaw_puzzle,clock,0.0010907988762483,0.017987346276640892,0.0
resnet50,bottle1-dog2.png,bottle,dog,texture,212,English_setter,dog,5.6444667279720306e-05,0.009027319960296154,0.0
resnet50,bottle1-keyboard3.png,bottle,keyboard,shape,435,bathtub,bottle,0.015492632985115051,2.4060373107204214e-05,0.0
resnet50,bottle10-bear2.png,bottle,bear,texture,296,ice_bear,bear,0.0009388183243572712,0.23463532328605652,0.0
resnet50,bottle10-boat3.png,bottle,boat,shape,865,toyshop,bottle,0.01628740504384041,0.0001621735282242298,0.0
resnet50,bottle10-car1.png,bottle,car,neither,865,toyshop,boat,0.0005900983815081418,0.0004327025671955198,0.4455324113368988
resnet50,bottle10-clock2.png,bottle,clock,shape,898,water_bottle,bottle,0.029086381196975708,0.008657453581690788,0.0
resnet50,bottle10-dog1.png,bottle,dog,texture,298,mongoose,dog,2.0133398720645346e-05,0.00021460861898958683,0.0
resnet50,bottle10-truck3.png,bottle,truck,shape,760,refrigerator,bottle,0.036198221147060394,0.0014333741273730993,0.0
resnet50,bottle2-car2.png,bottle,car,shape,788,shoe_shop,bottle,0.002032320713624358,3.71017049474176e-05,0.0
resnet50,bottle2-chair3.png,bottle,chair,texture,700,paper_towel,chair,0.000688586791511625,0.0025479344185441732,0.0
resnet50,bottle2-clock1.png,bottle,clock,texture,892,wall_clock,clock,0.0018767567817121744,0.1062467098236084,0.0
resnet50,bottle2-elephant1.png,bottle,elephant,texture,385,Indian_elephant,elephant,1.3229436990336296e-10,0.4627528190612793,0.0
resnet50,bottle2-knife3.png,bottle,knife,shape,440,beer_bottle,bottle,0.05341259762644768,0.001156244776211679,0.0
resnet50,bottle3-airplane2.png,bottle,airplane,shape,723,pinwheel,bottle,0.0028893554117530584,0.0008231773972511292,0.0
resnet50,bottle3-bear2.png,bottle,bear,texture,296,ice_bear,bear,0.00019420156604610384,0.16489984095096588,0.0
resnet50,bottle3-bicycle3.png,bottle,bicycle,shape,509,confectionery,bottle,0.00697528338059783,2.915520963142626e-05,0.0
resnet50,bottle3-bird1.png,bottle,bird,shape,17,jay,bottle,0.009120814502239227,0.003523395163938403,0.0
resnet50,bottle3-boat3.png,bottle,boat,shape,865,toyshop,bottle,0.0009269448346458375,4.401306068757549e-05,0.0
resnet50,bottle3-cat3.png,bottle,cat,texture,76,tarantula,cat,0.0003697281063068658,0.016180437058210373,0.0
resnet50,bottle3-chair3.png,bottle,chair,texture,562,fountain,chair,0.0011703375494107604,0.0018660534406080842,0.0
resnet50,bottle3-knife3.png,bottle,knife,shape,788,shoe_shop,bottle,0.03136197105050087,0.00022100488422438502,0.0
resnet50,bottle4-airplane1.png,bottle,airplane,neither,895,warplane,knife,2.0707117073470727e-05,0.0004315165861044079,0.2992585301399231
resnet50,bottle4-bicycle1.png,bottle,bicycle,shape,770,running_shoe,bottle,0.008369775488972664,0.0008585017640143633,0.0
resnet50,bottle4-car3.png,bottle,car,texture,670,motor_scooter,car,0.0002835638006217778,0.02164139412343502,0.0
resnet50,bottle4-dog2.png,bottle,dog,texture,212,English_setter,dog,3.477521022432484e-05,0.009142274968326092,0.0
resnet50,bottle4-oven2.png,bottle,oven,shape,898,water_bottle,bottle,0.06701155006885529,0.0012743801344186068,0.0
resnet50,bottle4-truck1.png,bottle,truck,shape,711,perfume,bottle,0.022684838622808456,0.00034807060728780925,0.0
resnet50,bottle5-airplane1.png,bottle,airplane,neither,895,warplane,knife,6.32881565252319e-05,0.00022790234652347863,0.51410311460495
resnet50,bottle5-bird3.png,bottle,bird,shape,552,feather_boa,bottle,0.0021026458125561476,0.000626240624114871,0.0
resnet50,bottle5-boat1.png,bottle,boat,shape,836,sunglass,bottle,0.008736898191273212,0.007100662682205439,0.0
resnet50,bottle5-cat1.png,bottle,cat,texture,207,golden_retriever,cat,0.000325656495988369,0.00850063469260931,0.0
resnet50,bottle5-chair1.png,bottle,chair,neither,575,golfcart,car,0.001055244472809136,0.0003334245702717453,0.3235076367855072
resnet50,bottle5-clock3.png,bottle,clock,texture,464,buckle,clock,0.0015358185628429055,0.001840958371758461,0.0
resnet50,bottle5-elephant1.png,bottle,elephant,texture,386,African_elephant,elephant,4.730778613293296e-08,0.4147109389305115,0.0
resnet50,bottle5-keyboard2.png,bottle,keyboard,shape,507,combination_lock,bottle,0.0318208709359169,0.0016442220658063889,0.0
resnet50,bottle5-knife1.png,bottle,knife,shape,692,packet,bottle,0.008329586125910282,0.0007912320434115827,0.0
resnet50,bottle5-oven2.png,bottle,oven,shape,760,refrigerator,bottle,0.004096836782991886,0.0035733089316636324,0.0
resnet50,bottle5-truck1.png,bottle,truck,shape,711,perfume,bottle,0.0444769486784935,4.581419489113614e-05,0.0
resnet50,bottle6-airplane1.png,bottle,airplane,neither,895,warplane,clock,0.0005148276686668396,0.000857953738886863,0.29013991355895996
resnet50,bottle6-bear2.png,bottle,bear,texture,296,ice_bear,bear,0.0001098835637094453,0.22333814203739166,0.0
resnet50,bottle6-bicycle3.png,bottle,bicycle,shape,124,crayfish,bottle,0.0011535665253177285,1.897787478810642e-05,0.0
resnet50,bottle6-bird1.png,bottle,bird,shape,17,jay,bottle,0.005949246231466532,0.0051872911863029,0.0
resnet50,bottle6-boat3.png,bottle,boat,shape,971,bubble,bottle,0.007473396603018045,0.0007340633310377598,0.0
resnet50,bottle6-chair2.png,bottle,chair,texture,562,fountain,chair,0.00021020312851760536,0.003496072953566909,0.0
resnet50,bottle6-dog3.png,bottle,dog,texture,216,clumber,dog,2.843243237293791e-05,0.008416879922151566,0.0
resnet50,bottle6-knife3.png,bottle,knife,shape,760,refrigerator,bottle,0.019888320937752724,0.0008027210715226829,0.0
resnet50,bottle6-oven3.png,bottle,oven,texture,480,cash_machine,oven,2.6938909286400303e-05,0.0014428964350372553,0.0
resnet50,bottle7-airplane3.png,bottle,airplane,neither,723,pinwheel,clock,0.00012799935939256102,6.18895937805064e-05,0.5704909563064575
resnet50,bottle7-bear1.png,bottle,bear,texture,354,Arabian_camel,bear,0.00015197592438198626,0.02415909431874752,0.0
resnet50,bottle7-boat3.png,bottle,boat,shape,971,bubble,bottle,0.0003326652222312987,5.148787749931216e-05,0.0
resnet50,bottle7-cat2.png,bottle,cat,texture,299,meerkat,cat,1.2998299325772678e-06,0.013670614920556545,0.0
resnet50,bottle7-clock1.png,bottle,clock,texture,611,jigsaw_puzzle,clock,0.010937510058283806,0.027930431067943573,0.0
resnet50,bottle7-elephant2.png,bottle,elephant,texture,385,Indian_elephant,elephant,1.3136070720065618e-07,0.4830654263496399,0.0
resnet50,bottle7-keyboard2.png,bottle,keyboard,shape,518,crash_helmet,bottle,0.012396067380905151,0.00021596765145659447,0.0
resnet50,bottle7-oven2.png,bottle,oven,shape,760,refrigerator,bottle,0.07646027952432632,0.0003543440834619105,0.0
resnet50,bottle7-truck2.png,bottle,truck,shape,788,shoe_shop,bottle,0.010500172153115273,0.006226265337318182,0.0
resnet50,bottle8-bicycle1.png,bottle,bicycle,shape,770,running_shoe,bottle,0.010834673419594765,0.0005984992021694779,0.0
resnet50,bottle8-bird1.png,bottle,bird,shape,898,water_bottle,bottle,0.05854085087776184,0.0018849358893930912,0.0
resnet50,bottle8-dog2.png,bottle,dog,texture,212,English_setter,dog,5.575122031586943e-06,0.0091629046946764,0.0
resnet50,bottle8-elephant3.png,bottle,elephant,texture,386,African_elephant,elephant,6.402524377335794e-08,0.45247510075569153,0.0
resnet50,bottle8-keyboard3.png,bottle,keyboard,shape,438,beaker,bottle,0.05689222365617752,4.654927761293948e-05,0.0
resnet50,bottle8-knife1.png,bottle,knife,shape,898,water_bottle,bottle,0.11612339317798615,2.1528358047362417e-05,0.0
resnet50,bottle9-bicycle1.png,bottle,bicycle,shape,770,running_shoe,bottle,0.0011997577967122197,7.11533211870119e-05,0.0
resnet50,bottle9-car3.png,bottle,car,texture,711,perfume,car,0.0012846564641222358,0.02577458880841732,0.0
resnet50,bottle9-cat2.png,bottle,cat,texture,287,lynx,cat,1.502849727330613e-06,0.003436634549871087,0.0
resnet50,bottle9-elephant2.png,bottle,elephant,texture,385,Indian_elephant,elephant,3.9337926693860936e-08,0.4829684793949127,0.0
resnet50,bottle9-keyboard1.png,bottle,keyboard,shape,473,can_opener,bottle,0.021731797605752945,0.0016193492338061333,0.0
resnet50,bottle9-oven2.png,bottle,oven,shape,760,refrigerator,bottle,0.0037853980902582407,0.0006615971215069294,0.0
resnet50,bottle9-truck1.png,bottle,truck,shape,898,water_bottle,bottle,0.09796105325222015,6.299754022620618e-05,0.0
resnet50,car1-airplane1.png,car,airplane,neither,403,aircraft_carrier,boat,0.0008162236190401018,0.00013486549141816795,0.3423770070075989
resnet50,car1-chair3.png,car,chair,shape,498,cinema,car,0.051676686853170395,0.001377879991196096,0.0
resnet50,car1-clock2.png,car,clock,texture,535,disk_brake,clock,0.00560045288875699,0.006527399178594351,0.0
resnet50,car1-dog2.png,car,dog,texture,946,cardoon,dog,7.352218290179735e-06,0.0017977694515138865,0.0
resnet50,car1-keyboard2.png,car,keyboard,texture,878,typewriter_keyboard,keyboard,0.0007407329394482076,0.1821144074201584,0.0
resnet50,car1-oven3.png,car,oven,texture,480,cash_machine,oven,7.383280171779916e-05,0.0002506864839233458,0.0
resnet50,car10-bicycle2.png,car,bicycle,texture,791,shopping_cart,bicycle,0.0007231820491142571,0.010900609195232391,0.0
resnet50,car10-bottle3.png,car,bottle,texture,737,pop_bottle,bottle,1.695386799838161e-06,0.12911982834339142,0.0
resnet50,car10-chair1.png,car,chair,shape,511,convertible,car,0.23518018424510956,0.0001430224656360224,0.0
resnet50,car10-dog1.png,car,dog,neither,298,mongoose,cat,2.799436515488196e-05,0.002339755417779088,0.13577428460121155
resnet50,car10-elephant2.png,car,elephant,texture,385,Indian_elephant,elephant,8.126631811933294e-09,0.4891808331012726,0.0
resnet50,car10-keyboard2.png,car,keyboard,neither,592,hard_disc,bottle,0.00034376978874206543,0.0013342200545594096,0.14083491265773773
resnet50,car2-bird3.png,car,bird,neither,766,rotisserie,oven,0.000321872386848554,0.0001527166459709406,0.15096132457256317
resnet50,car2-cat3.png,car,cat,neither,1,goldfish,bottle,3.4179213344032178e-06,0.0031944194342941046,0.31334397196769714
resnet50,car2-chair1.png,car,chair,shape,575,golfcart,car,0.1467307209968567,1.4697154256282374e-05,0.0
resnet50,car2-knife3.png,car,knife,texture,691,oxygen_mask,knife,0.0006215532775968313,0.005835842806845903,0.0
resnet50,car3-airplane3.png,car,airplane,texture,895,warplane,airplane,0.008341411128640175,0.015980971977114677,0.0
resnet50,car3-bird2.png,car,bird,shape,124,crayfish,car,0.008065438829362392,0.00229419837705791,0.0
resnet50,car3-boat1.png,car,boat,shape,751,racer,car,0.09112296253442764,0.007114339619874954,0.0
resnet50,car3-bottle3.png,car,bottle,texture,737,pop_bottle,bottle,3.5471592330083013e-09,0.1388540416955948,0.0
resnet50,car3-dog2.png,car,dog,texture,212,English_setter,dog,1.759672613843577e-06,0.008464228361845016,0.0
resnet50,car3-elephant3.png,car,elephant,texture,386,African_elephant,elephant,3.851777137242607e-07,0.46109798550605774,0.0
resnet50,car3-oven3.png,car,oven,neither,760,refrigerator,truck,0.00047724659088999033,0.0007193973287940025,0.6759511828422546
resnet50,car3-truck1.png,car,truck,shape,817,sports_car,car,0.1817287802696228,0.001284081838093698,0.0
resnet50,car4-bear3.png,car,bear,texture,360,otter,bear,5.733291175147315e-08,0.02192021533846855,0.0
resnet50,car4-bicycle3.png,car,bicycle,neither,509,confectionery,bottle,0.0005876925424672663,8.80209991009906e-05,0.4540180265903473
resnet50,car4-bird1.png,car,bird,neither,728,plastic_bag,bottle,0.00011429798905737698,0.008900259621441364,0.16619887948036194
resnet50,car4-boat1.png,car,boat,texture,536,dock,boat,0.002131659770384431,0.02397853694856167,0.0
resnet50,car4-bottle1.png,car,bottle,neither,455,bottlecap,clock,4.343843613696663e-07,0.011020512320101261,0.6669643521308899
resnet50,car4-cat3.png,car,cat,texture,76,tarantula,cat,6.661589395662304e-07,0.0034803857561200857,0.0
resnet50,car4-clock1.png,car,clock,texture,892,wall_clock,clock,6.428444612538442e-05,0.04278731346130371,0.0
resnet50,car4-elephant3.png,car,elephant,texture,386,African_elephant,elephant,1.3824701454723254e-06,0.37460431456565857,0.0
resnet50,car4-oven2.png,car,oven,texture,742,printer,oven,0.0010523945093154907,0.005139884073287249,0.0
resnet50,car5-airplane3.png,car,airplane,shape,751,racer,car,0.06981391459703445,0.0019411613466218114,0.0
resnet50,car5-bear3.png,car,bear,texture,360,otter,bear,4.766000984091079e-06,0.0687103271484375,0.0
resnet50,car5-bottle1.png,car,bottle,texture,455,bottlecap,bottle,0.0001517034397693351,0.012740903533995152,0.0
resnet50,car5-cat1.png,car,cat,neither,213,Irish_setter,dog,1.446289275008894e-06,4.942496889270842e-05,0.9213513135910034
resnet50,car5-keyboard3.png,car,keyboard,shape,592,hard_disc,car,0.0005929770995862782,2.49613312917063e-05,0.0
resnet50,car5-knife2.png,car,knife,neither,867,trailer_truck,truck,0.00645437091588974,0.00020896723435726017,0.1377919763326645
resnet50,car5-oven2.png,car,oven,shape,482,cassette_player,car,0.020567508414387703,0.0010553401662036777,0.0
resnet50,car5-truck3.png,car,truck,shape,468,cab,car,0.023241663351655006,0.02176867611706257,0.0
resnet50,car6-bear1.png,car,bear,neither,76,tarantula,cat,2.7536856578080915e-05,0.00664646876975894,0.18979749083518982
resnet50,car6-bicycle3.png,car,bicycle,shape,694,paddlewheel,car,0.001255376380868256,0.0003239945217501372,0.0
resnet50,car6-boat1.png,car,boat,texture,865,toyshop,boat,0.00577577156946063,0.025531966239213943,0.0
resnet50,car6-bottle1.png,car,bottle,texture,865,toyshop,bottle,5.660699571308214e-07,0.02470512129366398,0.0
resnet50,car6-chair3.png,car,chair,shape,866,tractor,car,0.013517971150577068,0.005376478191465139,0.0
resnet50,car6-elephant3.png,car,elephant,texture,386,African_elephant,elephant,7.693694925592354e-08,0.4604033827781677,0.0
resnet50,car6-knife1.png,car,knife,shape,479,car_wheel,car,0.02648882009088993,0.00011400591756682843,0.0
resnet50,car6-truck3.png,car,truck,texture,468,cab,truck,0.014466327615082264,0.016239961609244347,0.0
resnet50,car7-airplane2.png,car,airplane,shape,751,racer,car,0.04805101081728935,0.0002421136014163494,0.0
resnet50,car7-bear1.png,car,bear,texture,294,brown_bear,bear,7.629279480170226e-06,0.17170634865760803,0.0
resnet50,car7-bird3.png,car,bird,neither,760,refrigerator,knife,0.00013475718151312321,0.00020084934658370912,0.07805003225803375
resnet50,car7-boat3.png,car,boat,neither,408,amphibian,truck,0.013008919544517994,0.006152538117021322,0.1150762066245079
resnet50,car7-clock1.png,car,clock,texture,892,wall_clock,clock,4.177867140242597e-06,0.2977113425731659,0.0
resnet50,car7-dog3.png,car,dog,texture,212,English_setter,dog,2.486742778273765e-05,0.005947811529040337,0.0
resnet50,car7-elephant3.png,car,elephant,texture,386,African_elephant,elephant,2.387246524904185e-07,0.4556735157966614,0.0
resnet50,car7-keyboard3.png,car,keyboard,texture,783,screw,keyboard,0.00018179079052060843,0.007725459523499012,0.0
resnet50,car7-oven2.png,car,oven,texture,760,refrigerator,oven,0.0009346585720777512,0.004968676250427961,0.0
resnet50,car8-airplane3.png,car,airplane,shape,701,parachute,car,0.005811203271150589,0.0057741510681807995,0.0
resnet50,car8-bear1.png,car,bear,texture,294,brown_bear,bear,1.333380350843072e-05,0.10626189410686493,0.0
resnet50,car8-bicycle2.png,car,bicycle,shape,479,car_wheel,car,0.015309658832848072,0.000801218906417489,0.0
resnet50,car8-boat3.png,car,boat,shape,408,amphibian,car,0.022274285554885864,0.0016007082303985953,0.0
resnet50,car8-cat1.png,car,cat,neither,207,golden_retriever,dog,2.580220279924106e-05,0.0013257121900096536,0.6931442618370056
resnet50,car8-chair1.png,car,chair,shape,511,convertible,car,0.24692784249782562,5.9431393310660496e-05,0.0
resnet50,car8-clock2.png,car,clock,shape,518,crash_helmet,car,0.06294573098421097,0.005133047699928284,0.0
resnet50,car8-dog1.png,car,dog,neither,298,mongoose,bottle,4.277337939129211e-05,0.002602408407256007,0.31228402256965637
resnet50,car8-knife2.png,car,knife,neither,847,tank,truck,0.0005580770666711032,0.00038413735455833375,0.11050476133823395
resnet50,car8-truck3.png,car,truck,shape,468,cab,car,0.00739804282784462,0.005960458889603615,0.0
resnet50,car9-bicycle2.png,car,bicycle,shape,479,car_wheel,car,0.01817706786096096,0.0004983499529771507,0.0
resnet50,car9-bird1.png,car,bird,neither,898,water_bottle,bottle,0.0005729604163207114,0.002331341616809368,0.09876585751771927
resnet50,car9-cat1.png,car,cat,neither,213,Irish_setter,dog,2.0060567749169422e-06,3.9228947571245953e-05,0.4142637848854065
resnet50,car9-clock2.png,car,clock,shape,479,car_wheel,car,0.04559454694390297,0.0025394500698894262,0.0
resnet50,car9-keyboard2.png,car,keyboard,neither,898,water_bottle,bottle,0.0011097657261416316,0.0023304084315896034,0.24609358608722687
resnet50,car9-knife1.png,car,knife,shape,475,car_mirror,car,0.02427799440920353,0.0001030171915772371,0.0
resnet50,car9-truck3.png,car,truck,shape,468,cab,car,0.049634288996458054,0.0079170111566782,0.0
resnet50,cat1-airplane1.png,cat,airplane,neither,403,aircraft_carrier,knife,3.126625597360544e-05,0.0007745158509351313,0.17539243400096893
resnet50,cat1-bird1.png,cat,bird,shape,728,plastic_bag,cat,0.0162236075848341,0.004262402653694153,0.0
resnet50,cat1-boat1.png,cat,boat,neither,592,hard_disc,bottle,0.000149101615534164,0.0017956554656848311,0.11143774539232254
resnet50,cat1-car2.png,cat,car,neither,784,screwdriver,bottle,4.589367563312408e-06,0.0001008797189570032,0.46036607027053833
resnet50,cat1-chair2.png,cat,chair,texture,765,rocking_chair,chair,1.9433298803051002e-05,0.10664774477481842,0.0
resnet50,cat1-dog1.png,cat,dog,shape,299,meerkat,cat,0.001220857142470777,0.0006478613358922303,0.0
resnet50,cat1-keyboard3.png,cat,keyboard,neither,473,can_opener,bottle,4.1025003156391904e-05,0.0006767320446670055,0.5287001729011536
resnet50,cat1-oven1.png,cat,oven,neither,760,refrigerator,truck,0.00014082581037655473,0.0003991610137745738,0.3394906222820282
resnet50,cat10-airplane3.png,cat,airplane,neither,760,refrigerator,clock,0.00022955120948608965,0.0006512007093988359,0.19004932045936584
resnet50,cat10-bear1.png,cat,bear,texture,294,brown_bear,bear,0.00042163676698692143,0.23236094415187836,0.0
resnet50,cat10-bicycle1.png,cat,bicycle,texture,783,screw,bicycle,2.249885983474087e-05,0.01305142417550087,0.0
resnet50,cat10-bird2.png,cat,bird,shape,283,Persian_cat,cat,0.06752222776412964,0.00030704453820362687,0.0
resnet50,cat10-bottle1.png,cat,bottle,texture,788,shoe_shop,bottle,4.592891400534427e-07,0.0013465055963024497,0.0
resnet50,cat10-clock1.png,cat,clock,texture,443,bib,clock,9.027191117638722e-05,0.0678451880812645,0.0
resnet50,cat10-elephant3.png,cat,elephant,texture,386,African_elephant,elephant,1.4141751307761297e-06,0.45752978324890137,0.0
resnet50,cat10-keyboard1.png,cat,keyboard,texture,783,screw,keyboard,8.019679626158904e-06,0.0744992196559906,0.0
resnet50,cat10-oven2.png,cat,oven,neither,651,microwave,truck,8.240262104663998e-06,0.00455834623426199,0.3547664284706116
resnet50,cat2-boat2.png,cat,boat,texture,845,syringe,boat,3.3401713153580204e-05,0.00603533536195755,0.0
resnet50,cat2-bottle3.png,cat,bottle,texture,737,pop_bottle,bottle,8.854149928083643e-05,0.11862047761678696,0.0
resnet50,cat2-car3.png,cat,car,texture,670,motor_scooter,car,0.00012456219701562077,0.0221546683460474,0.0
resnet50,cat2-elephant1.png,cat,elephant,texture,386,African_elephant,elephant,2.9217246719781542e-06,0.4588627219200134,0.0
resnet50,cat2-knife3.png,cat,knife,neither,788,shoe_shop,bottle,0.0002211036771768704,0.00022915923909749836,0.37271037697792053
resnet50,cat2-truck3.png,cat,truck,neither,468,cab,car,5.131897978571942e-06,0.0003225514374207705,0.3963455259799957
resnet50,cat3-bear2.png,cat,bear,texture,296,ice_bear,bear,0.0005169084179215133,0.19990526139736176,0.0
resnet50,cat3-bicycle1.png,cat,bicycle,texture,770,running_shoe,bicycle,1.295332458539633e-05,0.0010190975153818727,0.0
resnet50,cat3-elephant2.png,cat,elephant,texture,386,African_elephant,elephant,7.37068830858334e-06,0.4608572721481323,0.0
resnet50,cat3-oven2.png,cat,oven,texture,760,refrigerator,oven,4.739784799312474e-06,0.05556003004312515,0.0
resnet50,cat3-truck3.png,cat,truck,texture,760,refrigerator,truck,4.1937310015782714e-05,0.005249159410595894,0.0
resnet50,cat4-airplane1.png,cat,airplane,neither,895,warplane,knife,5.383436928241281e-06,0.0005909324972890317,0.2674206495285034
resnet50,cat4-bird2.png,cat,bird,neither,728,plastic_bag,bottle,0.00033097981940954924,0.0002362426312174648,0.6207113265991211
resnet50,cat4-car2.png,cat,car,neither,784,screwdriver,bottle,1.010297182801878e-05,0.0004241267452016473,0.2838359773159027
resnet50,cat4-chair2.png,cat,chair,neither,711,perfume,bottle,4.349496975919465e-06,0.0004932347219437361,0.5995977520942688
resnet50,cat4-clock2.png,cat,clock,texture,535,disk_brake,clock,9.399827104061842e-05,0.017330210655927658,0.0
resnet50,cat4-dog3.png,cat,dog,texture,207,golden_retriever,dog,0.00046689040027558804,0.008471854962408543,0.0
resnet50,cat4-keyboard2.png,cat,keyboard,texture,435,bathtub,keyboard,5.023644553148188e-05,0.009528509341180325,0.0
resnet50,cat4-knife1.png,cat,knife,neither,692,packet,bottle,4.355044802650809e-05,0.0018906461773440242,0.14410628378391266
resnet50,cat4-oven1.png,cat,oven,texture,713,photocopier,oven,3.2406782679572643e-07,3.101567199337296e-05,0.0
resnet50,cat4-truck3.png,cat,truck,texture,760,refrigerator,truck,4.051351425005123e-06,0.004737325478345156,0.0
resnet50,cat5-airplane2.png,cat,airplane,neither,518,crash_helmet,car,7.965585973579437e-05,0.0008768211118876934,0.16063883900642395
resnet50,cat5-bear2.png,cat,bear,texture,360,otter,bear,0.0011786598479375243,0.07016978412866592,0.0
resnet50,cat5-bicycle3.png,cat,bicycle,neither,509,confectionery,bottle,0.0001680532150203362,3.281345561845228e-05,0.4198366701602936
resnet50,cat5-boat1.png,cat,boat,texture,526,desk,boat,0.0001810398098314181,0.002346120309084654,0.0
resnet50,cat5-bottle1.png,cat,bottle,texture,711,perfume,bottle,9.3702759329517e-08,0.010159383527934551,0.0
resnet50,cat5-car2.png,cat,car,neither,714,pick,boat,2.6306059226044454e-05,0.00035579956602305174,0.11202526837587357
resnet50,cat5-chair3.png,cat,chair,neither,762,restaurant,car,0.00010105440014740452,0.002430093940347433,0.2060476392507553
resnet50,cat5-dog3.png,cat,dog,shape,728,plastic_bag,cat,0.019471393898129463,0.00253389123827219,0.0
resnet50,cat5-elephant2.png,cat,elephant,texture,385,Indian_elephant,elephant,6.736337923030078e-07,0.47817179560661316,0.0
resnet50,cat5-keyboard3.png,cat,keyboard,neither,606,iron,bottle,0.00026081196847371757,0.000476365617942065,0.15775614976882935
resnet50,cat5-knife2.png,cat,knife,texture,696,paintbrush,knife,0.00038004989619366825,0.007522119674831629,0.0
resnet50,cat6-bear1.png,cat,bear,texture,296,ice_bear,bear,0.0025085981469601393,0.18678417801856995,0.0
resnet50,cat6-chair3.png,cat,chair,texture,762,restaurant,chair,3.2632576676405733e-06,0.00038172866334207356,0.0
resnet50,cat6-clock3.png,cat,clock,neither,535,disk_brake,bottle,3.8760208553867415e-05,0.001404096488840878,0.32564908266067505
resnet50,cat6-keyboard3.png,cat,keyboard,neither,898,water_bottle,bottle,4.9155696615343913e-05,0.00046169490087777376,0.6060769557952881
resnet50,cat6-oven1.png,cat,oven,neither,760,refrigerator,knife,2.0297149603720754e-05,0.0013871295377612114,0.2912636995315552
resnet50,cat7-airplane2.png,cat,airplane,neither,446,binder,car,2.1584446585620753e-05,5.7817771448753774e-05,0.2032802551984787
resnet50,cat7-boat3.png,cat,boat,neither,865,toyshop,truck,1.4101126907917205e-05,0.00024048087652772665,0.2288997918367386
resnet50,cat7-bottle1.png,cat,bottle,texture,788,shoe_shop,bottle,3.734596930371481e-06,0.009148947894573212,0.0
resnet50,cat7-clock3.png,cat,clock,neither,535,disk_brake,bottle,3.151233249809593e-05,0.0008588277269154787,0.6170007586479187
resnet50,cat7-dog3.png,cat,dog,neither,207,golden_retriever,bear,0.004904136992990971,0.005529130343347788,0.10682827979326248
resnet50,cat7-elephant1.png,cat,elephant,texture,386,African_elephant,elephant,1.2029011031700065e-07,0.4514639675617218,0.0
resnet50,cat7-knife2.png,cat,knife,texture,784,screwdriver,knife,2.9341048502828926e-05,0.0924672931432724,0.0
resnet50,cat7-truck2.png,cat,truck,texture,555,fire_engine,truck,2.4550694433855824e-05,0.06831573694944382,0.0
resnet50,cat8-bear1.png,cat,bear,texture,294,brown_bear,bear,0.00915140938013792,0.0873030349612236,0.0
resnet50,cat8-bicycle3.png,cat,bicycle,neither,108,sea_anemone,bottle,7.167376315919682e-05,0.00017563225992489606,0.4110519289970398
resnet50,cat8-bird2.png,cat,bird,shape,728,plastic_bag,cat,0.01445944607257843,0.001027589663863182,0.0
resnet50,cat8-car2.png,cat,car,neither,709,pencil_box,bottle,1.539316144771874e-05,6.181508797453716e-05,0.47158247232437134
resnet50,cat9-bicycle1.png,cat,bicycle,texture,665,moped,bicycle,2.4379044134548167e-06,0.0028875390999019146,0.0
resnet50,cat9-bird3.png,cat,bird,neither,97,drake,oven,0.0005561616271734238,0.0010591520695015788,0.07577435672283173
resnet50,cat9-boat2.png,cat,boat,texture,865,toyshop,boat,2.7393318305257708e-05,0.013790054246783257,0.0
resnet50,cat9-bottle2.png,cat,bottle,texture,711,perfume,bottle,2.4123327779790316e-09,0.016045447438955307,0.0
resnet50,cat9-chair2.png,cat,chair,texture,762,restaurant,chair,9.585134648659732e-06,0.0029480697121471167,0.0
resnet50,cat9-clock2.png,cat,clock,texture,592,hard_disc,clock,5.409553705248982e-05,0.003017895622178912,0.0
resnet50,cat9-dog2.png,cat,dog,texture,216,clumber,dog,0.0003081638424191624,0.008937202394008636,0.0
resnet50,cat9-knife2.png,cat,knife,texture,784,screwdriver,knife,5.056269947090186e-05,0.006030400283634663,0.0
resnet50,cat9-truck1.png,cat,truck,neither,581,grille,car,5.103253715788014e-05,0.004136445000767708,0.09892814606428146
resnet50,chair1-airplane2.png,chair,airplane,neither,518,crash_helmet,car,9.217500337399542e-05,8.079707913566381e-05,0.36654096841812134
resnet50,chair1-bear1.png,chair,bear,texture,354,Arabian_camel,bear,1.063117679223069e-06,0.010409927926957607,0.0
resnet50,chair1-cat3.png,chair,cat,neither,380,titi,oven,8.537965186405927e-06,0.0005559758865274489,0.18727777898311615
resnet50,chair1-clock2.png,chair,clock,neither,518,crash_helmet,bottle,1.1537268619576935e-05,0.002402771497145295,0.13994306325912476
resnet50,chair1-dog1.png,chair,dog,neither,298,mongoose,bear,9.386148121848237e-06,0.000128224040963687,0.630236804485321
resnet50,chair1-elephant1.png,chair,elephant,texture,386,African_elephant,elephant,1.7083901582282124e-07,0.4685152769088745,0.0
resnet50,chair1-oven3.png,chair,oven,texture,760,refrigerator,oven,2.050985813184525e-06,0.0020792547147721052,0.0
resnet50,chair1-truck3.png,chair,truck,texture,867,trailer_truck,truck,0.00010793386900331825,0.03457019850611687,0.0
resnet50,chair10-airplane2.png,chair,airplane,neither,518,crash_helmet,car,0.001061099930666387,0.00012051529483869672,0.15709467232227325
resnet50,chair10-bicycle1.png,chair,bicycle,texture,783,screw,bicycle,0.000369221466826275,0.0562199167907238,0.0
resnet50,chair10-bird3.png,chair,bird,neither,696,paintbrush,knife,0.0006364681175909936,0.0010228663450106978,0.3026041090488434
resnet50,chair10-bottle3.png,chair,bottle,texture,737,pop_bottle,bottle,5.282764050207334e-06,0.1315344274044037,0.0
resnet50,chair10-car2.png,chair,car,neither,784,screwdriver,bottle,1.1382551747374237e-05,0.0006534151616506279,0.1868956983089447
resnet50,chair10-cat1.png,chair,cat,texture,207,golden_retriever,cat,0.000746319186873734,0.009307595901191235,0.0
resnet50,chair10-clock1.png,chair,clock,texture,917,comic_book,clock,6.107249646447599e-05,0.017051920294761658,0.0
resnet50,chair10-dog1.png,chair,dog,texture,299,meerkat,dog,5.38546282768948e-06,0.0019558630883693695,0.0
resnet50,chair10-oven1.png,chair,oven,texture,760,refrigerator,oven,4.544533112493809e-06,0.0001797797012841329,0.0
resnet50,chair2-bear2.png,chair,bear,texture,296,ice_bear,bear,1.0104554348799866e-05,0.10943405330181122,0.0
resnet50,chair2-boat1.png,chair,boat,shape,788,shoe_shop,chair,0.004769696854054928,0.003061395836994052,0.0
resnet50,chair2-keyboard2.png,chair,keyboard,neither,898,water_bottle,bottle,6.343771383399144e-05,0.00011437957437010482,0.5390725135803223
resnet50,chair2-knife1.png,chair,knife,neither,865,toyshop,truck,0.00012111366959288716,0.00339295482262969,0.13889522850513458
resnet50,chair3-airplane2.png,chair,airplane,neither,446,binder,car,0.0001654402876738459,5.405904448707588e-05,0.17828907072544098
resnet50,chair3-bicycle3.png,chair,bicycle,shape,791,shopping_cart,chair,0.001613479689694941,0.00018349364108871669,0.0
resnet50,chair3-bottle3.png,chair,bottle,texture,737,pop_bottle,bottle,9.98514224193059e-07,0.1374143362045288,0.0
resnet50,chair3-car3.png,chair,car,texture,711,perfume,car,8.037740917643532e-05,0.14193792641162872,0.0
resnet50,chair3-dog2.png,chair,dog,texture,299,meerkat,dog,3.9720260247122496e-05,0.004965823143720627,0.0
resnet50,chair3-knife1.png,chair,knife,texture,592,hard_disc,knife,0.00035741901956498623,0.04748206585645676,0.0
resnet50,chair4-bear2.png,chair,bear,texture,296,ice_bear,bear,7.1911867962626275e-06,0.19533295929431915,0.0
resnet50,chair4-cat2.png,chair,cat,texture,299,meerkat,cat,1.5435922250617296e-05,0.04692979156970978,0.0
resnet50,chair4-keyboard2.png,chair,keyboard,texture,592,hard_disc,keyboard,1.8411223209113814e-05,0.009042218327522278,0.0
resnet50,chair4-oven2.png,chair,oven,neither,760,refrigerator,bottle,0.00012074383266735822,0.006923247594386339,0.27067291736602783
resnet50,chair4-truck2.png,chair,truck,neither,828,strainer,bottle,0.00038271897938102484,0.0016974757891148329,0.14797969162464142
resnet50,chair5-bicycle1.png,chair,bicycle,texture,791,shopping_cart,bicycle,0.00019978618365712464,0.013159800320863724,0.0
resnet50,chair5-bird1.png,chair,bird,texture,17,jay,bird,1.4487179214484058e-05,0.005124951712787151,0.0
resnet50,chair5-boat3.png,chair,boat,texture,562,fountain,boat,0.0006294634658843279,0.0024518375284969807,0.0
resnet50,chair5-bottle3.png,chair,bottle,texture,737,pop_bottle,bottle,1.8030852515948936e-05,0.06482022255659103,0.0
resnet50,chair5-car1.png,chair,car,texture,865,toyshop,car,0.00021682075748685747,0.010744288563728333,0.0
resnet50,chair5-cat3.png,chair,cat,texture,1,goldfish,cat,4.207453457638621e-05,0.002525166841223836,0.0
resnet50,chair5-clock2.png,chair,clock,neither,670,motor_scooter,bottle,0.00012155620788689703,0.003625561250373721,0.15088754892349243
resnet50,chair5-keyboard2.png,chair,keyboard,texture,592,hard_disc,keyboard,6.752982699254062e-06,0.003573421621695161,0.0
resnet50,chair5-knife3.png,chair,knife,texture,477,carpenter's_kit,knife,4.386428918223828e-05,0.016089143231511116,0.0
resnet50,chair5-oven2.png,chair,oven,texture,760,refrigerator,oven,0.0002022884727921337,0.11177884042263031,0.0
resnet50,chair5-truck3.png,chair,truck,texture,407,ambulance,truck,3.997654130216688e-05,0.02120516262948513,0.0
resnet50,chair6-bird2.png,chair,bird,texture,391,coho,bird,0.00016350664373021573,0.004463066812604666,0.0
resnet50,chair6-dog1.png,chair,dog,texture,298,mongoose,dog,1.0940739230136387e-06,3.87794389098417e-05,0.0
resnet50,chair6-elephant2.png,chair,elephant,texture,385,Indian_elephant,elephant,1.4866174957717249e-09,0.48595675826072693,0.0
resnet50,chair6-truck2.png,chair,truck,texture,555,fire_engine,truck,0.00022853066911920905,0.045943986624479294,0.0
resnet50,chair7-airplane1.png,chair,airplane,neither,713,photocopier,knife,1.2516896276792977e-05,5.979013440082781e-05,0.7292608022689819
resnet50,chair7-bird1.png,chair,bird,texture,608,jean,bird,0.0004861682537011802,0.007898424752056599,0.0
resnet50,chair7-boat3.png,chair,boat,shape,449,boathouse,chair,0.017470350489020348,0.0006370054325088859,0.0
resnet50,chair7-bottle1.png,chair,bottle,texture,440,beer_bottle,bottle,0.0004596717481035739,0.04983416944742203,0.0
resnet50,chair7-car2.png,chair,car,neither,477,carpenter's_kit,bottle,1.4551943422702607e-05,0.00036845647264271975,0.24064357578754425
resnet50,chair7-cat1.png,chair,cat,texture,568,fur_coat,cat,0.000801662914454937,0.00408933637663722,0.0
resnet50,chair7-clock3.png,chair,clock,neither,592,hard_disc,bottle,7.437877229676815e-06,0.0002527576871216297,0.39654117822647095
resnet50,chair7-elephant1.png,chair,elephant,texture,386,African_elephant,elephant,1.6361454981961288e-05,0.4723846912384033,0.0
resnet50,chair7-knife2.png,chair,knife,texture,499,cleaver,knife,0.00018748088041320443,0.7616832256317139,0.0
resnet50,chair7-truck3.png,chair,truck,texture,651,microwave,truck,0.0032680071890354156,0.006572897080332041,0.0
resnet50,chair8-airplane1.png,chair,airplane,neither,403,aircraft_carrier,knife,2.4907242277549813e-06,0.00052581203635782,0.6166213750839233
resnet50,chair8-bear1.png,chair,bear,texture,354,Arabian_camel,bear,1.6543262972845696e-05,0.05748201534152031,0.0
resnet50,chair8-bicycle3.png,chair,bicycle,shape,868,tray,chair,0.0033302712254226208,9.520808816887438e-05,0.0
resnet50,chair8-boat1.png,chair,boat,shape,830,stretcher,chair,0.016690747812390327,0.0005708710523322225,0.0
resnet50,chair8-car1.png,chair,car,neither,865,toyshop,bottle,0.0002227469376521185,0.0002983968297485262,0.23082368075847626
resnet50,chair8-clock3.png,chair,clock,texture,748,purse,clock,3.521393591654487e-05,0.003282921388745308,0.0
resnet50,chair8-elephant1.png,chair,elephant,texture,386,African_elephant,elephant,2.2993775772306435e-08,0.4261370897293091,0.0
resnet50,chair8-keyboard3.png,chair,keyboard,neither,592,hard_disc,bottle,1.0518993803998455e-05,7.004837971180677e-05,0.3288818895816803
resnet50,chair8-knife2.png,chair,knife,neither,696,paintbrush,bottle,0.0005163688911125064,0.003870108164846897,0.25852298736572266
resnet50,chair8-oven1.png,chair,oven,neither,760,refrigerator,bottle,2.8807748094550334e-05,1.2260338735359255e-05,0.9748231768608093
resnet50,chair9-bear1.png,chair,bear,texture,299,meerkat,bear,1.3264038898341823e-06,0.017720697447657585,0.0
resnet50,chair9-bicycle3.png,chair,bicycle,neither,509,confectionery,bottle,0.0005977589753456414,3.540042962413281e-05,0.1843820959329605
resnet50,chair9-bird3.png,chair,bird,neither,314,cockroach,oven,3.8032485463190824e-05,0.0005744848749600351,0.2104993462562561
resnet50,chair9-boat2.png,chair,boat,texture,625,lifeboat,boat,0.00040996173629537225,0.11076764017343521,0.0
resnet50,chair9-bottle3.png,chair,bottle,texture,737,pop_bottle,bottle,1.8611986888572574e-05,0.054194044321775436,0.0
resnet50,chair9-dog2.png,chair,dog,texture,213,Irish_setter,dog,5.239321035332978e-05,0.004765610676258802,0.0
resnet50,chair9-elephant1.png,chair,elephant,texture,386,African_elephant,elephant,3.2651104220349225e-07,0.4380393922328949,0.0
resnet50,chair9-keyboard2.png,chair,keyboard,neither,876,tub,bottle,5.1560800784500316e-05,0.0035791550762951374,0.11184889078140259
resnet50,clock1-bear1.png,clock,bear,texture,354,Arabian_camel,bear,1.1218195140827447e-05,0.03384404256939888,0.0
resnet50,clock1-boat3.png,clock,boat,shape,724,pirate,clock,0.005563253071159124,0.001236405223608017,0.0
resnet50,clock1-car1.png,clock,car,neither,865,toyshop,bottle,0.0002849767915904522,0.001826401799917221,0.23018601536750793
resnet50,clock1-dog2.png,clock,dog,texture,216,clumber,dog,4.050117058795877e-05,0.008283471688628197,0.0
resnet50,clock1-elephant2.png,clock,elephant,texture,385,Indian_elephant,elephant,5.377778506954201e-07,0.47260940074920654,0.0
resnet50,clock1-truck3.png,clock,truck,neither,711,perfume,bottle,0.0004406707885209471,0.0021734663750976324,0.12456941604614258
resnet50,clock10-airplane1.png,clock,airplane,shape,403,aircraft_carrier,clock,0.0074620782397687435,0.003961621783673763,0.0
resnet50,clock10-bird3.png,clock,bird,neither,927,trifle,knife,0.0007387622608803213,0.00024300446966663003,0.08875448256731033
resnet50,clock10-boat2.png,clock,boat,texture,865,toyshop,boat,0.003926652017980814,0.03368057683110237,0.0
resnet50,clock10-bottle1.png,clock,bottle,texture,455,bottlecap,bottle,0.0013613855699077249,0.0307756457477808,0.0
resnet50,clock10-cat1.png,clock,cat,neither,219,cocker_spaniel,dog,1.2729743502859492e-05,0.0008448152802884579,0.2329336553812027
resnet50,clock10-dog3.png,clock,dog,neither,296,ice_bear,bear,4.872305908065755e-06,0.002865070942789316,0.2824970483779907
resnet50,clock10-knife3.png,clock,knife,neither,606,iron,bottle,0.0007973543251864612,0.0008954596123658121,0.3458600640296936
resnet50,clock10-oven2.png,clock,oven,texture,592,hard_disc,oven,0.0009453106322325766,0.027015134692192078,0.0
resnet50,clock10-truck2.png,clock,truck,texture,534,dishwasher,truck,3.54474650521297e-05,0.020979028195142746,0.0
resnet50,clock2-bear2.png,clock,bear,shape,835,sundial,clock,0.020635535940527916,0.0010469910921528935,0.0
resnet50,clock2-bicycle1.png,clock,bicycle,shape,826,stopwatch,clock,0.08271820098161697,4.084249667357653e-06,0.0
resnet50,clock2-bottle3.png,clock,bottle,shape,635,magnetic_compass,clock,0.10112351924180984,8.20123968878761e-05,0.0
resnet50,clock2-dog1.png,clock,dog,neither,299,meerkat,bottle,0.0012700471561402082,9.541241161059588e-05,0.34584474563598633
resnet50,clock2-elephant2.png,clock,elephant,texture,835,sundial,elephant,0.011263293214142323,0.24042150378227234,0.0
resnet50,clock2-knife1.png,clock,knife,shape,409,analog_clock,clock,0.2672743499279022,1.5552943466445868e-07,0.0
resnet50,clock3-bear3.png,clock,bear,texture,360,otter,bear,9.35000934987329e-05,0.012401049956679344,0.0
resnet50,clock3-bicycle2.png,clock,bicycle,shape,640,manhole_cover,clock,0.00315582356415689,2.077381759590935e-05,0.0
resnet50,clock3-bird1.png,clock,bird,shape,409,analog_clock,clock,0.3163352310657501,2.302889242855599e-06,0.0
resnet50,clock3-car2.png,clock,car,shape,826,stopwatch,clock,0.019571498036384583,0.001238843658939004,0.0
resnet50,clock3-cat1.png,clock,cat,shape,892,wall_clock,clock,0.27810028195381165,0.0004142833931837231,0.0
resnet50,clock3-dog2.png,clock,dog,neither,944,artichoke,bottle,0.001464388333261013,0.00028448548982851207,0.10820400714874268
resnet50,clock3-elephant3.png,clock,elephant,texture,386,African_elephant,elephant,0.00033573919790796936,0.3142007291316986,0.0
resnet50,clock3-keyboard3.png,clock,keyboard,shape,826,stopwatch,clock,0.06936834007501602,0.00015667591651435941,0.0
resnet50,clock4-airplane1.png,clock,airplane,shape,403,aircraft_carrier,clock,0.06701520830392838,0.0003724916314240545,0.0
resnet50,clock4-bird3.png,clock,bird,shape,892,wall_clock,clock,0.2832007110118866,6.376911869665491e-07,0.0
resnet50,clock4-boat3.png,clock,boat,texture,448,birdhouse,boat,0.0004134621995035559,0.0008914413629099727,0.0
resnet50,clock4-bottle3.png,clock,bottle,texture,455,bottlecap,bottle,0.013419325463473797,0.026498211547732353,0.0
resnet50,clock4-car2.png,clock,car,texture,751,racer,car,0.0003028285573236644,0.003097016364336014,0.0
resnet50,clock4-chair1.png,clock,chair,neither,511,convertible,car,0.0004942650557495654,0.0005023560370318592,0.576237142086029
resnet50,clock4-elephant2.png,clock,elephant,texture,386,African_elephant,elephant,0.008148097433149815,0.3437469005584717,0.0
resnet50,clock4-knife1.png,clock,knife,shape,787,shield,clock,0.024123722687363625,5.006041828892194e-05,0.0
resnet50,clock4-oven1.png,clock,oven,shape,742,printer,clock,0.008127148263156414,0.00013473736180458218,0.0
resnet50,clock5-airplane1.png,clock,airplane,shape,826,stopwatch,clock,0.028203072026371956,4.4433622861106414e-06,0.0
resnet50,clock5-bicycle1.png,clock,bicycle,shape,826,stopwatch,clock,0.037885624915361404,2.428222978778649e-05,0.0
resnet50,clock5-chair3.png,clock,chair,texture,730,plow,chair,0.0005675021675415337,0.0006818716647103429,0.0
resnet50,clock5-elephant2.png,clock,elephant,shape,835,sundial,clock,0.08452721685171127,0.0014010173035785556,0.0
resnet50,clock5-keyboard1.png,clock,keyboard,neither,783,screw,bottle,0.0029229680076241493,0.0004788617370650172,0.2698563039302826
resnet50,clock5-oven1.png,clock,oven,shape,859,toaster,clock,0.12829053401947021,0.005558268167078495,0.0
resnet50,clock6-bicycle1.png,clock,bicycle,shape,826,stopwatch,clock,0.008151817135512829,5.730380507884547e-05,0.0
resnet50,clock6-bird3.png,clock,bird,shape,892,wall_clock,clock,0.21808652579784393,1.8351973267272115e-05,0.0
resnet50,clock6-bottle1.png,clock,bottle,shape,455,bottlecap,clock,0.03753669187426567,0.004059396218508482,0.0
resnet50,clock6-car2.png,clock,car,shape,784,screwdriver,clock,0.009090214967727661,0.0021205355878919363,0.0
resnet50,clock6-chair3.png,clock,chair,neither,545,electric_fan,car,0.0006332207121886313,0.0005318984622135758,0.22399583458900452
resnet50,clock6-knife2.png,clock,knife,shape,685,odometer,clock,0.011682326905429363,5.8011861256090924e-05,0.0
resnet50,clock6-oven1.png,clock,oven,texture,485,CD_player,oven,0.00045143012539483607,0.011618595570325851,0.0
resnet50,clock6-truck3.png,clock,truck,neither,468,cab,car,0.0029522504191845655,0.007748045027256012,0.2804288864135742
resnet50,clock7-bear2.png,clock,bear,neither,464,buckle,elephant,0.002231516409665346,0.0010402390034869313,0.3075445890426636
resnet50,clock7-bicycle1.png,clock,bicycle,shape,421,bannister,clock,0.013310478068888187,0.0015064808540046215,0.0
resnet50,clock7-boat3.png,clock,boat,shape,868,tray,clock,0.0005146114272065461,5.551283265958773e-06,0.0
resnet50,clock7-bottle2.png,clock,bottle,texture,629,lipstick,bottle,0.008575703017413616,0.012685944326221943,0.0
resnet50,clock7-car1.png,clock,car,texture,790,shopping_basket,car,0.0001530219888081774,0.012804948724806309,0.0
resnet50,clock7-cat2.png,clock,cat,shape,646,maze,clock,0.029593825340270996,0.00759359123185277,0.0
resnet50,clock7-dog2.png,clock,dog,shape,868,tray,clock,0.05782288312911987,0.00016807974316179752,0.0
resnet50,clock7-keyboard2.png,clock,keyboard,shape,826,stopwatch,clock,0.0666007325053215,0.00032557849772274494,0.0
resnet50,clock7-truck3.png,clock,truck,neither,868,tray,car,0.0021688281558454037,0.0019882554188370705,0.4764622747898102
resnet50,clock8-airplane2.png,clock,airplane,shape,826,stopwatch,clock,0.05243105813860893,0.0018816642696037889,0.0
resnet50,clock8-bear2.png,clock,bear,shape,826,stopwatch,clock,0.005341969896107912,0.002404046943411231,0.0
resnet50,clock8-boat1.png,clock,boat,shape,861,toilet_seat,clock,0.073207788169384,0.001685161842033267,0.0
resnet50,clock8-cat1.png,clock,cat,neither,725,pitcher,bottle,0.0013033525319769979,0.0003489154623821378,0.23372018337249756
resnet50,clock8-chair2.png,clock,chair,shape,406,altar,clock,0.04710635170340538,0.01727405935525894,0.0
resnet50,clock8-keyboard1.png,clock,keyboard,shape,826,stopwatch,clock,0.017077527940273285,0.0004941824590787292,0.0
resnet50,clock8-knife1.png,clock,knife,shape,826,stopwatch,clock,0.05635678768157959,2.280224725836888e-05,0.0
resnet50,clock8-oven3.png,clock,oven,neither,480,cash_machine,truck,0.000612033240031451,0.0003532973350957036,0.4803297817707062
resnet50,clock8-truck2.png,clock,truck,neither,581,grille,car,0.00015455791435670108,0.005618951749056578,0.36134225130081177
resnet50,clock9-airplane1.png,clock,airplane,shape,826,stopwatch,clock,0.1031997799873352,2.44654238485964e-05,0.0
resnet50,clock9-bird2.png,clock,bird,shape,835,sundial,clock,0.1410854607820511,7.536734756286023e-07,0.0
resnet50,clock9-cat1.png,clock,cat,texture,971,bubble,cat,9.475840488448739e-05,0.0032022232189774513,0.0
resnet50,clock9-chair3.png,clock,chair,neither,545,electric_fan,car,0.0002675658033695072,0.0006139132310636342,0.733364999294281
resnet50,clock9-keyboard2.png,clock,keyboard,texture,896,washbasin,keyboard,0.0020426202099770308,0.004846694879233837,0.0
resnet50,dog1-airplane3.png,dog,airplane,texture,786,sewing_machine,airplane,7.704037670919206e-06,0.004992462228983641,0.0
resnet50,dog1-bear1.png,dog,bear,texture,294,brown_bear,bear,0.0004727654450107366,0.10825870931148529,0.0
resnet50,dog1-bird1.png,dog,bird,shape,208,Labrador_retriever,dog,0.006848086137324572,0.0006601228378713131,0.0
resnet50,dog1-boat3.png,dog,boat,neither,865,toyshop,clock,1.0593996194074862e-05,6.42231316305697e-05,0.5214889049530029
resnet50,dog1-car2.png,dog,car,neither,784,screwdriver,bottle,5.1793872444250155e-06,0.0006764593999832869,0.20452143251895905
resnet50,dog1-cat3.png,dog,cat,shape,212,English_setter,dog,0.008374904282391071,5.0078295316779986e-05,0.0
resnet50,dog1-chair1.png,dog,chair,neither,575,golfcart,car,3.566523810150102e-05,0.0018274923786520958,0.3808492422103882
resnet50,dog1-knife3.png,dog,knife,neither,813,spatula,clock,5.932637213845737e-05,0.0010780190350487828,0.07358574867248535
resnet50,dog10-airplane1.png,dog,airplane,neither,403,aircraft_carrier,clock,1.123445727557737e-07,0.00013435615983325988,0.754043698310852
resnet50,dog10-bicycle1.png,dog,bicycle,texture,917,comic_book,bicycle,1.7073647541110404e-05,0.006673757918179035,0.0
resnet50,dog10-bottle1.png,dog,bottle,texture,788,shoe_shop,bottle,8.0528809576208e-07,0.029027532786130905,0.0
resnet50,dog10-car3.png,dog,car,texture,511,convertible,car,5.500330189533997e-06,0.1562996655702591,0.0
resnet50,dog10-clock1.png,dog,clock,texture,892,wall_clock,clock,4.546475793176796e-06,0.0643058493733406,0.0
resnet50,dog10-elephant1.png,dog,elephant,texture,386,African_elephant,elephant,6.949718311943798e-08,0.45531848073005676,0.0
resnet50,dog10-keyboard2.png,dog,keyboard,texture,898,water_bottle,keyboard,1.3915013369114604e-05,0.0489836186170578,0.0
resnet50,dog10-oven2.png,dog,oven,texture,732,Polaroid_camera,oven,5.056496775068808e-06,0.016740072518587112,0.0
resnet50,dog10-truck2.png,dog,truck,texture,555,fire_engine,truck,1.1676339454425033e-05,0.08589214831590652,0.0
resnet50,dog2-airplane2.png,dog,airplane,neither,817,sports_car,car,8.362460448552156e-07,0.00018786867440212518,0.4284692704677582
resnet50,dog2-bicycle2.png,dog,bicycle,texture,791,shopping_cart,bicycle,9.128356737164722e-07,0.0034238621592521667,0.0
resnet50,dog2-bottle2.png,dog,bottle,texture,711,perfume,bottle,2.1914875247830423e-08,0.02361425943672657,0.0
resnet50,dog2-cat1.png,dog,cat,shape,216,clumber,dog,0.00911974348127842,4.312425062380498e-06,0.0
resnet50,dog2-knife3.png,dog,knife,texture,788,shoe_shop,knife,6.779399427614408e-06,0.0019253011560067534,0.0
resnet50,dog3-bear3.png,dog,bear,texture,294,brown_bear,bear,0.001112589961849153,0.18206730484962463,0.0
resnet50,dog3-bird2.png,dog,bird,shape,208,Labrador_retriever,dog,0.00594387948513031,0.0002829537261277437,0.0
resnet50,dog3-boat1.png,dog,boat,texture,802,snowmobile,boat,1.049333945957187e-06,0.008559457026422024,0.0
resnet50,dog3-clock1.png,dog,clock,texture,611,jigsaw_puzzle,clock,7.497224487451604e-06,0.00793838407844305,0.0
resnet50,dog3-elephant2.png,dog,elephant,texture,385,Indian_elephant,elephant,1.304666739088134e-06,0.4817764163017273,0.0
resnet50,dog3-keyboard1.png,dog,keyboard,shape,223,schipperke,dog,0.002801919588819146,0.0018279729411005974,0.0
resnet50,dog3-knife3.png,dog,knife,texture,178,Weimaraner,knife,0.0035068814177066088,0.045160211622714996,0.0
resnet50,dog3-truck2.png,dog,truck,texture,770,running_shoe,truck,2.9584953153971583e-05,0.012092509306967258,0.0
resnet50,dog4-airplane3.png,dog,airplane,neither,786,sewing_machine,bottle,4.41687079728581e-05,0.00016476081509608775,0.41028761863708496
resnet50,dog4-bicycle1.png,dog,bicycle,neither,791,shopping_cart,chair,4.43527687821188e-06,0.0004904695088043809,0.31483641266822815
resnet50,dog4-bird1.png,dog,bird,texture,17,jay,bird,1.050282116921153e-05,0.013899906538426876,0.0
resnet50,dog4-bottle2.png,dog,bottle,texture,711,perfume,bottle,1.0415153184339943e-07,0.008693366311490536,0.0
resnet50,dog4-cat3.png,dog,cat,texture,169,borzoi,cat,0.0050804466009140015,0.008327632211148739,0.0
resnet50,dog4-chair1.png,dog,chair,neither,511,convertible,car,2.834718361555133e-05,0.006922504864633083,0.1267251968383789
resnet50,dog4-clock1.png,dog,clock,texture,714,pick,clock,4.851794983551372e-06,0.014001359231770039,0.0
resnet50,dog4-elephant2.png,dog,elephant,texture,385,Indian_elephant,elephant,4.2049373405461665e-07,0.4797535538673401,0.0
resnet50,dog4-keyboard2.png,dog,keyboard,texture,507,combination_lock,keyboard,3.0430875995079987e-05,0.0039059824775904417,0.0
resnet50,dog4-oven1.png,dog,oven,neither,713,photocopier,bottle,8.657117177790496e-06,0.0007299340795725584,0.5413820147514343
resnet50,dog4-truck2.png,dog,truck,neither,581,grille,car,1.5334528143284842e-05,0.01587173528969288,0.38093331456184387
resnet50,dog5-bear3.png,dog,bear,texture,360,otter,bear,0.0007684447336941957,0.025259532034397125,0.0
resnet50,dog5-boat3.png,dog,boat,neither,879,umbrella,truck,7.052173714328092e-06,0.0009178357431665063,0.2003231942653656
resnet50,dog5-car3.png,dog,car,texture,670,motor_scooter,car,3.193346174157341e-06,0.11456236988306046,0.0
resnet50,dog5-elephant1.png,dog,elephant,texture,386,African_elephant,elephant,2.6016323317890055e-07,0.44389259815216064,0.0
resnet50,dog5-knife2.png,dog,knife,neither,711,perfume,bottle,3.7572965538856806e-06,0.001019976451061666,0.11689199507236481
resnet50,dog5-oven1.png,dog,oven,neither,713,photocopier,keyboard,1.7018615494635014e-07,6.459206633735448e-05,0.5928489565849304
resnet50,dog5-truck2.png,dog,truck,neither,770,running_shoe,car,1.8750977687886916e-05,0.009661308489739895,0.10177818685770035
resnet50,dog6-bicycle1.png,dog,bicycle,neither,412,ashcan,chair,0.00011215032282052562,0.0007175686187110841,0.18185999989509583
resnet50,dog6-bird1.png,dog,bird,texture,23,vulture,bird,0.00025296007515862584,0.011308519169688225,0.0
resnet50,dog6-cat1.png,dog,cat,shape,215,Brittany_spaniel,dog,0.008524824865162373,0.00024416905944235623,0.0
resnet50,dog6-clock1.png,dog,clock,texture,892,wall_clock,clock,6.079272225179011e-06,0.08992800861597061,0.0
resnet50,dog6-elephant2.png,dog,elephant,texture,385,Indian_elephant,elephant,3.283558953626198e-07,0.47422266006469727,0.0
resnet50,dog6-truck2.png,dog,truck,texture,581,grille,truck,1.2930204320582561e-05,0.04340939596295357,0.0
resnet50,dog7-bird3.png,dog,bird,neither,643,mask,knife,0.0010103032691404223,0.00034290493931621313,0.16040927171707153
resnet50,dog7-car2.png,dog,car,neither,518,crash_helmet,bottle,5.225189738666813e-07,0.00029735700809396803,0.25993508100509644
resnet50,dog7-chair2.png,dog,chair,texture,762,restaurant,chair,1.416743816662347e-05,0.021425332874059677,0.0
resnet50,dog7-keyboard3.png,dog,keyboard,texture,606,iron,keyboard,7.13625195203349e-06,0.0055104512721300125,0.0
resnet50,dog7-knife3.png,dog,knife,texture,473,can_opener,knife,3.435153757891385e-06,0.00240614777430892,0.0
resnet50,dog7-oven2.png,dog,oven,texture,760,refrigerator,oven,1.9377960143174278e-06,0.017665095627307892,0.0
resnet50,dog8-bear3.png,dog,bear,texture,360,otter,bear,6.008462514728308e-05,0.05128578841686249,0.0
resnet50,dog8-boat3.png,dog,boat,neither,971,bubble,truck,2.6703477487899363e-05,9.259086800739169e-05,0.31552210450172424
resnet50,dog8-bottle2.png,dog,bottle,texture,711,perfume,bottle,5.444108808205783e-08,0.009921290911734104,0.0
resnet50,dog8-chair3.png,dog,chair,texture,562,fountain,chair,0.00022177386563271284,0.015199359506368637,0.0
resnet50,dog8-clock2.png,dog,clock,neither,917,comic_book,bottle,9.790997864911333e-06,0.0014180474681779742,0.17715652287006378
resnet50,dog8-keyboard3.png,dog,keyboard,neither,673,mouse,bottle,2.2331791114993393e-05,0.0009176887106150389,0.16532327234745026
resnet50,dog8-oven3.png,dog,oven,texture,480,cash_machine,oven,1.0096491820377196e-07,8.683513442520052e-05,0.0
resnet50,dog9-airplane3.png,dog,airplane,neither,908,wing,clock,3.228910281904973e-05,0.0019082337385043502,0.0686735063791275
resnet50,dog9-bear3.png,dog,bear,texture,294,brown_bear,bear,6.577849853783846e-05,0.12946918606758118,0.0
resnet50,dog9-bicycle3.png,dog,bicycle,neither,770,running_shoe,chair,2.890405448852107e-05,8.75580299180001e-05,0.2933877110481262
resnet50,dog9-boat1.png,dog,boat,texture,712,Petri_dish,boat,7.532145900768228e-06,0.028145169839262962,0.0
resnet50,dog9-bottle1.png,dog,bottle,neither,611,jigsaw_puzzle,clock,6.574668532266514e-06,0.005937724374234676,0.46504080295562744
resnet50,dog9-car1.png,dog,car,neither,714,pick,boat,7.80917707743356e-06,0.00043100191396661103,0.11512826383113861
resnet50,dog9-cat1.png,dog,cat,shape,213,Irish_setter,dog,0.00915465783327818,6.129117195996514e-07,0.0
resnet50,dog9-chair2.png,dog,chair,texture,857,throne,chair,7.348664075834677e-05,0.12046562135219574,0.0
resnet50,elephant1-airplane2.png,elephant,airplane,neither,518,crash_helmet,car,5.526410859602038e-06,9.517862781649455e-05,0.26487407088279724
resnet50,elephant1-bear2.png,elephant,bear,texture,296,ice_bear,bear,0.011089885607361794,0.24249142408370972,0.0
resnet50,elephant1-boat2.png,elephant,boat,texture,625,lifeboat,boat,1.3833914636052214e-06,0.08613286912441254,0.0
resnet50,elephant1-bottle1.png,elephant,bottle,texture,440,beer_bottle,bottle,4.3836507757077925e-06,0.05108737573027611,0.0
resnet50,elephant1-car3.png,elephant,car,texture,511,convertible,car,9.82181700237561e-06,0.14538899064064026,0.0
resnet50,elephant1-chair1.png,elephant,chair,neither,498,cinema,car,2.84879843093222e-05,0.007644330617040396,0.22718623280525208
resnet50,elephant1-dog2.png,elephant,dog,texture,213,Irish_setter,dog,6.559253961313516e-05,0.0067720417864620686,0.0
resnet50,elephant1-keyboard3.png,elephant,keyboard,neither,898,water_bottle,bottle,1.5273130884452257e-06,0.0006992467097006738,0.185334250330925
resnet50,elephant1-oven2.png,elephant,oven,texture,859,toaster,oven,3.4369377317489125e-06,0.024849379435181618,0.0
resnet50,elephant10-bear1.png,elephant,bear,texture,294,brown_bear,bear,7.042155630188063e-05,0.17894279956817627,0.0
resnet50,elephant10-keyboard1.png,elephant,keyboard,neither,535,disk_brake,bottle,7.809681846993044e-06,0.0004996976931579411,0.13261494040489197
resnet50,elephant10-knife3.png,elephant,knife,neither,534,dishwasher,bottle,0.0002809872094076127,0.002529826480895281,0.14906282722949982
resnet50,elephant2-airplane3.png,elephant,airplane,neither,518,crash_helmet,bottle,1.5814928701729514e-05,0.0009916775161400437,0.10232768207788467
resnet50,elephant2-bear3.png,elephant,bear,texture,294,brown_bear,bear,0.0003069218946620822,0.2091103047132492,0.0
resnet50,elephant2-bird1.png,elephant,bird,neither,608,jean,cat,0.00011186163465026766,0.002004866721108556,0.42004501819610596
resnet50,elephant2-boat1.png,elephant,boat,neither,446,binder,bottle,2.3862914986239048e-06,0.0036025475710630417,0.14738056063652039
resnet50,elephant2-bottle3.png,elephant,bottle,texture,737,pop_bottle,bottle,5.479215303694218e-08,0.14015628397464752,0.0
resnet50,elephant2-cat1.png,elephant,cat,neither,207,golden_retriever,dog,2.8094296794733964e-05,0.0011089607141911983,0.29483065009117126
resnet50,elephant2-clock1.png,elephant,clock,texture,917,comic_book,clock,3.0187652555468958e-06,0.006159960757941008,0.0
resnet50,elephant2-keyboard3.png,elephant,keyboard,neither,473,can_opener,bottle,1.3845348803442903e-05,0.00042655429570004344,0.33461397886276245
resnet50,elephant2-truck2.png,elephant,truck,texture,581,grille,truck,1.0592473699944094e-05,0.029622366651892662,0.0
resnet50,elephant3-cat2.png,elephant,cat,texture,287,lynx,cat,1.5102226313956635e-07,0.0036575125996023417,0.0
resnet50,elephant3-chair1.png,elephant,chair,neither,511,convertible,car,4.239108420733828e-06,0.009635686874389648,0.39472496509552
resnet50,elephant3-keyboard2.png,elephant,keyboard,neither,898,water_bottle,bottle,1.41892940064281e-06,0.0005463444977067411,0.6060442924499512
resnet50,elephant3-knife1.png,elephant,knife,neither,898,water_bottle,bottle,1.5720039527877816e-06,0.00014627377095166594,0.8117204904556274
resnet50,elephant3-oven1.png,elephant,oven,neither,713,photocopier,bottle,1.3408701926564959e-09,4.7896952310111374e-05,0.7749202251434326
resnet50,elephant3-truck1.png,elephant,truck,neither,898,water_bottle,bottle,1.2259861250640824e-05,0.0014879434602335095,0.18158766627311707
resnet50,elephant4-bicycle2.png,elephant,bicycle,neither,791,shopping_cart,bottle,1.7663376183918444e-07,2.1792822735733353e-05,0.7985159158706665
resnet50,elephant4-bird1.png,elephant,bird,texture,17,jay,bird,0.003747912123799324,0.010151808150112629,0.0
resnet50,elephant4-boat3.png,elephant,boat,neither,865,toyshop,truck,0.00016867733211256564,5.238677658780944e-06,0.43358102440834045
resnet50,elephant4-car3.png,elephant,car,texture,670,motor_scooter,car,6.589313852600753e-05,0.05838407203555107,0.0
resnet50,elephant4-chair3.png,elephant,chair,neither,2,great_white_shark,boat,0.0007737312698736787,0.0012362892739474773,0.21488399803638458
resnet50,elephant4-clock3.png,elephant,clock,neither,535,disk_brake,bottle,3.4647982829483226e-06,0.0026259170845150948,0.3157333433628082
resnet50,elephant4-oven1.png,elephant,oven,neither,760,refrigerator,bottle,2.0941217826475622e-06,0.0006922266911715269,0.43919068574905396
resnet50,elephant5-bear2.png,elephant,bear,texture,296,ice_bear,bear,0.021891482174396515,0.1729000359773636,0.0
resnet50,elephant5-bicycle3.png,elephant,bicycle,neither,611,jigsaw_puzzle,bottle,4.803889623872237e-06,3.078662120969966e-05,0.4445752799510956
resnet50,elephant5-bottle2.png,elephant,bottle,texture,737,pop_bottle,bottle,3.9239626659082205e-08,0.09060914814472198,0.0
resnet50,elephant5-car1.png,elephant,car,neither,865,toyshop,boat,8.442295893473784e-07,0.0010246593737974763,0.4579479396343231
resnet50,elephant5-chair3.png,elephant,chair,shape,833,submarine,elephant,0.022322025150060654,0.0037769926711916924,0.0
resnet50,elephant5-truck1.png,elephant,truck,neither,711,perfume,bottle,8.535125743946992e-06,0.00237076124176383,0.24165086448192596
resnet50,elephant6-bicycle1.png,elephant,bicycle,neither,665,moped,car,4.679893208958674e-06,0.0010726400651037693,0.2144317328929901
resnet50,elephant6-bird1.png,elephant,bird,texture,136,European_gallinule,bird,0.004711777903139591,0.016022339463233948,0.0
resnet50,elephant6-bottle2.png,elephant,bottle,texture,711,perfume,bottle,6.7212493348733915e-09,0.07144446671009064,0.0
resnet50,elephant6-car3.png,elephant,car,texture,817,sports_car,car,0.0006560598849318922,0.07902887463569641,0.0
resnet50,elephant6-cat2.png,elephant,cat,texture,287,lynx,cat,4.940434337186161e-07,0.002396766794845462,0.0
resnet50,elephant6-dog2.png,elephant,dog,texture,216,clumber,dog,2.6871304726228118e-05,0.007829470559954643,0.0
resnet50,elephant6-knife2.png,elephant,knife,texture,696,paintbrush,knife,0.0001080746078514494,0.0318337120115757,0.0
resnet50,elephant6-oven1.png,elephant,oven,texture,550,espresso_maker,oven,1.4953161553421523e-07,0.023130174726247787,0.0
resnet50,elephant6-truck3.png,elephant,truck,texture,760,refrigerator,truck,1.976100065803621e-05,0.02056802250444889,0.0
resnet50,elephant7-airplane3.png,elephant,airplane,texture,560,football_helmet,airplane,4.07789193559438e-05,0.005150077398866415,0.0
resnet50,elephant7-bear3.png,elephant,bear,texture,360,otter,bear,0.0005780230276286602,0.05934175103902817,0.0
resnet50,elephant7-bird1.png,elephant,bird,texture,136,European_gallinule,bird,0.00016021676128730178,0.014115365222096443,0.0
resnet50,elephant7-bottle3.png,elephant,bottle,texture,737,pop_bottle,bottle,2.4578077955084154e-06,0.08453326672315598,0.0
resnet50,elephant7-car3.png,elephant,car,texture,865,toyshop,car,0.00011398698552511632,0.030627286061644554,0.0
resnet50,elephant7-cat1.png,elephant,cat,neither,207,golden_retriever,dog,2.8872953407699242e-05,0.0035100372042506933,0.3327042758464813
resnet50,elephant7-clock2.png,elephant,clock,texture,592,hard_disc,clock,4.648591584555106e-06,0.001551518333144486,0.0
resnet50,elephant7-dog1.png,elephant,dog,neither,298,mongoose,bottle,3.133500285912305e-05,0.0012474978575482965,0.49944841861724854
resnet50,elephant7-keyboard3.png,elephant,keyboard,neither,745,projector,car,5.848927685292438e-05,0.0006883219466544688,0.1644269824028015
resnet50,elephant7-knife2.png,elephant,knife,neither,784,screwdriver,bottle,8.316694220411591e-06,0.006194832734763622,0.25960293412208557
resnet50,elephant8-airplane3.png,elephant,airplane,texture,895,warplane,airplane,3.49954170815181e-05,0.004164420533925295,0.0
resnet50,elephant8-bicycle3.png,elephant,bicycle,neither,973,coral_reef,chair,3.352769272169098e-05,4.8200232413364574e-05,0.16187910735607147
resnet50,elephant8-bird2.png,elephant,bird,texture,391,coho,bird,0.0014583100564777851,0.0018558682641014457,0.0
resnet50,elephant8-boat2.png,elephant,boat,texture,536,dock,boat,2.195578190367087e-06,0.07430855184793472,0.0
resnet50,elephant8-cat1.png,elephant,cat,neither,219,cocker_spaniel,dog,0.0001016541282297112,0.00031967813265509903,0.2977135181427002
resnet50,elephant8-clock2.png,elephant,clock,neither,968,cup,bottle,6.9963357418600935e-06,0.0009779819520190358,0.10584726929664612
resnet50,elephant8-dog1.png,elephant,dog,texture,298,mongoose,dog,8.507682309755182e-07,0.003623466705903411,0.0
resnet50,elephant8-knife2.png,elephant,knife,texture,858,tile_roof,knife,2.704282451304607e-05,0.00979152973741293,0.0
resnet50,elephant8-oven3.png,elephant,oven,shape,760,refrigerator,elephant,0.003694801591336727,0.00019906458328478038,0.0
resnet50,elephant8-truck3.png,elephant,truck,texture,468,cab,truck,9.143579518422484e-05,0.019364865496754646,0.0
resnet50,elephant9-airplane2.png,elephant,airplane,neither,908,wing,car,1.0248466423945501e-05,0.005651665851473808,0.1655777543783188
resnet50,elephant9-bicycle2.png,elephant,bicycle,texture,770,running_shoe,bicycle,3.642117690105806e-06,0.0049311756156384945,0.0
resnet50,elephant9-boat3.png,elephant,boat,texture,865,toyshop,boat,0.00025887953233905137,0.0008982149884104729,0.0
resnet50,elephant9-chair2.png,elephant,chair,texture,634,lumbermill,chair,4.2308074625907466e-05,0.01286018081009388,0.0
resnet50,elephant9-clock3.png,elephant,clock,neither,535,disk_brake,bottle,2.4550556190661155e-05,0.0016925166128203273,0.4874151647090912
resnet50,elephant9-dog3.png,elephant,dog,texture,207,golden_retriever,dog,0.002988299820572138,0.0077475327998399734,0.0
resnet50,keyboard1-airplane2.png,keyboard,airplane,neither,751,racer,car,0.00335157522931695,0.0005169388605281711,0.1410123109817505
resnet50,keyboard1-bear2.png,keyboard,bear,texture,182,Border_terrier,bear,9.620982382330112e-06,0.02465156465768814,0.0
resnet50,keyboard1-bird2.png,keyboard,bird,neither,391,coho,bear,2.9905542760388926e-05,0.002302861772477627,0.10223118960857391
resnet50,keyboard1-car3.png,keyboard,car,texture,511,convertible,car,0.0001019383198581636,0.16601069271564484,0.0
resnet50,keyboard1-chair2.png,keyboard,chair,neither,415,bakery,bottle,0.0008258692105300725,0.00046728027518838644,0.13509538769721985
resnet50,keyboard1-clock1.png,keyboard,clock,texture,865,toyshop,clock,0.0003983867645729333,0.06183260679244995,0.0
resnet50,keyboard1-dog3.png,keyboard,dog,neither,247,Saint_Bernard,bear,1.3681836207979359e-05,0.0056574284099042416,0.1603132039308548
resnet50,keyboard1-elephant3.png,keyboard,elephant,texture,386,African_elephant,elephant,6.223555715223483e-08,0.4209839701652527,0.0
resnet50,keyboard10-airplane3.png,keyboard,airplane,texture,895,warplane,airplane,0.0007987823337316513,0.023999620229005814,0.0
resnet50,keyboard10-boat2.png,keyboard,boat,texture,625,lifeboat,boat,1.2464833787362295e-07,0.19929030537605286,0.0
resnet50,keyboard10-car1.png,keyboard,car,texture,468,cab,car,0.00011917728261323646,0.015508301556110382,0.0
resnet50,keyboard10-oven3.png,keyboard,oven,neither,480,cash_machine,clock,5.472685370477848e-05,0.0003226398548576981,0.5377374887466431
resnet50,keyboard10-truck1.png,keyboard,truck,neither,711,perfume,bottle,7.448130054399371e-05,0.0005815074546262622,0.17946776747703552
resnet50,keyboard2-bicycle3.png,keyboard,bicycle,neither,509,confectionery,bottle,5.1762996008619666e-05,0.00018422870198264718,0.2633363902568817
resnet50,keyboard2-bottle1.png,keyboard,bottle,texture,711,perfume,bottle,2.0634452084777877e-06,0.0004777191497851163,0.0
resnet50,keyboard2-clock1.png,keyboard,clock,texture,892,wall_clock,clock,2.8781531000277027e-05,0.19645440578460693,0.0
resnet50,keyboard2-elephant1.png,keyboard,elephant,texture,386,African_elephant,elephant,8.030273668246934e-11,0.47102636098861694,0.0
resnet50,keyboard2-knife1.png,keyboard,knife,neither,709,pencil_box,bottle,8.939447434386238e-05,0.0005330965504981577,0.19547343254089355
resnet50,keyboard3-bicycle2.png,keyboard,bicycle,neither,791,shopping_cart,bottle,7.512679758292506e-07,3.3369558423146373e-06,0.9688085317611694
resnet50,keyboard3-bird3.png,keyboard,bird,neither,118,Dungeness_crab,oven,1.67010603036033e-05,0.003606993705034256,0.1667628288269043
resnet50,keyboard3-boat1.png,keyboard,boat,texture,509,confectionery,boat,0.00021490939252544194,0.0023094448260962963,0.0
resnet50,keyboard3-car2.png,keyboard,car,neither,784,screwdriver,bottle,9.917108400259167e-05,8.355556201422587e-05,0.3218761682510376
resnet50,keyboard3-cat1.png,keyboard,cat,neither,207,golden_retriever,dog,3.8172045606188476e-05,0.0010735199321061373,0.1729978621006012
resnet50,keyboard3-clock3.png,keyboard,clock,texture,535,disk_brake,clock,0.00022522470680996776,0.008458015508949757,0.0
resnet50,keyboard3-elephant2.png,keyboard,elephant,texture,386,African_elephant,elephant,4.052597146753101e-10,0.4803633689880371,0.0
resnet50,keyboard4-bird1.png,keyboard,bird,texture,17,jay,bird,1.55133348016534e-05,0.008272544480860233,0.0
resnet50,keyboard4-bottle2.png,keyboard,bottle,texture,711,perfume,bottle,2.385326661169529e-05,0.019244005903601646,0.0
resnet50,keyboard4-cat2.png,keyboard,cat,texture,285,Egyptian_cat,cat,1.253901245945599e-05,0.12371210008859634,0.0
resnet50,keyboard4-clock2.png,keyboard,clock,texture,719,piggy_bank,clock,8.16269894130528e-05,0.0703127458691597,0.0
resnet50,keyboard4-knife2.png,keyboard,knife,texture,711,perfume,knife,0.00200163503177464,0.007738686632364988,0.0
resnet50,keyboard4-oven2.png,keyboard,oven,texture,712,Petri_dish,oven,0.004590883851051331,0.006007351912558079,0.0
resnet50,keyboard4-truck3.png,keyboard,truck,neither,711,perfume,bottle,0.0013679286930710077,0.0006834687665104866,0.2401055544614792
resnet50,keyboard5-airplane3.png,keyboard,airplane,shape,508,computer_keyboard,keyboard,0.1632453054189682,0.00023215448891278356,0.0
resnet50,keyboard5-bear3.png,keyboard,bear,texture,294,brown_bear,bear,3.931057108275127e-06,0.1509295254945755,0.0
resnet50,keyboard5-bicycle1.png,keyboard,bicycle,texture,791,shopping_cart,bicycle,5.2603880362767086e-08,6.564251089002937e-05,0.0
resnet50,keyboard5-bird3.png,keyboard,bird,neither,21,kite,oven,0.0004026740789413452,0.0019000187749043107,0.06051936000585556
resnet50,keyboard5-bottle1.png,keyboard,bottle,texture,711,perfume,bottle,4.514866304816678e-06,0.0038641628343611956,0.0
resnet50,keyboard5-cat1.png,keyboard,cat,texture,213,Irish_setter,cat,0.0008396477205678821,0.005360364448279142,0.0
resnet50,keyboard5-dog3.png,keyboard,dog,texture,202,soft-coated_wheaten_terrier,dog,0.00025978824123740196,0.006151075940579176,0.0
resnet50,keyboard5-knife2.png,keyboard,knife,texture,858,tile_roof,knife,0.00044367919326759875,0.06474815309047699,0.0
resnet50,keyboard5-oven2.png,keyboard,oven,shape,579,grand_piano,keyboard,0.006050560623407364,0.0017719961469992995,0.0
resnet50,keyboard6-bear2.png,keyboard,bear,texture,296,ice_bear,bear,4.8113388402271084e-06,0.09062770754098892,0.0
resnet50,keyboard6-bicycle1.png,keyboard,bicycle,neither,791,shopping_cart,bottle,1.662218346609734e-05,0.0013902855571359396,0.8664710521697998
resnet50,keyboard6-boat2.png,keyboard,boat,texture,788,shoe_shop,boat,0.0006916001439094543,0.030081432312726974,0.0
resnet50,keyboard6-bottle2.png,keyboard,bottle,texture,737,pop_bottle,bottle,1.775561941030901e-05,0.07768846303224564,0.0
resnet50,keyboard6-car2.png,keyboard,car,neither,477,carpenter's_kit,bottle,2.3845112082199194e-05,9.095697350858245e-06,0.6347390413284302
resnet50,keyboard6-chair1.png,keyboard,chair,neither,511,convertible,car,0.0015675200847908854,0.0022995811887085438,0.4528992474079132
resnet50,keyboard6-dog2.png,keyboard,dog,texture,212,English_setter,dog,5.444237103802152e-05,0.006538858637213707,0.0
resnet50,keyboard6-elephant1.png,keyboard,elephant,texture,386,African_elephant,elephant,3.159693662269092e-08,0.44507139921188354,0.0
resnet50,keyboard6-knife2.png,keyboard,knife,texture,696,paintbrush,knife,0.0002025247667916119,0.034561287611722946,0.0
resnet50,keyboard7-bear2.png,keyboard,bear,texture,296,ice_bear,bear,2.470710342095117e-06,0.14411142468452454,0.0
resnet50,keyboard7-boat2.png,keyboard,boat,texture,625,lifeboat,boat,1.953003675225773e-06,0.197711780667305,0.0
resnet50,keyboard7-bottle1.png,keyboard,bottle,texture,440,beer_bottle,bottle,0.0014340964844450355,0.052745282649993896,0.0
resnet50,keyboard7-car3.png,keyboard,car,texture,511,convertible,car,2.4949570160970325e-06,0.21635186672210693,0.0
resnet50,keyboard7-chair3.png,keyboard,chair,shape,646,maze,keyboard,0.010328560136258602,0.0008722737547941506,0.0
resnet50,keyboard7-clock3.png,keyboard,clock,texture,535,disk_brake,clock,0.0007577381329610944,0.0038952783215790987,0.0
resnet50,keyboard7-dog1.png,keyboard,dog,neither,299,meerkat,bear,9.681980372988619e-07,0.00021015157108195126,0.5650439262390137
resnet50,keyboard7-knife1.png,keyboard,knife,texture,477,carpenter's_kit,knife,0.00021300563821569085,0.040803298354148865,0.0
resnet50,keyboard7-oven2.png,keyboard,oven,texture,732,Polaroid_camera,oven,0.003463474102318287,0.012218780815601349,0.0
resnet50,keyboard7-truck2.png,keyboard,truck,texture,490,chain_mail,truck,0.00019265356240794063,0.02724258415400982,0.0
resnet50,keyboard8-airplane2.png,keyboard,airplane,shape,782,screen,keyboard,0.04692588001489639,0.005063600838184357,0.0
resnet50,keyboard8-cat3.png,keyboard,cat,neither,76,tarantula,oven,0.003073672764003277,0.005648486781865358,0.07563802599906921
resnet50,keyboard8-chair2.png,keyboard,chair,texture,762,restaurant,chair,6.823270086897537e-05,0.0015894228126853704,0.0
resnet50,keyboard8-dog3.png,keyboard,dog,texture,215,Brittany_spaniel,dog,0.00014621242007706314,0.006268372293561697,0.0
resnet50,keyboard8-oven1.png,keyboard,oven,shape,508,computer_keyboard,keyboard,0.36831754446029663,2.2611115127801895e-05,0.0
resnet50,keyboard8-truck3.png,keyboard,truck,shape,498,cinema,keyboard,0.007876001298427582,0.0006487826467491686,0.0
resnet50,keyboard9-airplane3.png,keyboard,airplane,shape,788,shoe_shop,keyboard,0.011200209148228168,0.009720584377646446,0.0
resnet50,keyboard9-bear2.png,keyboard,bear,texture,296,ice_bear,bear,6.31305397291726e-07,0.22962415218353271,0.0
resnet50,keyboard9-bicycle2.png,keyboard,bicycle,neither,791,shopping_cart,chair,5.132335900270846e-06,9.7659467428457e-06,0.9744677543640137
resnet50,keyboard9-bird1.png,keyboard,bird,texture,136,European_gallinule,bird,4.4392916606739163e-05,0.016229769214987755,0.0
resnet50,keyboard9-boat2.png,keyboard,boat,texture,625,lifeboat,boat,6.273040042970024e-08,0.1996646225452423,0.0
resnet50,keyboard9-cat1.png,keyboard,cat,neither,207,golden_retriever,dog,5.298121686792001e-05,0.0010684196604415774,0.4727880358695984
resnet50,keyboard9-chair2.png,keyboard,chair,texture,762,restaurant,chair,6.057950668036938e-05,0.0028311866335570812,0.0
resnet50,keyboard9-elephant2.png,keyboard,elephant,texture,385,Indian_elephant,elephant,4.277307397160257e-09,0.4683242738246918,0.0
resnet50,keyboard9-truck3.png,keyboard,truck,neither,468,cab,bottle,0.0018205101368948817,0.004481367766857147,0.08964255452156067
resnet50,knife1-airplane1.png,knife,airplane,neither,744,projectile,clock,0.0005908923922106624,0.0011565475724637508,0.48166996240615845
resnet50,knife1-bird2.png,knife,bird,neither,391,coho,bottle,0.00017126055900007486,0.00163209717720747,0.23712874948978424
resnet50,knife1-car3.png,knife,car,neither,762,restaurant,truck,2.590057420093217e-06,0.0164190623909235,0.40539321303367615
resnet50,knife1-chair1.png,knife,chair,neither,511,convertible,car,4.594367783283815e-05,0.0020984571892768145,0.12083020806312561
resnet50,knife1-clock2.png,knife,clock,neither,592,hard_disc,bottle,3.261277743149549e-05,0.0024076744448393583,0.2572905421257019
resnet50,knife1-dog1.png,knife,dog,texture,216,clumber,dog,1.226926428898878e-06,0.008009067736566067,0.0
resnet50,knife1-elephant1.png,knife,elephant,texture,386,African_elephant,elephant,1.2858692777228953e-08,0.4489833116531372,0.0
resnet50,knife1-keyboard3.png,knife,keyboard,neither,696,paintbrush,bottle,0.00182179338298738,0.00023222662275657058,0.2411767840385437
resnet50,knife1-oven1.png,knife,oven,texture,742,printer,oven,1.0836321052920539e-05,0.0004103332757949829,0.0
resnet50,knife1-truck2.png,knife,truck,texture,555,fire_engine,truck,1.2277930181880947e-05,0.06868187338113785,0.0
resnet50,knife10-bear3.png,knife,bear,texture,294,brown_bear,bear,8.736919312468672e-07,0.16747182607650757,0.0
resnet50,knife10-chair1.png,knife,chair,neither,511,convertible,car,7.850490874261595e-06,0.001523786224424839,0.6294559836387634
resnet50,knife10-dog1.png,knife,dog,neither,298,mongoose,bottle,0.00010678901162464172,0.0030020049307495356,0.2537136673927307
resnet50,knife10-elephant3.png,knife,elephant,texture,386,African_elephant,elephant,2.6744942260847893e-08,0.4503195881843567,0.0
resnet50,knife10-keyboard3.png,knife,keyboard,neither,896,washbasin,bottle,0.0032488200813531876,0.00017579855921212584,0.09201466292142868
resnet50,knife10-oven3.png,knife,oven,texture,480,cash_machine,oven,0.00017197213310282677,0.001081369468010962,0.0
resnet50,knife2-bear2.png,knife,bear,texture,17,jay,bear,1.0553499123489019e-05,0.011339295655488968,0.0
resnet50,knife2-bicycle3.png,knife,bicycle,neither,489,chainlink_fence,bottle,4.920542778563686e-05,8.353554585482925e-05,0.3171462416648865
resnet50,knife2-bird1.png,knife,bird,texture,17,jay,bird,3.2861889849300496e-06,0.0015088181244209409,0.0
resnet50,knife2-bottle2.png,knife,bottle,texture,711,perfume,bottle,7.189828732379056e-10,0.017044661566615105,0.0
resnet50,knife2-car3.png,knife,car,texture,511,convertible,car,1.7984963278649957e-06,0.1923484206199646,0.0
resnet50,knife2-cat3.png,knife,cat,neither,9,ostrich,bird,2.003677650463942e-07,3.769454633584246e-05,0.7777161598205566
resnet50,knife2-dog1.png,knife,dog,texture,299,meerkat,dog,1.8247258140036138e-06,0.004271462094038725,0.0
resnet50,knife2-elephant2.png,knife,elephant,texture,385,Indian_elephant,elephant,7.259504286594165e-07,0.47768813371658325,0.0
resnet50,knife2-truck2.png,knife,truck,texture,555,fire_engine,truck,2.952112481580116e-05,0.05509592965245247,0.0
resnet50,knife3-bear2.png,knife,bear,texture,296,ice_bear,bear,1.0926014226697589e-07,0.20624905824661255,0.0
resnet50,knife3-cat1.png,knife,cat,neither,218,Welsh_springer_spaniel,bear,1.1460506357252598e-05,0.005233935546129942,0.11276395618915558
resnet50,knife3-clock2.png,knife,clock,texture,592,hard_disc,clock,1.960945382961654e-06,0.003288812004029751,0.0
resnet50,knife3-keyboard3.png,knife,keyboard,neither,749,quill,bottle,1.2758877346641384e-05,0.00016704987501725554,0.19930407404899597
resnet50,knife4-airplane3.png,knife,airplane,texture,403,aircraft_carrier,airplane,2.1313398974598385e-05,0.004614208359271288,0.0
resnet50,knife4-bear1.png,knife,bear,texture,294,brown_bear,bear,3.825027761195088e-07,0.1728745549917221,0.0
resnet50,knife4-boat1.png,knife,boat,texture,536,dock,boat,5.851942660228815e-06,0.01787509396672249,0.0
resnet50,knife4-car2.png,knife,car,neither,709,pencil_box,boat,1.2403436812746804e-05,0.000258720014244318,0.5063003897666931
resnet50,knife4-cat2.png,knife,cat,texture,287,lynx,cat,3.925586078423748e-09,0.02640637196600437,0.0
resnet50,knife4-clock3.png,knife,clock,texture,535,disk_brake,clock,1.2590561709657777e-05,0.0020054045598953962,0.0
resnet50,knife4-keyboard1.png,knife,keyboard,neither,481,cassette,bottle,0.0001996425271499902,0.0011516889790073037,0.20955057442188263
resnet50,knife4-oven2.png,knife,oven,texture,712,Petri_dish,oven,3.4276177757419646e-05,0.05679701268672943,0.0
resnet50,knife5-bicycle2.png,knife,bicycle,neither,791,shopping_cart,bottle,4.478921709960559e-06,5.655491986544803e-05,0.6112839579582214
resnet50,knife5-cat2.png,knife,cat,texture,285,Egyptian_cat,cat,4.7387768375983796e-08,0.06765785068273544,0.0
resnet50,knife5-clock1.png,knife,clock,texture,892,wall_clock,clock,2.1063071471871808e-05,0.08612549304962158,0.0
resnet50,knife5-dog1.png,knife,dog,texture,216,clumber,dog,2.672925438673701e-05,0.00643954100087285,0.0
resnet50,knife5-keyboard3.png,knife,keyboard,neither,898,water_bottle,bottle,2.953260081994813e-05,0.0002403795369900763,0.2108200043439865
resnet50,knife5-oven2.png,knife,oven,neither,534,dishwasher,bottle,0.0002174623223254457,0.00974523276090622,0.1243760734796524
resnet50,knife5-truck3.png,knife,truck,neither,711,perfume,bottle,1.3845787179889157e-05,0.006258073262870312,0.2870720326900482
resnet50,knife6-airplane1.png,knife,airplane,neither,744,projectile,clock,0.0005197679856792092,0.0008541090646758676,0.3661229610443115
resnet50,knife6-bicycle1.png,knife,bicycle,texture,665,moped,bicycle,1.0500055395823438e-05,0.014134613797068596,0.0
resnet50,knife6-bird1.png,knife,bird,texture,17,jay,bird,1.2578416317410301e-06,0.0008587864576838911,0.0
resnet50,knife6-boat3.png,knife,boat,neither,971,bubble,bottle,2.2800916212872835e-06,2.8829704206145834e-06,0.344698041677475
resnet50,knife6-bottle3.png,knife,bottle,texture,737,pop_bottle,bottle,2.439837203382922e-07,0.13270199298858643,0.0
resnet50,knife6-chair3.png,knife,chair,texture,762,restaurant,chair,9.696847882878501e-06,0.002471574582159519,0.0
resnet50,knife6-clock2.png,knife,clock,texture,892,wall_clock,clock,1.3771093108516652e-05,0.10212323814630508,0.0
resnet50,knife6-dog2.png,knife,dog,texture,212,English_setter,dog,1.1752267710107844e-05,0.007408786099404097,0.0
resnet50,knife6-oven3.png,knife,oven,texture,760,refrigerator,oven,9.67124433373101e-05,0.0060002123937010765,0.0
resnet50,knife6-truck1.png,knife,truck,neither,711,perfume,bottle,7.174906204454601e-05,0.001102183130569756,0.4420362114906311
resnet50,knife7-airplane3.png,knife,airplane,neither,606,iron,car,0.0006789089529775083,0.0001986359857255593,0.17019785940647125
resnet50,knife7-bird3.png,knife,bird,neither,218,Welsh_springer_spaniel,oven,0.00037757589598186314,0.0021135080605745316,0.1313723474740982
resnet50,knife7-boat3.png,knife,boat,texture,971,bubble,boat,1.6473674122607918e-06,0.00030226659146137536,0.0
resnet50,knife7-bottle3.png,knife,bottle,texture,737,pop_bottle,bottle,2.8735609447494426e-09,0.14181514084339142,0.0
resnet50,knife7-car2.png,knife,car,neither,477,carpenter's_kit,bottle,3.989674041804392e-06,0.00016265716112684458,0.30592042207717896
resnet50,knife7-chair2.png,knife,chair,neither,762,restaurant,bottle,8.61203716340242e-07,0.0002475573564879596,0.9310253262519836
resnet50,knife7-elephant2.png,knife,elephant,texture,385,Indian_elephant,elephant,6.977693942644692e-07,0.47508594393730164,0.0
resnet50,knife8-bicycle1.png,knife,bicycle,texture,665,moped,bicycle,4.136728239245713e-05,0.010682509280741215,0.0
resnet50,knife8-boat1.png,knife,boat,texture,865,toyshop,boat,4.767594873555936e-05,0.008925454691052437,0.0
resnet50,knife8-bottle3.png,knife,bottle,texture,737,pop_bottle,bottle,3.965485362300569e-08,0.11362023651599884,0.0
resnet50,knife8-car2.png,knife,car,neither,709,pencil_box,bottle,1.2079853149771225e-05,3.3726733818184584e-05,0.4811267852783203
resnet50,knife8-cat2.png,knife,cat,texture,287,lynx,cat,2.0640521825043834e-07,0.05706192925572395,0.0
resnet50,knife8-truck3.png,knife,truck,neither,898,water_bottle,bottle,5.872980636922875e-06,0.023039039224386215,0.24805274605751038
resnet50,knife9-airplane2.png,knife,airplane,neither,895,warplane,car,2.6810292183654383e-05,0.0010492376750335097,0.21859733760356903
resnet50,knife9-bear3.png,knife,bear,texture,294,brown_bear,bear,3.939726767043794e-08,0.20246921479701996,0.0
resnet50,knife9-bicycle1.png,knife,bicycle,texture,791,shopping_cart,bicycle,3.415064202272333e-05,0.0026778585743159056,0.0
resnet50,knife9-bird1.png,knife,bird,texture,17,jay,bird,9.331831279268954e-06,0.004765430931001902,0.0
resnet50,knife9-boat1.png,knife,boat,texture,917,comic_book,boat,4.7034431190695614e-05,0.029876908287405968,0.0
resnet50,knife9-bottle2.png,knife,bottle,texture,711,perfume,bottle,1.867517518405748e-08,0.0173640176653862,0.0
resnet50,knife9-chair1.png,knife,chair,neither,511,convertible,car,2.2199576221737516e-07,0.0008126678294502199,0.6741840839385986
resnet50,knife9-elephant2.png,knife,elephant,texture,385,Indian_elephant,elephant,9.073437468032353e-06,0.47883620858192444,0.0
resnet50,oven1-bird3.png,oven,bird,shape,913,wreck,oven,0.02211671695113182,0.0006222519441507757,0.0
resnet50,oven1-boat3.png,oven,boat,neither,833,submarine,truck,0.0002025739522650838,0.0014809314161539078,0.11399443447589874
resnet50,oven1-cat1.png,oven,cat,texture,213,Irish_setter,cat,2.5753170120879076e-06,0.019726203754544258,0.0
resnet50,oven1-clock3.png,oven,clock,texture,847,tank,clock,2.630358494570828e-06,0.0017443629913032055,0.0
resnet50,oven1-dog3.png,oven,dog,texture,212,English_setter,dog,0.0004869536205660552,0.007797409780323505,0.0
resnet50,oven10-airplane2.png,oven,airplane,neither,817,sports_car,car,0.0001500903454143554,0.00023853228776715696,0.2048737108707428
resnet50,oven10-bear1.png,oven,bear,texture,294,brown_bear,bear,2.952695831481833e-05,0.16705915331840515,0.0
resnet50,oven10-bicycle1.png,oven,bicycle,shape,791,shopping_cart,oven,0.011082063429057598,0.0008045645663514733,0.0
resnet50,oven10-boat2.png,oven,boat,shape,819,stage,oven,0.023503508418798447,0.004663978703320026,0.0
resnet50,oven10-cat2.png,oven,cat,texture,299,meerkat,cat,9.60200623012497e-07,0.013151495717465878,0.0
resnet50,oven10-truck2.png,oven,truck,texture,555,fire_engine,truck,0.004166369792073965,0.05617600306868553,0.0
resnet50,oven2-bear3.png,oven,bear,texture,76,tarantula,bear,0.00037898155278526247,0.06925030797719955,0.0
resnet50,oven2-bicycle1.png,oven,bicycle,texture,791,shopping_cart,bicycle,7.832350820535794e-05,0.0018757741199806333,0.0
resnet50,oven2-bird2.png,oven,bird,neither,692,packet,bottle,0.0018890894716605544,0.00015265902038663626,0.24025841057300568
resnet50,oven2-boat3.png,oven,boat,neither,867,trailer_truck,truck,0.0004434621660038829,0.00036138706491328776,0.3072590231895447
resnet50,oven2-bottle1.png,oven,bottle,texture,788,shoe_shop,bottle,1.1284566170388644e-07,0.0025098042096942663,0.0
resnet50,oven2-car1.png,oven,car,neither,865,toyshop,boat,0.0001008300096145831,0.00021497177658602595,0.6073934435844421
resnet50,oven2-chair1.png,oven,chair,neither,498,cinema,car,3.4506253996369196e-06,0.001258105505257845,0.7871531248092651
resnet50,oven2-dog3.png,oven,dog,texture,247,Saint_Bernard,dog,0.0009320909739471972,0.006370802875608206,0.0
resnet50,oven2-truck3.png,oven,truck,texture,651,microwave,truck,0.0019416683353483677,0.01691369339823723,0.0
resnet50,oven3-airplane1.png,oven,airplane,neither,403,aircraft_carrier,boat,0.00016223870625253767,0.000102823025372345,0.3764815628528595
resnet50,oven3-bear2.png,oven,bear,texture,296,ice_bear,bear,0.0001513798051746562,0.22631864249706268,0.0
resnet50,oven3-boat3.png,oven,boat,neither,449,boathouse,truck,2.955291529360693e-05,0.0021217423491179943,0.13269422948360443
resnet50,oven3-bottle3.png,oven,bottle,texture,692,packet,bottle,6.501145890069893e-06,0.016418661922216415,0.0
resnet50,oven3-car2.png,oven,car,neither,709,pencil_box,bottle,1.6343457218681579e-06,5.783531742054038e-05,0.2337513118982315
resnet50,oven3-cat2.png,oven,cat,texture,299,meerkat,cat,3.316843503853306e-05,0.015345805324614048,0.0
resnet50,oven3-clock3.png,oven,clock,texture,464,buckle,clock,5.395478638092754e-06,0.0038658687844872475,0.0
resnet50,oven3-elephant3.png,oven,elephant,texture,386,African_elephant,elephant,0.0001572684705024585,0.19761408865451813,0.0
resnet50,oven3-knife1.png,oven,knife,texture,592,hard_disc,knife,0.0006292488542385399,0.02661721780896187,0.0
resnet50,oven3-truck1.png,oven,truck,neither,868,tray,car,0.0007394331623800099,0.0037937243469059467,0.24105492234230042
resnet50,oven4-bicycle2.png,oven,bicycle,texture,791,shopping_cart,bicycle,6.942105414964317e-07,0.00019073588191531599,0.0
resnet50,oven4-bottle2.png,oven,bottle,texture,711,perfume,bottle,7.836433724150993e-07,0.04752384498715401,0.0
resnet50,oven4-car1.png,oven,car,neither,709,pencil_box,bottle,7.833707059035078e-05,0.0009786052396520972,0.18952494859695435
resnet50,oven4-chair1.png,oven,chair,neither,511,convertible,car,5.454131724036415e-07,0.008197063580155373,0.8103788495063782
resnet50,oven4-clock2.png,oven,clock,neither,464,buckle,bottle,3.7181318475632e-05,0.0011367001570761204,0.20470675826072693
resnet50,oven4-dog1.png,oven,dog,neither,299,meerkat,bear,5.00787109558587e-06,0.0007481555221602321,0.4365164041519165
resnet50,oven4-elephant3.png,oven,elephant,texture,386,African_elephant,elephant,2.4776450118224602e-06,0.46993279457092285,0.0
resnet50,oven4-keyboard3.png,oven,keyboard,neither,711,perfume,bottle,4.980794983566739e-05,0.00019867581431753933,0.30620601773262024
resnet50,oven4-knife2.png,oven,knife,shape,477,carpenter's_kit,oven,0.0477973073720932,0.029656492173671722,0.0
resnet50,oven4-truck3.png,oven,truck,shape,651,microwave,oven,0.00117774389218539,0.0003232751914765686,0.0
resnet50,oven5-airplane1.png,oven,airplane,neither,713,photocopier,clock,1.1760995221266057e-05,1.0480666787771042e-05,0.5653995871543884
resnet50,oven5-bicycle1.png,oven,bicycle,texture,791,shopping_cart,bicycle,1.4386668226507027e-05,0.0007032974390313029,0.0
resnet50,oven5-bird1.png,oven,bird,neither,14,indigo_bunting,bottle,5.86957175983116e-05,0.009957542642951012,0.25034624338150024
resnet50,oven5-bottle3.png,oven,bottle,texture,737,pop_bottle,bottle,4.8991109906637575e-06,0.1260041743516922,0.0
resnet50,oven5-dog3.png,oven,dog,shape,207,golden_retriever,oven,0.010187112726271152,0.0069821495562791824,0.0
resnet50,oven5-elephant1.png,oven,elephant,texture,386,African_elephant,elephant,8.601587353496143e-08,0.4544103443622589,0.0
resnet50,oven5-keyboard2.png,oven,keyboard,neither,534,dishwasher,bottle,0.0008017206564545631,0.0032931806053966284,0.11675016582012177
resnet50,oven6-airplane3.png,oven,airplane,neither,742,printer,truck,0.003993915859609842,0.0001264030288439244,0.17961132526397705
resnet50,oven6-bear2.png,oven,bear,texture,296,ice_bear,bear,3.7319758121157065e-05,0.13329514861106873,0.0
resnet50,oven6-bicycle1.png,oven,bicycle,neither,464,buckle,chair,0.00010540166113059968,0.0015850521158427,0.11226269602775574
resnet50,oven6-bird1.png,oven,bird,texture,136,European_gallinule,bird,0.0001587848673807457,0.010496517643332481,0.0
resnet50,oven6-chair3.png,oven,chair,texture,730,plow,chair,8.399771468248218e-05,0.005280748009681702,0.0
resnet50,oven6-elephant2.png,oven,elephant,texture,386,African_elephant,elephant,2.7570382599151344e-07,0.46189725399017334,0.0
resnet50,oven6-knife3.png,oven,knife,shape,897,washer,oven,0.001357052125968039,0.0008572143269702792,0.0
resnet50,oven6-truck1.png,oven,truck,neither,581,grille,car,8.451305620837957e-05,0.001759662409313023,0.4116560220718384
resnet50,oven7-bottle1.png,oven,bottle,texture,788,shoe_shop,bottle,1.9244609461566142e-07,0.0022458985913544893,0.0
resnet50,oven7-car3.png,oven,car,texture,670,motor_scooter,car,3.630990931924316e-06,0.01656362973153591,0.0
resnet50,oven7-cat1.png,oven,cat,neither,971,bubble,bottle,6.749130261596292e-05,0.0015173759311437607,0.2300662398338318
resnet50,oven7-clock2.png,oven,clock,texture,518,crash_helmet,clock,7.119659858290106e-05,0.0012163572246208787,0.0
resnet50,oven7-dog2.png,oven,dog,texture,299,meerkat,dog,0.00035368590033613145,0.002462714444845915,0.0
resnet50,oven7-elephant1.png,oven,elephant,texture,386,African_elephant,elephant,3.382122031325707e-07,0.48290708661079407,0.0
resnet50,oven7-keyboard1.png,oven,keyboard,texture,783,screw,keyboard,8.700837497599423e-05,0.06572456657886505,0.0
resnet50,oven8-cat3.png,oven,cat,shape,33,loggerhead,oven,0.0018613057909533381,2.084539482893888e-05,0.0
resnet50,oven8-chair1.png,oven,chair,neither,498,cinema,keyboard,1.2987376862838573e-07,0.0015609604306519032,0.8306847214698792
resnet50,oven8-keyboard3.png,oven,keyboard,texture,528,dial_telephone,keyboard,2.5592078600311652e-05,0.0037752941716462374,0.0
resnet50,oven8-knife2.png,oven,knife,texture,696,paintbrush,knife,0.0010471981950104237,0.025800006464123726,0.0
resnet50,oven9-airplane2.png,oven,airplane,neither,742,printer,car,0.00016483354556839913,2.758717300821445e-06,0.299288809299469
resnet50,oven9-bear2.png,oven,bear,texture,296,ice_bear,bear,0.0002079369587590918,0.2252953201532364,0.0
resnet50,oven9-bird3.png,oven,bird,shape,766,rotisserie,oven,0.3560585379600525,2.7387657610233873e-05,0.0
resnet50,oven9-boat2.png,oven,boat,texture,625,lifeboat,boat,2.657556615304202e-05,0.19537533819675446,0.0
resnet50,oven9-car2.png,oven,car,neither,784,screwdriver,boat,4.637449819711037e-06,0.0009528480586595833,0.35898324847221375
resnet50,oven9-chair1.png,oven,chair,neither,511,convertible,car,1.1239446394029073e-05,0.0017253276892006397,0.34792906045913696
resnet50,oven9-clock2.png,oven,clock,texture,485,CD_player,clock,3.553196074790321e-05,0.003172820433974266,0.0
resnet50,oven9-keyboard1.png,oven,keyboard,texture,481,cassette,keyboard,3.966565782320686e-05,0.0010371957905590534,0.0
resnet50,oven9-knife3.png,oven,knife,texture,459,brassiere,knife,0.0007271216018125415,0.013737231492996216,0.0
resnet50,truck1-bear1.png,truck,bear,texture,299,meerkat,bear,0.0004436420276761055,0.0039506107568740845,0.0
resnet50,truck1-bicycle3.png,truck,bicycle,texture,791,shopping_cart,bicycle,0.002422766759991646,0.003986891824752092,0.0
resnet50,truck1-bird1.png,truck,bird,shape,757,recreational_vehicle,truck,0.010104283690452576,0.0028993128798902035,0.0
resnet50,truck1-car3.png,truck,car,texture,555,fire_engine,car,0.0512770377099514,0.05229282006621361,0.0
resnet50,truck1-cat1.png,truck,cat,texture,282,tiger_cat,cat,7.392260886263102e-05,0.07580714672803879,0.0
resnet50,truck1-chair2.png,truck,chair,shape,565,freight_car,truck,0.021214812994003296,0.0006077439174987376,0.0
resnet50,truck1-clock3.png,truck,clock,texture,535,disk_brake,clock,0.0007442133501172066,0.0203010905534029,0.0
resnet50,truck1-dog1.png,truck,dog,texture,184,Irish_terrier,dog,0.00015661283396184444,0.004769117571413517,0.0
resnet50,truck1-knife1.png,truck,knife,shape,670,motor_scooter,truck,0.01667843386530876,0.006020691711455584,0.0
resnet50,truck10-airplane1.png,truck,airplane,texture,403,aircraft_carrier,airplane,0.0006260315421968699,0.001883763587102294,0.0
resnet50,truck10-bicycle1.png,truck,bicycle,texture,791,shopping_cart,bicycle,0.006966779008507729,0.016275595873594284,0.0
resnet50,truck10-car3.png,truck,car,texture,661,Model_T,car,0.009906813502311707,0.08913923054933548,0.0
resnet50,truck10-clock1.png,truck,clock,texture,892,wall_clock,clock,0.0003074544947594404,0.2699598968029022,0.0
resnet50,truck10-elephant3.png,truck,elephant,texture,386,African_elephant,elephant,2.348773620042266e-08,0.4907265901565552,0.0
resnet50,truck2-airplane3.png,truck,airplane,neither,895,warplane,car,0.008417945355176926,0.0036403171252459288,0.6226438879966736
resnet50,truck2-bicycle2.png,truck,bicycle,neither,479,car_wheel,car,0.0018860924756154418,0.00030969828367233276,0.534509539604187
resnet50,truck2-bird2.png,truck,bird,shape,586,half_track,truck,0.010492105968296528,1.2475384210119955e-05,0.0
resnet50,truck2-boat3.png,truck,boat,shape,864,tow_truck,truck,0.08127952367067337,0.00025490851840004325,0.0
resnet50,truck2-bottle3.png,truck,bottle,texture,737,pop_bottle,bottle,6.25048232905101e-06,0.13331755995750427,0.0
resnet50,truck2-car3.png,truck,car,texture,511,convertible,car,0.021863583475351334,0.2126309722661972,0.0
resnet50,truck2-chair1.png,truck,chair,neither,498,cinema,car,0.0006977278972044587,0.004551735706627369,0.5621058344841003
resnet50,truck2-clock1.png,truck,clock,texture,892,wall_clock,clock,8.739772283661296e-07,0.3081642985343933,0.0
resnet50,truck2-elephant1.png,truck,elephant,texture,386,African_elephant,elephant,2.1349937924242113e-06,0.4492025077342987,0.0
resnet50,truck2-keyboard1.png,truck,keyboard,shape,586,half_track,truck,2.402196878392715e-05,2.9350394470384344e-06,0.0
resnet50,truck2-oven3.png,truck,oven,shape,760,refrigerator,truck,0.0032990816980600357,0.0004918776685371995,0.0
resnet50,truck3-bear3.png,truck,bear,texture,360,otter,bear,7.074346285662614e-06,0.018260855227708817,0.0
resnet50,truck3-bicycle1.png,truck,bicycle,neither,479,car_wheel,car,0.005123003385961056,0.01113967690616846,0.26345357298851013
resnet50,truck3-bird2.png,truck,bird,neither,391,coho,bottle,0.0005690552061423659,0.00016085106472019106,0.13553495705127716
resnet50,truck3-car3.png,truck,car,texture,670,motor_scooter,car,0.009093607775866985,0.0796099305152893,0.0
resnet50,truck3-cat1.png,truck,cat,neither,213,Irish_setter,dog,0.00025869920500554144,0.0031066134106367826,0.12051321566104889
resnet50,truck3-chair2.png,truck,chair,shape,762,restaurant,truck,0.006178027950227261,0.001124001108109951,0.0
resnet50,truck3-clock3.png,truck,clock,texture,847,tank,clock,5.303038778947666e-05,0.06552119553089142,0.0
resnet50,truck3-dog3.png,truck,dog,texture,202,soft-coated_wheaten_terrier,dog,7.818007725290954e-05,0.005827014800161123,0.0
resnet50,truck3-keyboard3.png,truck,keyboard,neither,592,hard_disc,bottle,2.5759001800906844e-05,0.0008199206786230206,0.40419769287109375
resnet50,truck3-knife2.png,truck,knife,neither,464,buckle,car,0.002975769806653261,0.0026904952246695757,0.07696942239999771
resnet50,truck3-oven2.png,truck,oven,texture,651,microwave,oven,0.011305159889161587,0.018356449902057648,0.0
resnet50,truck4-airplane3.png,truck,airplane,texture,895,warplane,airplane,0.0017995968228206038,0.003309493651613593,0.0
resnet50,truck4-bear1.png,truck,bear,texture,299,meerkat,bear,2.0260835299268365e-05,0.025499379262328148,0.0
resnet50,truck4-boat3.png,truck,boat,shape,870,tricycle,truck,0.004152451641857624,0.0007404767093248665,0.0
resnet50,truck4-bottle2.png,truck,bottle,texture,711,perfume,bottle,4.7490753551926446e-09,0.007721663918346167,0.0
resnet50,truck4-knife1.png,truck,knife,texture,597,holster,knife,0.0017308593960478902,0.0050580743700265884,0.0
resnet50,truck4-oven2.png,truck,oven,texture,651,microwave,oven,0.0016290850471705198,0.005014246795326471,0.0
resnet50,truck5-airplane2.png,truck,airplane,neither,751,racer,car,0.0012174114817753434,5.8584821090335026e-05,0.3456607162952423
resnet50,truck5-bird2.png,truck,bird,shape,458,brass,truck,0.0011720462935045362,7.032354915281758e-05,0.0
resnet50,truck5-car1.png,truck,car,texture,865,toyshop,car,0.0036377115175127983,0.008846829645335674,0.0
resnet50,truck5-cat3.png,truck,cat,neither,911,wool,bottle,3.966480289818719e-05,0.0009011090733110905,0.159171923995018
resnet50,truck5-dog3.png,truck,dog,neither,207,golden_retriever,cat,0.0028468086384236813,0.003157096914947033,0.059666868299245834
resnet50,truck5-keyboard1.png,truck,keyboard,shape,586,half_track,truck,0.004025361035019159,0.0012421627761796117,0.0
resnet50,truck5-knife3.png,truck,knife,texture,464,buckle,knife,0.00013213721103966236,0.033436477184295654,0.0
resnet50,truck6-bear2.png,truck,bear,texture,296,ice_bear,bear,4.178466770099476e-05,0.10142640769481659,0.0
resnet50,truck6-bicycle1.png,truck,bicycle,texture,791,shopping_cart,bicycle,0.0012977153528481722,0.005600634030997753,0.0
resnet50,truck6-boat2.png,truck,boat,texture,724,pirate,boat,0.0010546070989221334,0.05214549973607063,0.0
resnet50,truck6-bottle3.png,truck,bottle,texture,737,pop_bottle,bottle,2.4687940936019004e-07,0.14064458012580872,0.0
resnet50,truck6-cat2.png,truck,cat,texture,287,lynx,cat,4.776123205374461e-06,0.03888363018631935,0.0
resnet50,truck6-clock2.png,truck,clock,texture,685,odometer,clock,0.00043533334974199533,0.020340651273727417,0.0
resnet50,truck6-dog2.png,truck,dog,texture,216,clumber,dog,0.00010918004409177229,0.008304886519908905,0.0
resnet50,truck6-knife2.png,truck,knife,shape,586,half_track,truck,0.01579236052930355,0.0001480437204008922,0.0
resnet50,truck6-oven3.png,truck,oven,texture,760,refrigerator,oven,0.0016375789418816566,0.001831644563935697,0.0
resnet50,truck7-bear2.png,truck,bear,texture,296,ice_bear,bear,1.90927748917602e-05,0.233412504196167,0.0
resnet50,truck7-bird2.png,truck,bird,neither,847,tank,car,0.0018050494836643338,4.3535947042983025e-05,0.22507163882255554
resnet50,truck7-boat1.png,truck,boat,texture,871,trimaran,boat,0.007245475891977549,0.016397658735513687,0.0
resnet50,truck7-chair2.png,truck,chair,shape,561,forklift,truck,0.02158084325492382,0.0011476122308522463,0.0
resnet50,truck7-elephant2.png,truck,elephant,texture,385,Indian_elephant,elephant,4.830246069786881e-08,0.4863101840019226,0.0
resnet50,truck7-keyboard3.png,truck,keyboard,neither,971,bubble,bottle,1.1249328963458538e-05,0.0005125114694237709,0.5177670121192932
resnet50,truck7-oven2.png,truck,oven,shape,757,recreational_vehicle,truck,0.026928173378109932,0.0015513356775045395,0.0
resnet50,truck8-bottle2.png,truck,bottle,texture,711,perfume,bottle,6.81319001216707e-09,0.005668688099831343,0.0
resnet50,truck8-cat2.png,truck,cat,texture,299,meerkat,cat,9.472561941947788e-06,0.008759371004998684,0.0
resnet50,truck8-dog3.png,truck,dog,neither,151,Chihuahua,bear,0.0018065515905618668,0.003606109181419015,0.08743967115879059
resnet50,truck8-elephant1.png,truck,elephant,texture,386,African_elephant,elephant,2.343112646485679e-05,0.2761841416358948,0.0
resnet50,truck8-keyboard2.png,truck,keyboard,neither,592,hard_disc,bottle,0.0007382354233413935,0.00294450088404119,0.27887988090515137
resnet50,truck9-airplane2.png,truck,airplane,neither,751,racer,car,0.010362287983298302,0.00042343014501966536,0.3129131495952606
resnet50,truck9-boat3.png,truck,boat,shape,569,garbage_truck,truck,0.11230204254388809,3.7343761505326256e-05,0.0
resnet50,truck9-bottle2.png,truck,bottle,texture,907,wine_bottle,bottle,1.44664923595883e-07,0.1138613373041153,0.0
resnet50,truck9-chair3.png,truck,chair,neither,498,cinema,car,0.0018178633181378245,0.001106682582758367,0.31822964549064636
resnet50,truck9-elephant1.png,truck,elephant,texture,386,African_elephant,elephant,2.3927673282742035e-06,0.44683414697647095,0.0
shape_resnet50_SIN,airplane1-bicycle2.png,airplane,bicycle,neither,34,leatherback_turtle,bird,9.106556535698473e-05,1.7599664715817198e-05,0.5308313965797424
shape_resnet50_SIN,airplane1-chair2.png,airplane,chair,neither,77,wolf_spider,oven,5.616935141006252e-06,2.54140959441429e-05,0.5743919610977173
shape_resnet50_SIN,airplane1-clock1.png,airplane,clock,shape,730,plow,airplane,0.013683421537280083,0.0008498122333548963,0.0
shape_resnet50_SIN,airplane1-elephant1.png,airplane,elephant,neither,904,window_screen,clock,0.0001065939650288783,9.573693205311429e-06,0.18710272014141083
shape_resnet50_SIN,airplane10-bear3.png,airplane,bear,neither,144,pelican,elephant,1.788070221664384e-05,7.437093154294416e-05,0.2731822729110718
shape_resnet50_SIN,airplane10-boat3.png,airplane,boat,shape,803,snowplow,airplane,0.032039083540439606,0.003603068646043539,0.0
shape_resnet50_SIN,airplane10-car3.png,airplane,car,shape,913,wreck,airplane,0.014270845800638199,0.00033043589792214334,0.0
shape_resnet50_SIN,airplane10-cat2.png,airplane,cat,neither,112,conch,knife,1.4807343177380972e-05,0.02414523996412754,0.1430509239435196
shape_resnet50_SIN,airplane10-dog3.png,airplane,dog,texture,343,warthog,dog,0.00025642631226219237,0.0034722923301160336,0.0
shape_resnet50_SIN,airplane10-elephant1.png,airplane,elephant,neither,591,handkerchief,chair,0.0016143362736329436,2.1999749151291326e-05,0.20549260079860687
shape_resnet50_SIN,airplane10-knife3.png,airplane,knife,texture,629,lipstick,knife,0.00042829394806176424,0.008471879176795483,0.0
shape_resnet50_SIN,airplane10-oven2.png,airplane,oven,shape,895,warplane,airplane,0.12020013481378555,0.0014330149861052632,0.0
shape_resnet50_SIN,airplane10-truck1.png,airplane,truck,shape,830,stretcher,airplane,0.044489163905382156,0.0010891837300732732,0.0
shape_resnet50_SIN,airplane2-bear1.png,airplane,bear,neither,868,tray,elephant,1.7209620637004264e-05,0.005666108801960945,0.1465025693178177
shape_resnet50_SIN,airplane2-bicycle1.png,airplane,bicycle,neither,42,agama,bottle,3.6211279166309396e-06,4.624875873560086e-05,0.07908856123685837
shape_resnet50_SIN,airplane2-bird3.png,airplane,bird,neither,797,sleeping_bag,cat,1.9872255506925285e-05,0.0011495320359244943,0.19202198088169098
shape_resnet50_SIN,airplane2-bottle1.png,airplane,bottle,neither,49,African_crocodile,elephant,2.937425733762211e-06,2.0353645595605485e-05,0.3902817368507385
shape_resnet50_SIN,airplane2-cat1.png,airplane,cat,texture,76,tarantula,cat,1.05063973023789e-05,0.0010735569521784782,0.0
shape_resnet50_SIN,airplane2-dog1.png,airplane,dog,texture,186,Norwich_terrier,dog,8.37483603390865e-05,0.006271849386394024,0.0
shape_resnet50_SIN,airplane3-car1.png,airplane,car,neither,124,crayfish,oven,0.00015805997827555984,3.432210723985918e-05,0.38572993874549866
shape_resnet50_SIN,airplane3-cat1.png,airplane,cat,neither,216,clumber,dog,3.0791727567702765e-07,0.0009669314022175968,0.14294694364070892
shape_resnet50_SIN,airplane3-chair3.png,airplane,chair,neither,896,washbasin,boat,2.6222267479170114e-05,3.981327608926222e-05,0.7275487780570984
shape_resnet50_SIN,airplane3-clock1.png,airplane,clock,neither,58,water_snake,bottle,4.824673851544503e-06,0.00010627470328472555,0.17895163595676422
shape_resnet50_SIN,airplane3-dog1.png,airplane,dog,neither,79,centipede,clock,7.430137429764727e-07,0.0015465841861441731,0.06053487956523895
shape_resnet50_SIN,airplane3-elephant1.png,airplane,elephant,neither,591,handkerchief,bottle,7.541929676335712e-07,4.14887426813948e-06,0.6624884605407715
shape_resnet50_SIN,airplane3-keyboard2.png,airplane,keyboard,neither,662,modem,knife,4.8476108531758655e-06,0.00022609940788242966,0.20008617639541626
shape_resnet50_SIN,airplane3-oven1.png,airplane,oven,texture,760,refrigerator,oven,0.0038719114381819963,0.005767338443547487,0.0
shape_resnet50_SIN,airplane4-bear3.png,airplane,bear,neither,858,tile_roof,elephant,4.588273441186175e-06,0.00020188972121104598,0.0921192392706871
shape_resnet50_SIN,airplane4-bicycle2.png,airplane,bicycle,neither,44,alligator_lizard,bottle,9.47864191402914e-06,3.0233425150072435e-06,0.1537931263446808
shape_resnet50_SIN,airplane4-bird3.png,airplane,bird,neither,677,nail,elephant,0.001129636075347662,0.0010358990402892232,0.08303351700305939
shape_resnet50_SIN,airplane4-boat3.png,airplane,boat,neither,913,wreck,clock,0.001157808699645102,0.0004215079825371504,0.20578987896442413
shape_resnet50_SIN,airplane4-bottle1.png,airplane,bottle,neither,49,African_crocodile,elephant,1.4212436099114711e-06,6.288008989940863e-06,0.9060385823249817
shape_resnet50_SIN,airplane4-car1.png,airplane,car,neither,38,banded_gecko,oven,2.703825339267496e-05,6.0164984461152926e-05,0.22746139764785767
shape_resnet50_SIN,airplane4-cat3.png,airplane,cat,neither,700,paper_towel,knife,3.0760270419705193e-06,0.00016055128071457148,0.19192913174629211
shape_resnet50_SIN,airplane4-dog2.png,airplane,dog,neither,431,bassinet,bear,2.0584187950589694e-05,0.0031455871649086475,0.1770867258310318
shape_resnet50_SIN,airplane4-elephant1.png,airplane,elephant,neither,431,bassinet,chair,5.081933068140643e-06,1.9850238004437415e-06,0.43276017904281616
shape_resnet50_SIN,airplane4-keyboard3.png,airplane,keyboard,neither,457,bow_tie,knife,3.447536801104434e-05,1.884255834738724e-05,0.20962761342525482
shape_resnet50_SIN,airplane4-knife1.png,airplane,knife,neither,525,dam,bottle,8.148203050950542e-05,0.004190599545836449,0.33879902958869934
shape_resnet50_SIN,airplane4-truck2.png,airplane,truck,texture,803,snowplow,truck,5.537145625567064e-05,0.004428504966199398,0.0
shape_resnet50_SIN,airplane5-bear2.png,airplane,bear,texture,296,ice_bear,bear,2.761254563665716e-06,0.06044166907668114,0.0
shape_resnet50_SIN,airplane5-bicycle1.png,airplane,bicycle,neither,34,leatherback_turtle,bottle,4.976330092176795e-05,1.2236732800374739e-05,0.4159533679485321
shape_resnet50_SIN,airplane5-bird2.png,airplane,bird,shape,4,hammerhead,airplane,0.03458192199468613,7.10277454345487e-05,0.0
shape_resnet50_SIN,airplane5-boat3.png,airplane,boat,neither,790,shopping_basket,bottle,0.0002047120506176725,5.2200000936863944e-05,0.37776491045951843
shape_resnet50_SIN,airplane5-bottle3.png,airplane,bottle,texture,300,tiger_beetle,bottle,4.144455488130916e-06,0.01066768728196621,0.0
shape_resnet50_SIN,airplane5-chair3.png,airplane,chair,texture,459,brassiere,chair,0.0002448974410071969,0.005344021134078503,0.0
shape_resnet50_SIN,airplane5-dog3.png,airplane,dog,neither,212,English_setter,cat,3.814525825873716e-06,0.0051231542602181435,0.11192372441291809
shape_resnet50_SIN,airplane5-knife1.png,airplane,knife,neither,726,plane,chair,0.0004898950573988259,0.0003693921025842428,0.7009527087211609
shape_resnet50_SIN,airplane5-oven3.png,airplane,oven,shape,760,refrigerator,airplane,0.02844717539846897,5.275274452287704e-05,0.0
shape_resnet50_SIN,airplane6-bear3.png,airplane,bear,neither,51,triceratops,elephant,5.5921796047186945e-06,8.05751042207703e-05,0.1312667727470398
shape_resnet50_SIN,airplane6-bottle2.png,airplane,bottle,shape,459,brassiere,airplane,0.014636739157140255,0.01289726234972477,0.0
shape_resnet50_SIN,airplane6-chair3.png,airplane,chair,shape,895,warplane,airplane,0.03707662969827652,0.0005458251689560711,0.0
shape_resnet50_SIN,airplane6-keyboard3.png,airplane,keyboard,shape,908,wing,airplane,0.02523614838719368,0.0020564505830407143,0.0
shape_resnet50_SIN,airplane6-knife1.png,airplane,knife,shape,726,plane,airplane,0.0013413953129202127,0.0003604246012400836,0.0
shape_resnet50_SIN,airplane7-bird3.png,airplane,bird,texture,22,bald_eagle,bird,0.0008321240893565118,0.014761293306946754,0.0
shape_resnet50_SIN,airplane7-boat2.png,airplane,boat,shape,562,fountain,airplane,0.003139234147965908,0.002451758598908782,0.0
shape_resnet50_SIN,airplane7-bottle3.png,airplane,bottle,shape,591,handkerchief,airplane,0.0009731833124533296,0.000903055421076715,0.0
shape_resnet50_SIN,airplane7-car1.png,airplane,car,shape,26,common_newt,airplane,0.018368512392044067,0.00016997166676446795,0.0
shape_resnet50_SIN,airplane7-cat3.png,airplane,cat,neither,462,broom,knife,0.00032958455267362297,0.0005337385809980333,0.130626380443573
shape_resnet50_SIN,airplane7-clock3.png,airplane,clock,neither,112,conch,knife,3.1609783945896197e-07,1.762083593348507e-05,0.14090780913829803
shape_resnet50_SIN,airplane7-keyboard1.png,airplane,keyboard,neither,868,tray,knife,0.00026121633709408343,0.0008312585414387286,0.10551020503044128
shape_resnet50_SIN,airplane7-truck1.png,airplane,truck,shape,730,plow,airplane,0.0009567892411723733,0.0007575550116598606,0.0
shape_resnet50_SIN,airplane8-bicycle3.png,airplane,bicycle,neither,980,volcano,oven,6.579814362339675e-05,5.781510117230937e-05,0.09390580654144287
shape_resnet50_SIN,airplane8-bird1.png,airplane,bird,neither,431,bassinet,bottle,3.155787635478191e-05,5.637552021653391e-06,0.7953862547874451
shape_resnet50_SIN,airplane8-chair1.png,airplane,chair,neither,431,bassinet,clock,1.5316513781726826e-06,5.598793359240517e-05,0.10259068757295609
shape_resnet50_SIN,airplane8-clock2.png,airplane,clock,neither,120,fiddler_crab,bottle,0.0001329767401330173,8.214532135752961e-05,0.1626649796962738
shape_resnet50_SIN,airplane8-elephant3.png,airplane,elephant,shape,68,sidewinder,airplane,0.0027731398586183786,0.0007582851685583591,0.0
shape_resnet50_SIN,airplane8-oven2.png,airplane,oven,texture,876,tub,oven,4.0860093577066436e-05,0.004139563534408808,0.0
shape_resnet50_SIN,airplane8-truck3.png,airplane,truck,neither,896,washbasin,knife,0.0003184574015904218,8.262504707090557e-05,0.04735594615340233
shape_resnet50_SIN,airplane9-boat1.png,airplane,boat,neither,122,American_lobster,bicycle,0.000439067545812577,9.093990956898779e-05,0.5148381590843201
shape_resnet50_SIN,airplane9-car2.png,airplane,car,neither,784,screwdriver,knife,0.00034826825140044093,0.00014386673865374178,0.13590945303440094
shape_resnet50_SIN,airplane9-clock1.png,airplane,clock,neither,35,mud_turtle,knife,1.938546120072715e-06,7.214242941699922e-06,0.3434829115867615
shape_resnet50_SIN,airplane9-keyboard2.png,airplane,keyboard,neither,174,Norwegian_elkhound,knife,0.0002643894113134593,0.0009241398656740785,0.03482750803232193
shape_resnet50_SIN,airplane9-knife3.png,airplane,knife,texture,760,refrigerator,knife,1.5999756897144835e-06,0.01253558974713087,0.0
shape_resnet50_SIN,airplane9-oven2.png,airplane,oven,texture,75,black_widow,oven,0.002469489350914955,0.007061838172376156,0.0
shape_resnet50_SIN,airplane9-truck1.png,airplane,truck,neither,674,mousetrap,oven,0.00016927251999732107,0.00014250709500629455,0.10169780999422073
shape_resnet50_SIN,bear1-airplane3.png,bear,airplane,shape,296,ice_bear,bear,0.24358025193214417,1.3409709026745986e-05,0.0
shape_resnet50_SIN,bear1-bicycle3.png,bear,bicycle,shape,294,brown_bear,bear,0.13256637752056122,4.176971742708702e-06,0.0
shape_resnet50_SIN,bear1-bird2.png,bear,bird,shape,296,ice_bear,bear,0.24782299995422363,2.8345971259113867e-07,0.0
shape_resnet50_SIN,bear1-chair2.png,bear,chair,neither,961,dough,oven,0.002127591520547867,0.00018162443302571774,0.13781799376010895
shape_resnet50_SIN,bear1-clock2.png,bear,clock,shape,296,ice_bear,bear,0.11484910547733307,1.9346041881362908e-05,0.0
shape_resnet50_SIN,bear1-elephant1.png,bear,elephant,shape,296,ice_bear,bear,0.16745127737522125,0.001628416357561946,0.0
shape_resnet50_SIN,bear10-bottle1.png,bear,bottle,neither,599,honeycomb,elephant,0.0005706800147891045,3.75218442059122e-05,0.4558333456516266
shape_resnet50_SIN,bear10-car2.png,bear,car,neither,62,rock_python,keyboard,3.251252928748727e-05,0.0002707115199882537,0.09382383525371552
shape_resnet50_SIN,bear10-cat2.png,bear,cat,shape,296,ice_bear,bear,0.16977767646312714,0.0014676222344860435,0.0
shape_resnet50_SIN,bear10-chair2.png,bear,chair,neither,932,pretzel,oven,5.674914973496925e-06,0.0004940068465657532,0.3894728422164917
shape_resnet50_SIN,bear10-clock1.png,bear,clock,neither,925,consomme,elephant,0.0003678915381897241,4.621390326065011e-05,0.07543308287858963
shape_resnet50_SIN,bear10-elephant1.png,bear,elephant,neither,750,quilt,bottle,0.00010151619790121913,8.97234640433453e-05,0.11835943907499313
shape_resnet50_SIN,bear10-keyboard3.png,bear,keyboard,neither,530,digital_clock,clock,6.912101525813341e-06,0.0009831469506025314,0.19164131581783295
shape_resnet50_SIN,bear10-knife2.png,bear,knife,neither,344,hippopotamus,elephant,0.0004418295284267515,0.003442247398197651,0.23462405800819397
shape_resnet50_SIN,bear10-oven1.png,bear,oven,neither,85,quail,knife,8.220439667638857e-06,0.000129644715343602,0.28699904680252075
shape_resnet50_SIN,bear10-truck1.png,bear,truck,texture,694,paddlewheel,truck,1.3286627336128731e-06,0.0006491840467788279,0.0
shape_resnet50_SIN,bear2-airplane1.png,bear,airplane,neither,51,triceratops,elephant,0.0028679200913757086,0.004263781942427158,0.22686871886253357
shape_resnet50_SIN,bear2-bird3.png,bear,bird,shape,294,brown_bear,bear,0.1899579018354416,4.063831875100732e-05,0.0
shape_resnet50_SIN,bear2-car2.png,bear,car,neither,337,beaver,oven,0.00025996941258199513,1.2151369446655735e-05,0.2551499605178833
shape_resnet50_SIN,bear2-cat2.png,bear,cat,shape,296,ice_bear,bear,0.23559831082820892,0.0001335983833996579,0.0
shape_resnet50_SIN,bear2-dog1.png,bear,dog,shape,294,brown_bear,bear,0.09838012605905533,0.003502676961943507,0.0
shape_resnet50_SIN,bear2-elephant1.png,bear,elephant,neither,90,lorikeet,bird,0.0009002165170386434,0.0010410929098725319,0.19968587160110474
shape_resnet50_SIN,bear2-keyboard2.png,bear,keyboard,neither,676,muzzle,bottle,3.259833829361014e-05,4.465907841222361e-05,0.515930712223053
shape_resnet50_SIN,bear2-knife2.png,bear,knife,neither,45,Gila_monster,elephant,0.0006932865362614393,0.000517018255777657,0.18826977908611298
shape_resnet50_SIN,bear2-oven1.png,bear,oven,neither,30,bullfrog,cat,0.0004918059566989541,0.0014718575403094292,0.17171546816825867
shape_resnet50_SIN,bear3-airplane1.png,bear,airplane,neither,385,Indian_elephant,elephant,0.0018650924321264029,0.0002811505110003054,0.35840675234794617
shape_resnet50_SIN,bear3-bicycle2.png,bear,bicycle,neither,500,cliff_dwelling,bird,0.00020699585729744285,9.726475400384516e-05,0.3779248893260956
shape_resnet50_SIN,bear3-bird3.png,bear,bird,shape,233,Bouvier_des_Flandres,bear,0.03937065601348877,0.0004578272928483784,0.0
shape_resnet50_SIN,bear3-car2.png,bear,car,neither,385,Indian_elephant,elephant,0.0004606243746820837,3.0424103897530586e-05,0.09068450331687927
shape_resnet50_SIN,bear3-cat1.png,bear,cat,shape,266,miniature_poodle,bear,0.06899384409189224,0.0005559152341447771,0.0
shape_resnet50_SIN,bear3-chair2.png,bear,chair,texture,932,pretzel,chair,1.450576519346214e-06,0.00010344386828364804,0.0
shape_resnet50_SIN,bear3-dog3.png,bear,dog,shape,255,Leonberg,bear,0.012074727565050125,0.007282651495188475,0.0
shape_resnet50_SIN,bear3-keyboard2.png,bear,keyboard,texture,413,assault_rifle,keyboard,4.801118848263286e-06,0.00014702515909448266,0.0
shape_resnet50_SIN,bear3-truck3.png,bear,truck,neither,792,shovel,chair,0.00014312822895590216,0.00047305275802500546,0.1983729898929596
shape_resnet50_SIN,bear4-boat2.png,bear,boat,neither,562,fountain,elephant,0.0004894053563475609,0.0012983829947188497,0.18537116050720215
shape_resnet50_SIN,bear4-car3.png,bear,car,neither,534,dishwasher,elephant,0.00021556457795668393,0.00035430616117082536,0.17794151604175568
shape_resnet50_SIN,bear4-cat3.png,bear,cat,shape,721,pillow,bear,0.0030977297574281693,7.325184560613707e-05,0.0
shape_resnet50_SIN,bear4-clock3.png,bear,clock,neither,33,loggerhead,elephant,0.0024241949431598186,3.35627123604354e-06,0.40632006525993347
shape_resnet50_SIN,bear4-elephant2.png,bear,elephant,shape,294,brown_bear,bear,0.09315621107816696,0.0009619220509193838,0.0
shape_resnet50_SIN,bear4-keyboard3.png,bear,keyboard,neither,960,chocolate_sauce,knife,0.00019361553131602705,0.0001833153801271692,0.23116184771060944
shape_resnet50_SIN,bear4-knife1.png,bear,knife,neither,500,cliff_dwelling,elephant,0.0007051423890516162,0.00011198735592188314,0.07657061517238617
shape_resnet50_SIN,bear4-oven2.png,bear,oven,neither,844,switch,bottle,0.00015689004794694483,0.00037454001721926033,0.25478583574295044
shape_resnet50_SIN,bear4-truck3.png,bear,truck,neither,760,refrigerator,elephant,0.0017707558581605554,0.00023743629571981728,0.1808519959449768
shape_resnet50_SIN,bear5-airplane3.png,bear,airplane,shape,260,chow,bear,0.03804738447070122,0.0004415796138346195,0.0
shape_resnet50_SIN,bear5-bicycle3.png,bear,bicycle,neither,294,brown_bear,elephant,0.04212798923254013,9.151426638709381e-06,0.14239932596683502
shape_resnet50_SIN,bear5-bird1.png,bear,bird,neither,385,Indian_elephant,elephant,0.06361008435487747,0.0001443752262275666,0.2262689173221588
shape_resnet50_SIN,bear5-boat2.png,bear,boat,shape,233,Bouvier_des_Flandres,bear,0.011383706703782082,5.351450454327278e-05,0.0
shape_resnet50_SIN,bear5-bottle1.png,bear,bottle,shape,228,komondor,bear,0.01567741297185421,6.356339326885063e-06,0.0
shape_resnet50_SIN,bear5-chair1.png,bear,chair,neither,700,paper_towel,clock,1.635657827137038e-05,0.0004317336424719542,0.12756207585334778
shape_resnet50_SIN,bear5-oven3.png,bear,oven,shape,260,chow,bear,0.014217466115951538,0.0013706916943192482,0.0
shape_resnet50_SIN,bear6-bird2.png,bear,bird,shape,296,ice_bear,bear,0.16654808819293976,9.25884596654214e-05,0.0
shape_resnet50_SIN,bear6-boat3.png,bear,boat,neither,406,altar,bottle,8.868395525496453e-06,0.00010504464444238693,0.3397941589355469
shape_resnet50_SIN,bear6-bottle3.png,bear,bottle,neither,964,potpie,elephant,4.8913669161265716e-05,0.00039480251143686473,0.4787997901439667
shape_resnet50_SIN,bear6-car2.png,bear,car,neither,34,leatherback_turtle,elephant,0.0005739644402638078,1.0662904060154688e-05,0.2650696337223053
shape_resnet50_SIN,bear6-cat3.png,bear,cat,neither,700,paper_towel,bottle,0.002154732821509242,0.00012452766532078385,0.21446770429611206
shape_resnet50_SIN,bear6-chair1.png,bear,chair,neither,75,black_widow,cat,5.6047883845167235e-06,3.110720354015939e-05,0.27127256989479065
shape_resnet50_SIN,bear6-clock1.png,bear,clock,neither,971,bubble,bottle,0.0007503899978473783,0.0022884865757077932,0.18951527774333954
shape_resnet50_SIN,bear7-bicycle2.png,bear,bicycle,shape,347,bison,bear,0.021449988707900047,2.5661298423074186e-05,0.0
shape_resnet50_SIN,bear7-clock1.png,bear,clock,shape,611,jigsaw_puzzle,bear,0.011297334916889668,0.0060841855593025684,0.0
shape_resnet50_SIN,bear7-dog3.png,bear,dog,shape,294,brown_bear,bear,0.22692148387432098,0.00011309584806440398,0.0
shape_resnet50_SIN,bear7-oven3.png,bear,oven,shape,637,mailbox,bear,0.032991956919431686,0.0009927499340847135,0.0
shape_resnet50_SIN,bear7-truck1.png,bear,truck,neither,160,Afghan_hound,dog,0.003780937986448407,0.0001742894237395376,0.2569848895072937
shape_resnet50_SIN,bear8-airplane1.png,bear,airplane,neither,256,Newfoundland,clock,0.005974656902253628,0.000288912036921829,0.18255312740802765
shape_resnet50_SIN,bear8-bicycle3.png,bear,bicycle,shape,290,jaguar,bear,0.02540481835603714,4.107408102527188e-08,0.0
shape_resnet50_SIN,bear8-boat2.png,bear,boat,texture,292,tiger,boat,0.00030219799373298883,0.0038763615302741528,0.0
shape_resnet50_SIN,bear8-bottle1.png,bear,bottle,neither,599,honeycomb,elephant,0.002714073285460472,9.870005305856466e-05,0.2866770625114441
shape_resnet50_SIN,bear8-dog1.png,bear,dog,shape,610,jersey,bear,0.005738502833992243,0.004486043471843004,0.0
shape_resnet50_SIN,bear8-elephant2.png,bear,elephant,shape,294,brown_bear,bear,0.11185644567012787,1.0585612471913919e-05,0.0
shape_resnet50_SIN,bear8-knife3.png,bear,knife,shape,294,brown_bear,bear,0.22113437950611115,4.725842245534295e-06,0.0
shape_resnet50_SIN,bear8-truck3.png,bear,truck,texture,560,football_helmet,truck,2.916748599091079e-05,0.008222994394600391,0.0
shape_resnet50_SIN,bear9-boat2.png,bear,boat,neither,599,honeycomb,oven,0.0003098266024608165,1.0007848686655052e-05,0.268324077129364
shape_resnet50_SIN,bear9-bottle2.png,bear,bottle,neither,184,Irish_terrier,dog,0.003325474914163351,0.00022981365327723324,0.12051835656166077
shape_resnet50_SIN,bear9-dog1.png,bear,dog,shape,294,brown_bear,bear,0.16871613264083862,7.550218288088217e-05,0.0
shape_resnet50_SIN,bear9-keyboard3.png,bear,keyboard,texture,413,assault_rifle,keyboard,0.0004881536297034472,0.002975567476823926,0.0
shape_resnet50_SIN,bear9-knife2.png,bear,knife,shape,367,chimpanzee,bear,0.019132083281874657,9.617341129342094e-05,0.0
shape_resnet50_SIN,bicycle1-airplane2.png,bicycle,airplane,shape,671,mountain_bike,bicycle,0.43900853395462036,1.485927612066007e-07,0.0
shape_resnet50_SIN,bicycle1-bear1.png,bicycle,bear,neither,276,hyena,elephant,0.0028678695671260357,0.003573052119463682,0.09451425075531006
shape_resnet50_SIN,bicycle1-bird1.png,bicycle,bird,shape,84,peacock,bicycle,0.001467619789764285,0.00025899085449054837,0.0
shape_resnet50_SIN,bicycle1-boat3.png,bicycle,boat,shape,870,tricycle,bicycle,0.007272838149219751,1.0388908776803873e-05,0.0
shape_resnet50_SIN,bicycle1-bottle3.png,bicycle,bottle,shape,671,mountain_bike,bicycle,0.2663133442401886,4.8481797421118245e-05,0.0
shape_resnet50_SIN,bicycle1-chair1.png,bicycle,chair,shape,870,tricycle,bicycle,0.0015129155945032835,0.00024032450164668262,0.0
shape_resnet50_SIN,bicycle1-clock3.png,bicycle,clock,shape,826,stopwatch,bicycle,0.03843996301293373,0.019140396267175674,0.0
shape_resnet50_SIN,bicycle1-dog3.png,bicycle,dog,neither,868,tray,knife,0.0005629080696962774,6.319097883533686e-05,0.2631904184818268
shape_resnet50_SIN,bicycle1-elephant2.png,bicycle,elephant,shape,870,tricycle,bicycle,0.10703253746032715,1.8464947970642243e-07,0.0
shape_resnet50_SIN,bicycle1-knife3.png,bicycle,knife,neither,172,whippet,clock,0.008652538061141968,0.0006882571033202112,0.11104776710271835
shape_resnet50_SIN,bicycle1-oven1.png,bicycle,oven,shape,763,revolver,bicycle,0.03712134063243866,3.634109816630371e-05,0.0
shape_resnet50_SIN,bicycle1-truck1.png,bicycle,truck,shape,870,tricycle,bicycle,0.012229816988110542,3.556167575879954e-05,0.0
shape_resnet50_SIN,bicycle10-airplane2.png,bicycle,airplane,shape,671,mountain_bike,bicycle,0.19016970694065094,1.973275630007265e-06,0.0
shape_resnet50_SIN,bicycle10-boat3.png,bicycle,boat,shape,870,tricycle,bicycle,0.04434836283326149,5.422111280495301e-05,0.0
shape_resnet50_SIN,bicycle10-clock2.png,bicycle,clock,shape,671,mountain_bike,bicycle,0.13062606751918793,0.10719284415245056,0.0
shape_resnet50_SIN,bicycle10-dog3.png,bicycle,dog,neither,291,lion,elephant,8.892813639249653e-05,0.0027372983749955893,0.1025315523147583
shape_resnet50_SIN,bicycle10-elephant2.png,bicycle,elephant,shape,870,tricycle,bicycle,0.017715774476528168,0.00014541247219312936,0.0
shape_resnet50_SIN,bicycle2-bird3.png,bicycle,bird,neither,500,cliff_dwelling,knife,5.8965146308764815e-05,2.222922739747446e-05,0.14396385848522186
shape_resnet50_SIN,bicycle2-bottle1.png,bicycle,bottle,neither,50,American_alligator,clock,0.0036634558346122503,0.0002579403226263821,0.27970513701438904
shape_resnet50_SIN,bicycle2-car2.png,bicycle,car,shape,891,waffle_iron,bicycle,0.0025785979814827442,0.0005997710977680981,0.0
shape_resnet50_SIN,bicycle2-dog1.png,bicycle,dog,texture,584,hair_slide,dog,6.416172254830599e-05,0.0012068033684045076,0.0
shape_resnet50_SIN,bicycle2-keyboard2.png,bicycle,keyboard,neither,745,projector,knife,1.0014109648182057e-05,0.00034416306880302727,0.11953739076852798
shape_resnet50_SIN,bicycle2-knife2.png,bicycle,knife,texture,500,cliff_dwelling,knife,0.00023038682411424816,0.003090227721258998,0.0
shape_resnet50_SIN,bicycle3-bird1.png,bicycle,bird,texture,14,indigo_bunting,bird,1.641030394239351e-05,0.009764475747942924,0.0
shape_resnet50_SIN,bicycle3-elephant2.png,bicycle,elephant,neither,870,tricycle,clock,0.0006014546379446983,1.5688388884882443e-05,0.5217777490615845
shape_resnet50_SIN,bicycle3-keyboard1.png,bicycle,keyboard,shape,880,unicycle,bicycle,0.16886425018310547,4.764317225181003e-07,0.0
shape_resnet50_SIN,bicycle3-oven3.png,bicycle,oven,shape,880,unicycle,bicycle,0.15895095467567444,8.585029718233272e-07,0.0
shape_resnet50_SIN,bicycle3-truck3.png,bicycle,truck,shape,587,hammer,bicycle,0.0014697574079036713,3.27958696288988e-06,0.0
shape_resnet50_SIN,bicycle4-airplane1.png,bicycle,airplane,shape,880,unicycle,bicycle,0.16624926030635834,6.970402210981774e-08,0.0
shape_resnet50_SIN,bicycle4-boat1.png,bicycle,boat,shape,671,mountain_bike,bicycle,0.48698365688323975,1.942170424484857e-09,0.0
shape_resnet50_SIN,bicycle4-bottle1.png,bicycle,bottle,shape,455,bottlecap,bicycle,0.05431337654590607,0.00011375650501577184,0.0
shape_resnet50_SIN,bicycle4-car2.png,bicycle,car,shape,671,mountain_bike,bicycle,0.43040937185287476,1.3229193029928865e-07,0.0
shape_resnet50_SIN,bicycle4-cat1.png,bicycle,cat,shape,880,unicycle,bicycle,0.012213199399411678,0.00015326096036005765,0.0
shape_resnet50_SIN,bicycle4-chair2.png,bicycle,chair,shape,671,mountain_bike,bicycle,0.2549886107444763,0.00011361455835867673,0.0
shape_resnet50_SIN,bicycle4-clock3.png,bicycle,clock,shape,671,mountain_bike,bicycle,0.22712929546833038,5.8687583077698946e-05,0.0
shape_resnet50_SIN,bicycle4-keyboard3.png,bicycle,keyboard,neither,535,disk_brake,airplane,0.0035174021031707525,0.0003250169684179127,0.26027730107307434
shape_resnet50_SIN,bicycle4-knife3.png,bicycle,knife,shape,880,unicycle,bicycle,0.10463344305753708,4.8549820348853245e-05,0.0
shape_resnet50_SIN,bicycle4-oven3.png,bicycle,oven,shape,880,unicycle,bicycle,0.1919950693845749,1.3736131343478064e-08,0.0
shape_resnet50_SIN,bicycle4-truck3.png,bicycle,truck,shape,870,tricycle,bicycle,0.006684519816190004,6.079170270822942e-05,0.0
shape_resnet50_SIN,bicycle5-bear1.png,bicycle,bear,neither,138,bustard,bird,1.1902473488589749e-05,0.0001271429064217955,0.08063134551048279
shape_resnet50_SIN,bicycle5-bottle3.png,bicycle,bottle,shape,671,mountain_bike,bicycle,0.38524970412254333,5.993423997097125e-07,0.0
shape_resnet50_SIN,bicycle5-car3.png,bicycle,car,shape,671,mountain_bike,bicycle,0.33021414279937744,1.269029326067539e-05,0.0
shape_resnet50_SIN,bicycle5-cat1.png,bicycle,cat,texture,356,weasel,cat,7.828176421753597e-06,0.01253571268171072,0.0
shape_resnet50_SIN,bicycle5-chair2.png,bicycle,chair,shape,880,unicycle,bicycle,0.02783486619591713,1.3514440070139244e-05,0.0
shape_resnet50_SIN,bicycle5-dog2.png,bicycle,dog,shape,444,bicycle-built-for-two,bicycle,0.16036559641361237,6.11465802649036e-05,0.0
shape_resnet50_SIN,bicycle5-elephant1.png,bicycle,elephant,shape,880,unicycle,bicycle,0.2672102451324463,4.913444584531135e-08,0.0
shape_resnet50_SIN,bicycle5-keyboard3.png,bicycle,keyboard,neither,435,bathtub,knife,4.650975370168453e-06,5.371492079575546e-05,0.0868748277425766
shape_resnet50_SIN,bicycle5-oven3.png,bicycle,oven,neither,880,unicycle,clock,0.002779336180537939,8.565943426219746e-05,0.2911307215690613
shape_resnet50_SIN,bicycle6-airplane2.png,bicycle,airplane,texture,758,reel,airplane,0.0058918241411447525,0.010009790770709515,0.0
shape_resnet50_SIN,bicycle6-boat2.png,bicycle,boat,shape,671,mountain_bike,bicycle,0.24995818734169006,6.256003689486533e-05,0.0
shape_resnet50_SIN,bicycle6-car2.png,bicycle,car,texture,803,snowplow,car,0.0002672674600034952,0.0020721200853586197,0.0
shape_resnet50_SIN,bicycle6-cat1.png,bicycle,cat,neither,276,hyena,dog,5.375119371819892e-07,0.001473566866479814,0.26323166489601135
shape_resnet50_SIN,bicycle6-dog2.png,bicycle,dog,neither,584,hair_slide,elephant,0.003240700578317046,0.0019776630215346813,0.06843037158250809
shape_resnet50_SIN,bicycle7-bear2.png,bicycle,bear,shape,671,mountain_bike,bicycle,0.2654026448726654,4.699955752585083e-06,0.0
shape_resnet50_SIN,bicycle7-cat1.png,bicycle,cat,shape,880,unicycle,bicycle,0.045267391949892044,0.00036211684346199036,0.0
shape_resnet50_SIN,bicycle7-clock3.png,bicycle,clock,shape,671,mountain_bike,bicycle,0.30050650238990784,0.0006212537991814315,0.0
shape_resnet50_SIN,bicycle7-elephant2.png,bicycle,elephant,shape,671,mountain_bike,bicycle,0.36381903290748596,6.407616126580251e-08,0.0
shape_resnet50_SIN,bicycle7-knife2.png,bicycle,knife,shape,635,magnetic_compass,bicycle,0.10292062163352966,0.0008562302682548761,0.0
shape_resnet50_SIN,bicycle7-oven1.png,bicycle,oven,shape,671,mountain_bike,bicycle,0.4406459927558899,9.018597779686388e-07,0.0
shape_resnet50_SIN,bicycle7-truck3.png,bicycle,truck,shape,671,mountain_bike,bicycle,0.4330231547355652,4.924211793877475e-07,0.0
shape_resnet50_SIN,bicycle8-bear2.png,bicycle,bear,shape,870,tricycle,bicycle,0.011328702792525291,0.000149281564517878,0.0
shape_resnet50_SIN,bicycle8-bird2.png,bicycle,bird,shape,671,mountain_bike,bicycle,0.4931163787841797,4.102762130031579e-09,0.0
shape_resnet50_SIN,bicycle8-boat1.png,bicycle,boat,shape,671,mountain_bike,bicycle,0.45669516921043396,3.58556881963068e-08,0.0
shape_resnet50_SIN,bicycle8-chair2.png,bicycle,chair,shape,880,unicycle,bicycle,0.09025657176971436,6.414701601897832e-06,0.0
shape_resnet50_SIN,bicycle8-clock3.png,bicycle,clock,shape,880,unicycle,bicycle,0.16809475421905518,0.0009631432476453483,0.0
shape_resnet50_SIN,bicycle8-truck1.png,bicycle,truck,shape,870,tricycle,bicycle,0.03282170742750168,5.8182845208420986e-09,0.0
shape_resnet50_SIN,bicycle9-airplane2.png,bicycle,airplane,shape,870,tricycle,bicycle,0.19716720283031464,2.2844687919132411e-07,0.0
shape_resnet50_SIN,bicycle9-bear1.png,bicycle,bear,neither,69,trilobite,cat,1.0282711627951358e-05,0.000553441874217242,0.3758784532546997
shape_resnet50_SIN,bicycle9-bird3.png,bicycle,bird,neither,635,magnetic_compass,clock,0.005066227167844772,3.4371510992059484e-05,0.4547286629676819
shape_resnet50_SIN,bicycle9-bottle1.png,bicycle,bottle,shape,671,mountain_bike,bicycle,0.4859483242034912,1.953303154778041e-07,0.0
shape_resnet50_SIN,bicycle9-car1.png,bicycle,car,shape,671,mountain_bike,bicycle,0.4490628242492676,1.433948455087375e-06,0.0
shape_resnet50_SIN,bicycle9-cat3.png,bicycle,cat,shape,879,umbrella,bicycle,0.009970201179385185,7.634123176103458e-05,0.0
shape_resnet50_SIN,bicycle9-chair1.png,bicycle,chair,shape,870,tricycle,bicycle,0.014056948944926262,0.0002706957166083157,0.0
shape_resnet50_SIN,bicycle9-keyboard3.png,bicycle,keyboard,neither,714,pick,clock,6.044626132961639e-08,0.0005360134528018534,0.09877964854240417
shape_resnet50_SIN,bicycle9-knife3.png,bicycle,knife,shape,793,shower_cap,bicycle,0.016071613878011703,0.0015247073024511337,0.0
shape_resnet50_SIN,bird1-airplane2.png,bird,airplane,shape,728,plastic_bag,bird,0.003072470659390092,0.0014529284089803696,0.0
shape_resnet50_SIN,bird1-bear1.png,bird,bear,texture,102,echidna,bear,0.0002533624938223511,0.000301836000289768,0.0
shape_resnet50_SIN,bird1-bicycle2.png,bird,bicycle,shape,138,bustard,bird,0.009525439701974392,0.00010669999028323218,0.0
shape_resnet50_SIN,bird1-boat1.png,bird,boat,neither,971,bubble,bottle,0.0017732437700033188,0.00036117949639447033,0.1334764063358307
shape_resnet50_SIN,bird1-chair2.png,bird,chair,neither,314,cockroach,oven,9.401137504028156e-05,0.00016179372323676944,0.37838733196258545
shape_resnet50_SIN,bird1-clock3.png,bird,clock,neither,928,ice_cream,knife,0.00047215420636348426,0.00014577156980521977,0.09695694595575333
shape_resnet50_SIN,bird1-elephant2.png,bird,elephant,shape,49,African_crocodile,bird,0.0001100878871511668,1.5401983546325937e-05,0.0
shape_resnet50_SIN,bird1-keyboard3.png,bird,keyboard,neither,195,Boston_bull,dog,0.0003452311211731285,0.0001937655033543706,0.13358984887599945
shape_resnet50_SIN,bird1-knife3.png,bird,knife,texture,435,bathtub,knife,0.002136890310794115,0.0021801914554089308,0.0
shape_resnet50_SIN,bird1-oven1.png,bird,oven,shape,81,ptarmigan,bird,0.004411084111779928,9.886448970064521e-05,0.0
shape_resnet50_SIN,bird1-truck1.png,bird,truck,neither,728,plastic_bag,knife,4.114758121431805e-05,5.5489330406999215e-05,0.5517381429672241
shape_resnet50_SIN,bird10-bear2.png,bird,bear,texture,348,ram,bear,0.002160547534003854,0.01458960585296154,0.0
shape_resnet50_SIN,bird10-bicycle1.png,bird,bicycle,neither,329,sea_cucumber,bottle,0.0012522819451987743,3.052435567951761e-05,0.30190908908843994
shape_resnet50_SIN,bird10-cat1.png,bird,cat,shape,276,hyena,bird,0.003278963500633836,0.0014730483526363969,0.0
shape_resnet50_SIN,bird10-chair1.png,bird,chair,neither,416,balance_beam,knife,0.0018150701653212309,0.0007619785028509796,0.049600616097450256
shape_resnet50_SIN,bird10-clock1.png,bird,clock,neither,58,water_snake,bicycle,6.118005694588646e-05,3.352294152136892e-05,0.2038024216890335
shape_resnet50_SIN,bird10-elephant2.png,bird,elephant,neither,79,centipede,cat,1.4494577953882981e-05,1.6876658719411353e-06,0.8388535976409912
shape_resnet50_SIN,bird2-airplane3.png,bird,airplane,texture,895,warplane,airplane,0.000171677689650096,0.013917100615799427,0.0
shape_resnet50_SIN,bird2-car3.png,bird,car,neither,728,plastic_bag,bottle,0.001701823784969747,4.4411590351955965e-05,0.10785622894763947
shape_resnet50_SIN,bird2-clock3.png,bird,clock,neither,61,boa_constrictor,bottle,5.7967052271123976e-05,2.2503509171656333e-05,0.229559525847435
shape_resnet50_SIN,bird2-dog2.png,bird,dog,shape,89,sulphur-crested_cockatoo,bird,0.010433861054480076,0.00022251992777455598,0.0
shape_resnet50_SIN,bird2-knife1.png,bird,knife,neither,763,revolver,airplane,0.0007530858274549246,0.0006507844082079828,0.14029422402381897
shape_resnet50_SIN,bird3-bear3.png,bird,bear,neither,102,echidna,elephant,0.0014703006017953157,0.0001454612211091444,0.7448022961616516
shape_resnet50_SIN,bird3-boat3.png,bird,boat,neither,637,mailbox,bottle,0.00010602912516333163,0.00010208463936578482,0.14453817903995514
shape_resnet50_SIN,bird3-bottle2.png,bird,bottle,neither,562,fountain,elephant,0.0006263526156544685,0.0006264345138333738,0.14692926406860352
shape_resnet50_SIN,bird3-cat1.png,bird,cat,texture,293,cheetah,cat,0.0012047531781718135,0.0121857775375247,0.0
shape_resnet50_SIN,bird3-dog1.png,bird,dog,shape,22,bald_eagle,bird,0.005844634026288986,0.002758122282102704,0.0
shape_resnet50_SIN,bird3-knife3.png,bird,knife,neither,63,Indian_cobra,bear,7.37435111659579e-05,0.0007216031081043184,0.381062775850296
shape_resnet50_SIN,bird3-oven1.png,bird,oven,neither,713,photocopier,clock,0.000537651707418263,0.0005177209968678653,0.10448157787322998
shape_resnet50_SIN,bird3-truck3.png,bird,truck,shape,93,hornbill,bird,0.005180130247026682,0.0007918476476334035,0.0
shape_resnet50_SIN,bird4-airplane1.png,bird,airplane,neither,205,flat-coated_retriever,dog,0.00151064561214298,0.0005702290218323469,0.07055145502090454
shape_resnet50_SIN,bird4-bicycle2.png,bird,bicycle,shape,42,agama,bird,0.0025525928940624,2.8009648303850554e-05,0.0
shape_resnet50_SIN,bird4-cat3.png,bird,cat,texture,356,weasel,cat,0.000794925494119525,0.0018321987008675933,0.0
shape_resnet50_SIN,bird4-clock1.png,bird,clock,neither,36,terrapin,elephant,9.914300562741118e-07,9.460821274842601e-06,0.4622323215007782
shape_resnet50_SIN,bird4-dog3.png,bird,dog,texture,204,Lhasa,dog,0.0004312312521506101,0.005289027933031321,0.0
shape_resnet50_SIN,bird5-airplane3.png,bird,airplane,shape,14,indigo_bunting,bird,0.01634824462234974,0.0002923127613030374,0.0
shape_resnet50_SIN,bird5-bear3.png,bird,bear,shape,91,coucal,bird,0.01199349109083414,1.6339148714905605e-05,0.0
shape_resnet50_SIN,bird5-bicycle1.png,bird,bicycle,shape,10,brambling,bird,0.016093209385871887,2.476438385201618e-05,0.0
shape_resnet50_SIN,bird5-car2.png,bird,car,shape,15,robin,bird,0.02033628150820732,3.1717516435492144e-07,0.0
shape_resnet50_SIN,bird5-cat2.png,bird,cat,shape,978,seashore,bird,0.005885927006602287,0.0015185819938778877,0.0
shape_resnet50_SIN,bird5-chair1.png,bird,chair,neither,629,lipstick,knife,0.001170309609733522,6.557412416441366e-05,0.13933885097503662
shape_resnet50_SIN,bird5-dog2.png,bird,dog,shape,11,goldfinch,bird,0.011168244294822216,8.788071136223152e-05,0.0
shape_resnet50_SIN,bird5-keyboard2.png,bird,keyboard,texture,487,cellular_telephone,keyboard,0.0001303201715927571,0.0016791847301647067,0.0
shape_resnet50_SIN,bird5-oven3.png,bird,oven,neither,896,washbasin,truck,1.964220246009063e-06,4.990922752767801e-05,0.25451135635375977
shape_resnet50_SIN,bird5-truck2.png,bird,truck,neither,791,shopping_cart,boat,0.00019926617096643895,0.00020659778965637088,0.7570569515228271
shape_resnet50_SIN,bird6-airplane2.png,bird,airplane,neither,906,Windsor_tie,knife,2.133509588020388e-05,0.009778984822332859,0.2539316415786743
shape_resnet50_SIN,bird6-boat2.png,bird,boat,texture,45,Gila_monster,boat,0.00014914329221937805,0.0016051174607127905,0.0
shape_resnet50_SIN,bird6-bottle3.png,bird,bottle,texture,329,sea_cucumber,bottle,2.2752792574465275e-05,0.00061819888651371,0.0
shape_resnet50_SIN,bird6-car3.png,bird,car,neither,696,paintbrush,bottle,0.001238823402673006,8.741070814721752e-06,0.19246609508991241
shape_resnet50_SIN,bird6-elephant2.png,bird,elephant,shape,563,fountain_pen,bird,0.0029186478350311518,0.002325063804164529,0.0
shape_resnet50_SIN,bird6-oven1.png,bird,oven,neither,968,cup,airplane,6.799746188335121e-05,3.092379847657867e-05,0.2002093344926834
shape_resnet50_SIN,bird6-truck2.png,bird,truck,neither,803,snowplow,car,2.236097861896269e-05,7.660481060156599e-05,0.5689365267753601
shape_resnet50_SIN,bird7-boat1.png,bird,boat,shape,10,brambling,bird,0.011289327405393124,0.0037737798411399126,0.0
shape_resnet50_SIN,bird7-bottle1.png,bird,bottle,neither,50,American_alligator,dog,0.0010136617347598076,5.20991743542254e-05,0.3004249334335327
shape_resnet50_SIN,bird7-car2.png,bird,car,shape,90,lorikeet,bird,0.009141843765974045,5.1205672207288444e-05,0.0
shape_resnet50_SIN,bird7-cat3.png,bird,cat,shape,893,wallet,bird,0.003043664386495948,3.109067620243877e-05,0.0
shape_resnet50_SIN,bird7-keyboard3.png,bird,keyboard,shape,876,tub,bird,0.002289494499564171,0.00016253811190836132,0.0
shape_resnet50_SIN,bird7-knife2.png,bird,knife,shape,19,chickadee,bird,0.004109774716198444,0.0010022665373981,0.0
shape_resnet50_SIN,bird7-oven3.png,bird,oven,shape,12,house_finch,bird,0.007830437272787094,6.48556524538435e-05,0.0
shape_resnet50_SIN,bird7-truck2.png,bird,truck,shape,87,African_grey,bird,0.008974962867796421,0.00036221687332727015,0.0
shape_resnet50_SIN,bird8-boat3.png,bird,boat,shape,90,lorikeet,bird,0.007566006388515234,0.0005574168171733618,0.0
shape_resnet50_SIN,bird8-bottle1.png,bird,bottle,neither,50,American_alligator,elephant,1.8070253645419143e-05,2.817522954501328e-06,0.5658256411552429
shape_resnet50_SIN,bird8-car2.png,bird,car,neither,75,black_widow,knife,0.00047746943891979754,5.4526652093045413e-05,0.2980756461620331
shape_resnet50_SIN,bird8-chair1.png,bird,chair,neither,629,lipstick,bottle,0.00019168890139553696,0.0010322181042283773,0.1424759477376938
shape_resnet50_SIN,bird8-clock1.png,bird,clock,neither,119,rock_crab,knife,1.9416935174376704e-05,0.00035759949241764843,0.2704217731952667
shape_resnet50_SIN,bird8-elephant1.png,bird,elephant,shape,88,macaw,bird,0.013932467438280582,2.9506010832847096e-05,0.0
shape_resnet50_SIN,bird8-keyboard2.png,bird,keyboard,neither,489,chainlink_fence,chair,0.0004401881597004831,0.0014397187624126673,0.16279558837413788
shape_resnet50_SIN,bird8-knife2.png,bird,knife,neither,43,frilled_lizard,elephant,0.005529127549380064,0.0009885107865557075,0.12147527188062668
shape_resnet50_SIN,bird9-bear3.png,bird,bear,neither,7,cock,elephant,0.006700522266328335,1.6497946489835158e-05,0.4195038676261902
shape_resnet50_SIN,bird9-bicycle3.png,bird,bicycle,shape,22,bald_eagle,bird,0.01931915245950222,3.8543039408978075e-06,0.0
shape_resnet50_SIN,bird9-bottle3.png,bird,bottle,shape,95,jacamar,bird,0.02031107060611248,9.411459359398577e-06,0.0
shape_resnet50_SIN,bird9-chair1.png,bird,chair,shape,94,hummingbird,bird,0.011128520593047142,0.0018570453394204378,0.0
shape_resnet50_SIN,bird9-dog2.png,bird,dog,shape,133,bittern,bird,0.019749194383621216,7.163610462157521e-06,0.0
shape_resnet50_SIN,bird9-elephant2.png,bird,elephant,shape,133,bittern,bird,0.0177955012768507,1.0727066182880662e-05,0.0
shape_resnet50_SIN,bird9-keyboard1.png,bird,keyboard,shape,50,American_alligator,bird,0.002907685237005353,7.27292790543288e-05,0.0
shape_resnet50_SIN,boat1-bear1.png,boat,bear,neither,385,Indian_elephant,elephant,0.00013629769091494381,0.005594230722635984,0.1548212170600891
shape_resnet50_SIN,boat1-bicycle2.png,boat,bicycle,neither,68,sidewinder,bottle,8.867941505741328e-05,4.9724880227586254e-05,0.11063885688781738
shape_resnet50_SIN,boat1-bird3.png,boat,bird,neither,499,cleaver,knife,0.0024949039798229933,1.4683116205560509e-05,0.4658440351486206
shape_resnet50_SIN,boat1-car2.png,boat,car,neither,830,stretcher,knife,0.000329762464389205,2.588642564660404e-05,0.2712870240211487
shape_resnet50_SIN,boat1-chair3.png,boat,chair,neither,895,warplane,airplane,0.0007038284093141556,8.371540025109425e-05,0.39586880803108215
shape_resnet50_SIN,boat1-elephant3.png,boat,elephant,neither,770,running_shoe,keyboard,8.126284228637815e-05,0.0002621950698085129,0.12180478870868683
shape_resnet50_SIN,boat1-keyboard3.png,boat,keyboard,neither,499,cleaver,knife,0.00015488029748667032,5.2684685215353966e-05,0.2152816504240036
shape_resnet50_SIN,boat1-oven1.png,boat,oven,neither,742,printer,keyboard,5.8420217101229355e-05,7.504495442844927e-05,0.4721377193927765
shape_resnet50_SIN,boat1-truck3.png,boat,truck,neither,830,stretcher,knife,0.0004614779318217188,3.624212695285678e-05,0.615666925907135
shape_resnet50_SIN,boat10-bear3.png,boat,bear,neither,386,African_elephant,elephant,1.7057463992387056e-06,0.0014016925124451518,0.2291485071182251
shape_resnet50_SIN,boat10-cat1.png,boat,cat,neither,184,Irish_terrier,bear,5.952113951934734e-06,0.002860342152416706,0.20689062774181366
shape_resnet50_SIN,boat10-oven1.png,boat,oven,neither,742,printer,clock,6.729955202899873e-06,0.002683772938326001,0.16976694762706757
shape_resnet50_SIN,boat10-truck1.png,boat,truck,shape,625,lifeboat,boat,0.13865184783935547,0.00020943852723576128,0.0
shape_resnet50_SIN,boat2-airplane1.png,boat,airplane,shape,788,shoe_shop,boat,0.013282733969390392,0.0005630205268971622,0.0
shape_resnet50_SIN,boat2-bear3.png,boat,bear,neither,385,Indian_elephant,elephant,9.920192496792879e-06,0.0002145648468285799,0.49454811215400696
shape_resnet50_SIN,boat2-bird1.png,boat,bird,neither,840,swab,bottle,0.0006566262454725802,0.0008108938345685601,0.09137487411499023
shape_resnet50_SIN,boat2-bottle2.png,boat,bottle,texture,711,perfume,bottle,2.9698325306526385e-05,0.01705763302743435,0.0
shape_resnet50_SIN,boat2-keyboard1.png,boat,keyboard,neither,904,window_screen,bottle,3.4437143767718226e-05,0.00013394595589488745,0.08483386784791946
shape_resnet50_SIN,boat2-oven3.png,boat,oven,neither,648,medicine_chest,clock,6.336037040455267e-05,0.00029725636704824865,0.1752682626247406
shape_resnet50_SIN,boat3-airplane2.png,boat,airplane,shape,803,snowplow,boat,0.002817226340994239,9.988335659727454e-05,0.0
shape_resnet50_SIN,boat3-bicycle2.png,boat,bicycle,neither,974,geyser,oven,5.99580307607539e-05,7.777979590173345e-06,0.28341829776763916
shape_resnet50_SIN,boat3-car3.png,boat,car,shape,406,altar,boat,0.009934218600392342,3.404607195989229e-05,0.0
shape_resnet50_SIN,boat3-cat3.png,boat,cat,neither,831,studio_couch,oven,5.0422946515027434e-05,3.982135604019277e-05,0.3703104853630066
shape_resnet50_SIN,boat3-chair3.png,boat,chair,neither,416,balance_beam,keyboard,0.00020891222811769694,0.0005179575528018177,0.5482581853866577
shape_resnet50_SIN,boat3-clock3.png,boat,clock,texture,591,handkerchief,clock,2.91533842755598e-06,0.00016952643636614084,0.0
shape_resnet50_SIN,boat3-dog3.png,boat,dog,neither,277,red_fox,truck,0.00016996514750644565,0.001726886723190546,0.05504269897937775
shape_resnet50_SIN,boat3-keyboard2.png,boat,keyboard,neither,777,scabbard,knife,3.0234234145609662e-05,0.00028730250778608024,0.15945081412792206
shape_resnet50_SIN,boat4-bicycle3.png,boat,bicycle,neither,815,spider_web,oven,0.00036184664350003004,0.0005563248414546251,0.3703223168849945
shape_resnet50_SIN,boat4-bird1.png,boat,bird,texture,669,mosquito_net,bird,3.423236921662465e-05,0.001360419555567205,0.0
shape_resnet50_SIN,boat4-bottle2.png,boat,bottle,texture,794,shower_curtain,bottle,1.3429360478767194e-05,0.023369524627923965,0.0
shape_resnet50_SIN,boat4-car3.png,boat,car,neither,974,geyser,knife,0.0004813938867300749,4.1552091715857387e-05,0.07270117104053497
shape_resnet50_SIN,boat4-chair2.png,boat,chair,neither,79,centipede,oven,0.0004855271545238793,2.6083807824761607e-05,0.33147376775741577
shape_resnet50_SIN,boat4-dog2.png,boat,dog,neither,749,quill,knife,0.00024408113677054644,0.0006238496280275285,0.39638039469718933
shape_resnet50_SIN,boat4-elephant2.png,boat,elephant,neither,79,centipede,oven,0.00019053815049119294,0.0003835850802715868,0.468515545129776
shape_resnet50_SIN,boat4-knife2.png,boat,knife,texture,677,nail,knife,6.148169632069767e-05,0.011982407420873642,0.0
shape_resnet50_SIN,boat5-airplane1.png,boat,airplane,shape,780,schooner,boat,0.004063991829752922,0.00022220975370146334,0.0
shape_resnet50_SIN,boat5-bicycle3.png,boat,bicycle,neither,744,projectile,oven,0.0009381406125612557,0.0012332384940236807,0.10231440514326096
shape_resnet50_SIN,boat5-car3.png,boat,car,neither,500,cliff_dwelling,bicycle,0.002079232130199671,0.00031992944423109293,0.0855419784784317
shape_resnet50_SIN,boat5-clock3.png,boat,clock,neither,591,handkerchief,knife,6.032007149769925e-06,0.000846225768327713,0.1532236635684967
shape_resnet50_SIN,boat5-knife2.png,boat,knife,texture,458,brass,knife,0.00010838617890840396,0.000362419115845114,0.0
shape_resnet50_SIN,boat6-airplane2.png,boat,airplane,shape,450,bobsled,boat,0.03279145061969757,4.4162985432194546e-05,0.0
shape_resnet50_SIN,boat6-bear1.png,boat,bear,texture,294,brown_bear,bear,9.116466571867932e-06,0.07950582355260849,0.0
shape_resnet50_SIN,boat6-bicycle2.png,boat,bicycle,neither,77,wolf_spider,elephant,0.00014195515541359782,0.0002830228768289089,0.11238106340169907
shape_resnet50_SIN,boat6-bottle2.png,boat,bottle,texture,898,water_bottle,bottle,0.00010546437988523394,0.031608425080776215,0.0
shape_resnet50_SIN,boat6-car1.png,boat,car,shape,58,water_snake,boat,0.010406645014882088,2.5664781787781976e-05,0.0
shape_resnet50_SIN,boat6-cat1.png,boat,cat,neither,337,beaver,bear,1.904125565488357e-05,0.0033536050468683243,0.1800021082162857
shape_resnet50_SIN,boat6-clock2.png,boat,clock,neither,120,fiddler_crab,car,0.00014560975250788033,4.961789818480611e-05,0.2291414886713028
shape_resnet50_SIN,boat6-dog1.png,boat,dog,texture,749,quill,dog,0.0004938144702464342,0.0012549677630886436,0.0
shape_resnet50_SIN,boat6-elephant2.png,boat,elephant,neither,316,cicada,bird,1.2385356058075558e-05,6.973206836846657e-06,0.3755694329738617
shape_resnet50_SIN,boat6-knife2.png,boat,knife,texture,390,eel,knife,0.0006572965648956597,0.008626631461083889,0.0
shape_resnet50_SIN,boat6-truck3.png,boat,truck,neither,771,safe,clock,0.0012708029244095087,0.00011000707308994606,0.19700875878334045
shape_resnet50_SIN,boat7-bottle1.png,boat,bottle,neither,599,honeycomb,elephant,1.718905332381837e-05,6.103712075855583e-05,0.26787716150283813
shape_resnet50_SIN,boat7-cat3.png,boat,cat,neither,1,goldfish,bird,4.937432095175609e-06,0.00063211505766958,0.13537390530109406
shape_resnet50_SIN,boat7-chair1.png,boat,chair,neither,588,hamper,cat,0.0009742102702148259,0.0003942518378607929,0.12841810286045074
shape_resnet50_SIN,boat7-clock3.png,boat,clock,neither,896,washbasin,bottle,2.0125193600506464e-07,2.2983824237599038e-05,0.2984330952167511
shape_resnet50_SIN,boat7-elephant3.png,boat,elephant,texture,844,switch,elephant,3.466991620371118e-05,0.003673446597531438,0.0
shape_resnet50_SIN,boat7-keyboard3.png,boat,keyboard,neither,613,joystick,bottle,2.6969721602654317e-06,0.0009501403546892107,0.2144649177789688
shape_resnet50_SIN,boat7-oven3.png,boat,oven,texture,896,washbasin,oven,2.3002552552497946e-05,0.010923998430371284,0.0
shape_resnet50_SIN,boat7-truck2.png,boat,truck,shape,591,handkerchief,boat,0.002547235693782568,4.36273985542357e-05,0.0
shape_resnet50_SIN,boat8-bird2.png,boat,bird,neither,726,plane,knife,9.565790605847724e-06,1.0999893618190981e-07,0.9961017370223999
shape_resnet50_SIN,boat8-bottle1.png,boat,bottle,texture,329,sea_cucumber,bottle,1.6975125163298799e-06,3.788005415117368e-05,0.0
shape_resnet50_SIN,boat8-dog3.png,boat,dog,texture,204,Lhasa,dog,1.951806916622445e-05,0.004872610326856375,0.0
shape_resnet50_SIN,boat8-elephant1.png,boat,elephant,shape,472,canoe,boat,0.11784861236810684,6.087769861551351e-07,0.0
shape_resnet50_SIN,boat8-knife1.png,boat,knife,texture,726,plane,knife,1.8940405425382778e-05,0.0003465635236352682,0.0
shape_resnet50_SIN,boat8-oven1.png,boat,oven,neither,674,mousetrap,keyboard,0.0006260066875256598,8.482782868668437e-05,0.7237492203712463
shape_resnet50_SIN,boat8-truck2.png,boat,truck,shape,554,fireboat,boat,0.09466568380594254,0.0003712243924383074,0.0
shape_resnet50_SIN,boat9-airplane2.png,boat,airplane,neither,669,mosquito_net,truck,0.0001837509626056999,2.341738945688121e-05,0.42720550298690796
shape_resnet50_SIN,boat9-bear3.png,boat,bear,neither,43,frilled_lizard,bird,0.00019956422329414636,1.4054799976292998e-05,0.3125278651714325
shape_resnet50_SIN,boat9-bird1.png,boat,bird,shape,913,wreck,boat,0.0009917139541357756,0.0005571210640482605,0.0
shape_resnet50_SIN,boat9-cat3.png,boat,cat,neither,619,lampshade,chair,5.120983041706495e-05,8.082717977231368e-05,0.35128533840179443
shape_resnet50_SIN,boat9-chair2.png,boat,chair,shape,724,pirate,boat,0.0074783251620829105,5.054221401223913e-05,0.0
shape_resnet50_SIN,boat9-clock1.png,boat,clock,shape,724,pirate,boat,0.005814692936837673,0.00031075309379957616,0.0
shape_resnet50_SIN,boat9-dog2.png,boat,dog,neither,588,hamper,clock,7.345986432483187e-06,5.479646461026277e-06,0.1158505454659462
shape_resnet50_SIN,boat9-keyboard2.png,boat,keyboard,neither,813,spatula,knife,9.872912414721213e-06,0.00016701986896805465,0.5351862907409668
shape_resnet50_SIN,boat9-knife2.png,boat,knife,neither,36,terrapin,airplane,6.288842996582389e-05,0.0009166302043013275,0.21826335787773132
shape_resnet50_SIN,bottle1-bear1.png,bottle,bear,neither,794,shower_curtain,bird,0.000852867669891566,0.003103722585365176,0.08318568021059036
shape_resnet50_SIN,bottle1-bird3.png,bottle,bird,neither,314,cockroach,clock,4.6822275180602446e-05,1.6660680557833984e-05,0.42226719856262207
shape_resnet50_SIN,bottle1-car1.png,bottle,car,neither,124,crayfish,oven,0.004502560943365097,1.7803116634240723e-06,0.1102524846792221
shape_resnet50_SIN,bottle1-cat3.png,bottle,cat,neither,708,pedestal,knife,0.0051014055497944355,7.835170981707051e-05,0.09895648807287216
shape_resnet50_SIN,bottle1-chair2.png,bottle,chair,neither,711,perfume,oven,0.0012636191677302122,0.0001512459566583857,0.5480796098709106
shape_resnet50_SIN,bottle1-clock1.png,bottle,clock,shape,907,wine_bottle,bottle,0.05229322239756584,0.00012177161261206493,0.0
shape_resnet50_SIN,bottle1-dog2.png,bottle,dog,neither,270,white_wolf,cat,0.00018795602954924107,0.001069336198270321,0.08569931238889694
shape_resnet50_SIN,bottle1-keyboard3.png,bottle,keyboard,shape,898,water_bottle,bottle,0.07564854621887207,5.754267931479262e-06,0.0
shape_resnet50_SIN,bottle10-bear2.png,bottle,bear,shape,700,paper_towel,bottle,0.030745144933462143,0.0037009792868047953,0.0
shape_resnet50_SIN,bottle10-boat3.png,bottle,boat,shape,966,red_wine,bottle,0.08248292654752731,1.0775202241575244e-07,0.0
shape_resnet50_SIN,bottle10-car1.png,bottle,car,shape,898,water_bottle,bottle,0.1312379688024521,5.597675567514671e-07,0.0
shape_resnet50_SIN,bottle10-clock2.png,bottle,clock,shape,901,whiskey_jug,bottle,0.11277522146701813,6.580439730896614e-07,0.0
shape_resnet50_SIN,bottle10-dog1.png,bottle,dog,shape,578,gown,bottle,0.002876409562304616,0.0004257681721355766,0.0
shape_resnet50_SIN,bottle10-truck3.png,bottle,truck,shape,966,red_wine,bottle,0.07396209985017776,3.1681790915172314e-06,0.0
shape_resnet50_SIN,bottle2-car2.png,bottle,car,neither,728,plastic_bag,oven,0.008996183052659035,7.317733980016783e-05,0.1174897849559784
shape_resnet50_SIN,bottle2-chair3.png,bottle,chair,texture,423,barber_chair,chair,0.0008181235170923173,0.11351664364337921,0.0
shape_resnet50_SIN,bottle2-clock1.png,bottle,clock,shape,440,beer_bottle,bottle,0.1284816712141037,1.7364220184390433e-05,0.0
shape_resnet50_SIN,bottle2-elephant1.png,bottle,elephant,shape,898,water_bottle,bottle,0.1172926276922226,5.836853688379051e-06,0.0
shape_resnet50_SIN,bottle2-knife3.png,bottle,knife,shape,898,water_bottle,bottle,0.12637843191623688,0.0006489981315098703,0.0
shape_resnet50_SIN,bottle3-airplane2.png,bottle,airplane,shape,898,water_bottle,bottle,0.109810009598732,1.3364522601477802e-05,0.0
shape_resnet50_SIN,bottle3-bear2.png,bottle,bear,neither,296,ice_bear,elephant,0.00044871497084386647,0.06674966961145401,0.2663598358631134
shape_resnet50_SIN,bottle3-bicycle3.png,bottle,bicycle,shape,884,vault,bottle,0.0060397121123969555,3.7739141589554492e-06,0.0
shape_resnet50_SIN,bottle3-bird1.png,bottle,bird,shape,84,peacock,bottle,0.002332763047888875,0.0010908851400017738,0.0
shape_resnet50_SIN,bottle3-boat3.png,bottle,boat,shape,898,water_bottle,bottle,0.037468113005161285,0.00037913527921773493,0.0
shape_resnet50_SIN,bottle3-cat3.png,bottle,cat,shape,737,pop_bottle,bottle,0.08226736634969711,3.408936390769668e-05,0.0
shape_resnet50_SIN,bottle3-chair3.png,bottle,chair,neither,446,binder,clock,0.0002840379311237484,0.000881517946254462,0.24397575855255127
shape_resnet50_SIN,bottle3-knife3.png,bottle,knife,shape,728,plastic_bag,bottle,0.025975873693823814,0.0109886908903718,0.0
shape_resnet50_SIN,bottle4-airplane1.png,bottle,airplane,neither,895,warplane,clock,0.00032736221328377724,0.0007815125863999128,0.12486041337251663
shape_resnet50_SIN,bottle4-bicycle1.png,bottle,bicycle,shape,329,sea_cucumber,bottle,0.004509716760367155,1.8262990124640055e-05,0.0
shape_resnet50_SIN,bottle4-car3.png,bottle,car,shape,728,plastic_bag,bottle,0.0033318237401545048,3.07058471662458e-05,0.0
shape_resnet50_SIN,bottle4-dog2.png,bottle,dog,shape,438,beaker,bottle,0.020778847858309746,0.0001299071154789999,0.0
shape_resnet50_SIN,bottle4-oven2.png,bottle,oven,shape,898,water_bottle,bottle,0.07367927581071854,7.531633309554309e-05,0.0
shape_resnet50_SIN,bottle4-truck1.png,bottle,truck,shape,898,water_bottle,bottle,0.13691346347332,5.076021381000828e-08,0.0
shape_resnet50_SIN,bottle5-airplane1.png,bottle,airplane,shape,737,pop_bottle,bottle,0.10240481793880463,6.13677257206291e-05,0.0
shape_resnet50_SIN,bottle5-bird3.png,bottle,bird,shape,440,beer_bottle,bottle,0.1032528504729271,5.007689196645515e-06,0.0
shape_resnet50_SIN,bottle5-boat1.png,bottle,boat,shape,737,pop_bottle,bottle,0.11645768582820892,2.1308005671016872e-05,0.0
shape_resnet50_SIN,bottle5-cat1.png,bottle,cat,texture,282,tiger_cat,cat,0.002641022903844714,0.02902485616505146,0.0
shape_resnet50_SIN,bottle5-chair1.png,bottle,chair,neither,626,lighter,oven,0.0013832093682140112,0.00015249382704496384,0.17965395748615265
shape_resnet50_SIN,bottle5-clock3.png,bottle,clock,shape,116,chiton,bottle,0.006137182470411062,0.0007262839353643358,0.0
shape_resnet50_SIN,bottle5-elephant1.png,bottle,elephant,shape,953,pineapple,bottle,0.00031649190350435674,4.4643897126661614e-05,0.0
shape_resnet50_SIN,bottle5-keyboard2.png,bottle,keyboard,shape,898,water_bottle,bottle,0.048667047172784805,0.00021817654487676919,0.0
shape_resnet50_SIN,bottle5-knife1.png,bottle,knife,shape,760,refrigerator,bottle,0.03654440864920616,0.00013295633834786713,0.0
shape_resnet50_SIN,bottle5-oven2.png,bottle,oven,neither,531,digital_watch,clock,0.0005071660852991045,4.119978257222101e-05,0.7151305675506592
shape_resnet50_SIN,bottle5-truck1.png,bottle,truck,shape,440,beer_bottle,bottle,0.11251319944858551,1.8501722252040054e-06,0.0
shape_resnet50_SIN,bottle6-airplane1.png,bottle,airplane,shape,69,trilobite,bottle,0.005582425277680159,2.169084382330766e-06,0.0
shape_resnet50_SIN,bottle6-bear2.png,bottle,bear,texture,296,ice_bear,bear,0.003667654935270548,0.10723686218261719,0.0
shape_resnet50_SIN,bottle6-bicycle3.png,bottle,bicycle,shape,898,water_bottle,bottle,0.11199306696653366,4.174329660600051e-06,0.0
shape_resnet50_SIN,bottle6-bird1.png,bottle,bird,shape,898,water_bottle,bottle,0.08506502956151962,7.429507240885869e-05,0.0
shape_resnet50_SIN,bottle6-boat3.png,bottle,boat,shape,898,water_bottle,bottle,0.125070720911026,2.364055035286583e-06,0.0
shape_resnet50_SIN,bottle6-chair2.png,bottle,chair,shape,884,vault,bottle,0.004333480726927519,0.0008495719521306455,0.0
shape_resnet50_SIN,bottle6-dog3.png,bottle,dog,neither,204,Lhasa,bear,0.001070875208824873,0.005536769051104784,0.12410843372344971
shape_resnet50_SIN,bottle6-knife3.png,bottle,knife,shape,550,espresso_maker,bottle,0.009386971592903137,0.0017964153084903955,0.0
shape_resnet50_SIN,bottle6-oven3.png,bottle,oven,shape,898,water_bottle,bottle,0.039496805518865585,0.00028073429712094367,0.0
shape_resnet50_SIN,bottle7-airplane3.png,bottle,airplane,shape,898,water_bottle,bottle,0.025251729413866997,6.044130714144558e-06,0.0
shape_resnet50_SIN,bottle7-bear1.png,bottle,bear,neither,385,Indian_elephant,elephant,2.7895601306227036e-05,0.0011409616563469172,0.45479562878608704
shape_resnet50_SIN,bottle7-boat3.png,bottle,boat,shape,591,handkerchief,bottle,0.0016403214540332556,5.0368678785162047e-05,0.0
shape_resnet50_SIN,bottle7-cat2.png,bottle,cat,neither,138,bustard,bird,0.0028787259943783283,0.0031468328088521957,0.3223697245121002
shape_resnet50_SIN,bottle7-clock1.png,bottle,clock,shape,898,water_bottle,bottle,0.01275340374559164,0.007770350202918053,0.0
shape_resnet50_SIN,bottle7-elephant2.png,bottle,elephant,neither,708,pedestal,chair,0.0010455067967996001,3.542074773577042e-05,0.38415902853012085
shape_resnet50_SIN,bottle7-keyboard2.png,bottle,keyboard,shape,589,hand_blower,bottle,0.006429421249777079,4.477846232475713e-05,0.0
shape_resnet50_SIN,bottle7-oven2.png,bottle,oven,shape,898,water_bottle,bottle,0.09114562720060349,0.0005746823153458536,0.0
shape_resnet50_SIN,bottle7-truck2.png,bottle,truck,shape,438,beaker,bottle,0.013380257412791252,2.1158746221772162e-06,0.0
shape_resnet50_SIN,bottle8-bicycle1.png,bottle,bicycle,shape,898,water_bottle,bottle,0.1264965683221817,2.4535017928428715e-06,0.0
shape_resnet50_SIN,bottle8-bird1.png,bottle,bird,shape,761,remote_control,bottle,0.024579258635640144,7.533433381468058e-05,0.0
shape_resnet50_SIN,bottle8-dog2.png,bottle,dog,shape,440,beer_bottle,bottle,0.12332051247358322,5.157703981240047e-06,0.0
shape_resnet50_SIN,bottle8-elephant3.png,bottle,elephant,shape,898,water_bottle,bottle,0.11992312967777252,1.1766670695578796e-06,0.0
shape_resnet50_SIN,bottle8-keyboard3.png,bottle,keyboard,shape,223,schipperke,bottle,0.022059932351112366,0.0008975605014711618,0.0
shape_resnet50_SIN,bottle8-knife1.png,bottle,knife,shape,898,water_bottle,bottle,0.12398179620504379,9.720397429191507e-06,0.0
shape_resnet50_SIN,bottle9-bicycle1.png,bottle,bicycle,shape,898,water_bottle,bottle,0.04879986122250557,1.4756977861907217e-06,0.0
shape_resnet50_SIN,bottle9-car3.png,bottle,car,neither,857,throne,chair,0.007077507209032774,1.599413008079864e-05,0.36805054545402527
shape_resnet50_SIN,bottle9-cat2.png,bottle,cat,neither,700,paper_towel,knife,0.0023339148610830307,0.0005127011681906879,0.1674879640340805
shape_resnet50_SIN,bottle9-elephant2.png,bottle,elephant,neither,857,throne,chair,0.002064990811049938,2.9455397907440783e-06,0.5267832279205322
shape_resnet50_SIN,bottle9-keyboard1.png,bottle,keyboard,shape,898,water_bottle,bottle,0.1341070532798767,1.4052015103516169e-05,0.0
shape_resnet50_SIN,bottle9-oven2.png,bottle,oven,shape,898,water_bottle,bottle,0.1360209882259369,2.0428044535947265e-06,0.0
shape_resnet50_SIN,bottle9-truck1.png,bottle,truck,shape,898,water_bottle,bottle,0.1374979168176651,1.4090149491607917e-08,0.0
shape_resnet50_SIN,car1-airplane1.png,car,airplane,texture,895,warplane,airplane,0.0003061611787416041,0.002580279018729925,0.0
shape_resnet50_SIN,car1-chair3.png,car,chair,shape,786,sewing_machine,car,0.02203928492963314,0.0009577756281942129,0.0
shape_resnet50_SIN,car1-clock2.png,car,clock,shape,817,sports_car,car,0.09381813555955887,0.0005748258554376662,0.0
shape_resnet50_SIN,car1-dog2.png,car,dog,neither,884,vault,bottle,0.0004502146039158106,5.837201024405658e-05,0.12649857997894287
shape_resnet50_SIN,car1-keyboard2.png,car,keyboard,neither,676,muzzle,clock,8.065847214311361e-05,0.00011299657489871606,0.8292149305343628
shape_resnet50_SIN,car1-oven3.png,car,oven,shape,479,car_wheel,car,0.10913094133138657,1.2669961506617256e-05,0.0
shape_resnet50_SIN,car10-bicycle2.png,car,bicycle,shape,408,amphibian,car,0.0033921438734978437,4.371721297502518e-05,0.0
shape_resnet50_SIN,car10-bottle3.png,car,bottle,shape,656,minivan,car,0.08026043325662613,0.000559000764042139,0.0
shape_resnet50_SIN,car10-chair1.png,car,chair,shape,656,minivan,car,0.060131873935461044,0.0003510977257974446,0.0
shape_resnet50_SIN,car10-dog1.png,car,dog,neither,492,chest,bear,0.008515645749866962,0.0009626229293644428,0.28260403871536255
shape_resnet50_SIN,car10-elephant2.png,car,elephant,shape,468,cab,car,0.0053435638546943665,1.1677475697524642e-07,0.0
shape_resnet50_SIN,car10-keyboard2.png,car,keyboard,neither,464,buckle,knife,4.5709413825534284e-05,0.0004588011361192912,0.14132462441921234
shape_resnet50_SIN,car2-bird3.png,car,bird,neither,913,wreck,elephant,2.6064057237817906e-05,0.000408859079470858,0.19804836809635162
shape_resnet50_SIN,car2-cat3.png,car,cat,neither,452,bonnet,knife,3.421967846861662e-07,3.193458542227745e-05,0.39034098386764526
shape_resnet50_SIN,car2-chair1.png,car,chair,shape,836,sunglass,car,0.03414396941661835,0.00028553916490636766,0.0
shape_resnet50_SIN,car2-knife3.png,car,knife,neither,435,bathtub,bottle,4.6086497604846954e-05,0.0005537859979085624,0.6228449940681458
shape_resnet50_SIN,car3-airplane3.png,car,airplane,shape,817,sports_car,car,0.2877247929573059,0.00011517657549120486,0.0
shape_resnet50_SIN,car3-bird2.png,car,bird,shape,751,racer,car,0.1095709428191185,4.0433264075545594e-05,0.0
shape_resnet50_SIN,car3-boat1.png,car,boat,shape,817,sports_car,car,0.20081253349781036,0.00012983485066797584,0.0
shape_resnet50_SIN,car3-bottle3.png,car,bottle,texture,751,racer,bottle,0.02192775346338749,0.025658706203103065,0.0
shape_resnet50_SIN,car3-dog2.png,car,dog,neither,296,ice_bear,bear,0.0019525550305843353,0.00030777265783399343,0.4625723958015442
shape_resnet50_SIN,car3-elephant3.png,car,elephant,shape,817,sports_car,car,0.10292727500200272,4.0006030758377165e-05,0.0
shape_resnet50_SIN,car3-oven3.png,car,oven,shape,817,sports_car,car,0.11316458135843277,0.00043107158853672445,0.0
shape_resnet50_SIN,car3-truck1.png,car,truck,shape,817,sports_car,car,0.2718311548233032,0.0009442683076485991,0.0
shape_resnet50_SIN,car4-bear3.png,car,bear,neither,385,Indian_elephant,elephant,3.272341928095557e-06,0.00013957988994661719,0.1935078650712967
shape_resnet50_SIN,car4-bicycle3.png,car,bicycle,neither,960,chocolate_sauce,oven,2.617565041873604e-05,1.061563307303004e-05,0.277121365070343
shape_resnet50_SIN,car4-bird1.png,car,bird,neither,452,bonnet,bottle,3.323203372929129e-06,1.5921545127639547e-05,0.34558069705963135
shape_resnet50_SIN,car4-boat1.png,car,boat,texture,802,snowmobile,boat,0.0009375863592140377,0.0068090870045125484,0.0
shape_resnet50_SIN,car4-bottle1.png,car,bottle,neither,599,honeycomb,keyboard,6.041636879672296e-07,6.300019595073536e-05,0.3355045020580292
shape_resnet50_SIN,car4-cat3.png,car,cat,neither,700,paper_towel,oven,1.3703994738989422e-07,1.3603774277726188e-05,0.1210830956697464
shape_resnet50_SIN,car4-clock1.png,car,clock,neither,492,chest,bottle,0.0012505145277827978,0.0006662621162831783,0.0462820827960968
shape_resnet50_SIN,car4-elephant3.png,car,elephant,neither,464,buckle,bottle,0.0001536127383587882,1.8448621631250717e-05,0.20896439254283905
shape_resnet50_SIN,car4-oven2.png,car,oven,neither,859,toaster,clock,2.593407225504052e-05,0.001684382208622992,0.14255881309509277
shape_resnet50_SIN,car5-airplane3.png,car,airplane,shape,482,cassette_player,car,0.011050470173358917,2.8229353119968437e-05,0.0
shape_resnet50_SIN,car5-bear3.png,car,bear,neither,958,hay,keyboard,5.033600973547436e-05,0.0002224049821961671,0.1758938580751419
shape_resnet50_SIN,car5-bottle1.png,car,bottle,neither,599,honeycomb,truck,0.00010534295142861083,2.8620353987207636e-05,0.18915584683418274
shape_resnet50_SIN,car5-cat1.png,car,cat,neither,962,meat_loaf,bear,0.00013855588622391224,0.0009650387219153345,0.1764746457338333
shape_resnet50_SIN,car5-keyboard3.png,car,keyboard,neither,818,spotlight,clock,2.345956272620242e-05,0.0002898456295952201,0.07178561389446259
shape_resnet50_SIN,car5-knife2.png,car,knife,neither,705,passenger_car,truck,0.005434717983007431,0.0007342837052419782,0.10603395104408264
shape_resnet50_SIN,car5-oven2.png,car,oven,neither,859,toaster,clock,0.0025307671166956425,0.0011360266944393516,0.47363147139549255
shape_resnet50_SIN,car5-truck3.png,car,truck,texture,656,minivan,truck,0.012534528970718384,0.06696458160877228,0.0
shape_resnet50_SIN,car6-bear1.png,car,bear,neither,958,hay,elephant,2.9043456379440613e-05,0.0046519869938492775,0.18148738145828247
shape_resnet50_SIN,car6-bicycle3.png,car,bicycle,shape,817,sports_car,car,0.13637864589691162,2.4091839804896154e-05,0.0
shape_resnet50_SIN,car6-boat1.png,car,boat,shape,817,sports_car,car,0.05546044930815697,0.0016822709003463387,0.0
shape_resnet50_SIN,car6-bottle1.png,car,bottle,shape,464,buckle,car,0.00321165076456964,0.00015329300367739052,0.0
shape_resnet50_SIN,car6-chair3.png,car,chair,shape,479,car_wheel,car,0.055696647614240646,0.000350314105162397,0.0
shape_resnet50_SIN,car6-elephant3.png,car,elephant,shape,464,buckle,car,0.03933064267039299,6.126960215624422e-05,0.0
shape_resnet50_SIN,car6-knife1.png,car,knife,shape,817,sports_car,car,0.07545020431280136,0.00012668939598370343,0.0
shape_resnet50_SIN,car6-truck3.png,car,truck,texture,435,bathtub,truck,0.001967602875083685,0.005222814157605171,0.0
shape_resnet50_SIN,car7-airplane2.png,car,airplane,shape,751,racer,car,0.007612911518663168,0.00013923709047958255,0.0
shape_resnet50_SIN,car7-bear1.png,car,bear,texture,67,diamondback,bear,7.462085704901256e-07,0.004724922589957714,0.0
shape_resnet50_SIN,car7-bird3.png,car,bird,neither,360,otter,elephant,4.031886055599898e-05,3.228309651603922e-05,0.10818339884281158
shape_resnet50_SIN,car7-boat3.png,car,boat,texture,554,fireboat,boat,0.00023485189012717456,0.08809058368206024,0.0
shape_resnet50_SIN,car7-clock1.png,car,clock,neither,62,rock_python,knife,0.00010857352754101157,3.677333370433189e-05,0.3679536283016205
shape_resnet50_SIN,car7-dog3.png,car,dog,texture,154,Pekinese,dog,6.670047241641441e-06,0.005326208658516407,0.0
shape_resnet50_SIN,car7-elephant3.png,car,elephant,shape,770,running_shoe,car,0.01300037931650877,0.0008287042728625238,0.0
shape_resnet50_SIN,car7-keyboard3.png,car,keyboard,neither,531,digital_watch,clock,4.1373266867594793e-05,5.395793778006919e-05,0.24026818573474884
shape_resnet50_SIN,car7-oven2.png,car,oven,neither,622,lens_cap,bottle,6.484612094936892e-05,7.941806688904762e-05,0.2527676820755005
shape_resnet50_SIN,car8-airplane3.png,car,airplane,shape,447,binoculars,car,0.05032886937260628,0.0012447714107111096,0.0
shape_resnet50_SIN,car8-bear1.png,car,bear,neither,337,beaver,cat,1.8708620928009623e-06,0.0036777362693101168,0.3684077560901642
shape_resnet50_SIN,car8-bicycle2.png,car,bicycle,shape,34,leatherback_turtle,car,0.015562514774501324,0.00020656090055126697,0.0
shape_resnet50_SIN,car8-boat3.png,car,boat,shape,751,racer,car,0.01858440600335598,0.0020609672646969557,0.0
shape_resnet50_SIN,car8-cat1.png,car,cat,texture,62,rock_python,cat,0.0017406783299520612,0.011998805217444897,0.0
shape_resnet50_SIN,car8-chair1.png,car,chair,shape,817,sports_car,car,0.16832222044467926,8.203576271625934e-07,0.0
shape_resnet50_SIN,car8-clock2.png,car,clock,shape,817,sports_car,car,0.2812211513519287,9.18977184483083e-06,0.0
shape_resnet50_SIN,car8-dog1.png,car,dog,neither,965,burrito,knife,7.319573342101648e-05,0.0006665621185675263,0.1498180776834488
shape_resnet50_SIN,car8-knife2.png,car,knife,shape,408,amphibian,car,0.02082456462085247,0.000673852686304599,0.0
shape_resnet50_SIN,car8-truck3.png,car,truck,shape,882,vacuum,car,0.08657687902450562,0.0044083017855882645,0.0
shape_resnet50_SIN,car9-bicycle2.png,car,bicycle,shape,609,jeep,car,0.036556780338287354,2.584268440841697e-05,0.0
shape_resnet50_SIN,car9-bird1.png,car,bird,neither,713,photocopier,bottle,0.0002477691450621933,0.00010359511361457407,0.16564153134822845
shape_resnet50_SIN,car9-cat1.png,car,cat,shape,60,night_snake,car,0.009018665179610252,0.0012433327501639724,0.0
shape_resnet50_SIN,car9-clock2.png,car,clock,neither,656,minivan,truck,0.02015542797744274,4.324232577346265e-05,0.42795270681381226
shape_resnet50_SIN,car9-keyboard2.png,car,keyboard,neither,531,digital_watch,clock,0.0006214399472810328,3.158624531351961e-05,0.45607155561447144
shape_resnet50_SIN,car9-knife1.png,car,knife,shape,609,jeep,car,0.02398071624338627,1.461846977690584e-06,0.0
shape_resnet50_SIN,car9-truck3.png,car,truck,shape,656,minivan,car,0.06792313605546951,0.01906627044081688,0.0
shape_resnet50_SIN,cat1-airplane1.png,cat,airplane,shape,285,Egyptian_cat,cat,0.12034494429826736,1.4335615787786082e-06,0.0
shape_resnet50_SIN,cat1-bird1.png,cat,bird,shape,285,Egyptian_cat,cat,0.14635808765888214,2.4492823285982013e-05,0.0
shape_resnet50_SIN,cat1-boat1.png,cat,boat,neither,898,water_bottle,bottle,7.116945926100016e-05,6.330244650598615e-05,0.4944084882736206
shape_resnet50_SIN,cat1-car2.png,cat,car,shape,281,tabby,cat,0.16192585229873657,2.447993381338165e-07,0.0
shape_resnet50_SIN,cat1-chair2.png,cat,chair,shape,282,tiger_cat,cat,0.12411434203386307,3.3330106816720217e-06,0.0
shape_resnet50_SIN,cat1-dog1.png,cat,dog,shape,281,tabby,cat,0.09438055753707886,6.744078564224765e-05,0.0
shape_resnet50_SIN,cat1-keyboard3.png,cat,keyboard,neither,844,switch,dog,0.0008593763341195881,0.00041622508433647454,0.05906450003385544
shape_resnet50_SIN,cat1-oven1.png,cat,oven,shape,285,Egyptian_cat,cat,0.1615551859140396,7.013928779997514e-07,0.0
shape_resnet50_SIN,cat10-airplane3.png,cat,airplane,shape,728,plastic_bag,cat,0.006017997860908508,0.0037050882820039988,0.0
shape_resnet50_SIN,cat10-bear1.png,cat,bear,texture,334,porcupine,bear,0.003277083858847618,0.010156355798244476,0.0
shape_resnet50_SIN,cat10-bicycle1.png,cat,bicycle,shape,328,sea_urchin,cat,0.0004268464690539986,4.705156243289821e-06,0.0
shape_resnet50_SIN,cat10-bird2.png,cat,bird,shape,283,Persian_cat,cat,0.16294939815998077,2.071317872776035e-08,0.0
shape_resnet50_SIN,cat10-bottle1.png,cat,bottle,neither,974,geyser,elephant,5.237728692009114e-05,1.7163709344458766e-05,0.7082694172859192
shape_resnet50_SIN,cat10-clock1.png,cat,clock,shape,728,plastic_bag,cat,0.026305319741368294,2.3807340767234564e-05,0.0
shape_resnet50_SIN,cat10-elephant3.png,cat,elephant,shape,281,tabby,cat,0.14703412353992462,9.138624790239191e-08,0.0
shape_resnet50_SIN,cat10-keyboard1.png,cat,keyboard,shape,276,hyena,cat,0.0024240848142653704,2.931043491116725e-05,0.0
shape_resnet50_SIN,cat10-oven2.png,cat,oven,texture,713,photocopier,oven,0.0010044911177828908,0.002311337273567915,0.0
shape_resnet50_SIN,cat2-boat2.png,cat,boat,neither,328,sea_urchin,knife,0.0004872186982538551,4.259367779013701e-05,0.19502106308937073
shape_resnet50_SIN,cat2-bottle3.png,cat,bottle,texture,108,sea_anemone,bottle,6.618103361688554e-05,0.0003439117572270334,0.0
shape_resnet50_SIN,cat2-car3.png,cat,car,neither,728,plastic_bag,knife,0.0004244280280545354,2.6289106244803406e-05,0.09179263561964035
shape_resnet50_SIN,cat2-elephant1.png,cat,elephant,shape,283,Persian_cat,cat,0.09952112287282944,1.5095722574187675e-06,0.0
shape_resnet50_SIN,cat2-knife3.png,cat,knife,neither,192,cairn,dog,0.00024963184841908514,0.00019371524103917181,0.11305918544530869
shape_resnet50_SIN,cat2-truck3.png,cat,truck,shape,435,bathtub,cat,0.0008295089937746525,1.4387496776180342e-05,0.0
shape_resnet50_SIN,cat3-bear2.png,cat,bear,texture,106,wombat,bear,0.0030166723299771547,0.0075072431936860085,0.0
shape_resnet50_SIN,cat3-bicycle1.png,cat,bicycle,shape,281,tabby,cat,0.12517696619033813,1.8245833643959486e-06,0.0
shape_resnet50_SIN,cat3-elephant2.png,cat,elephant,shape,281,tabby,cat,0.14420171082019806,6.75095543556381e-06,0.0
shape_resnet50_SIN,cat3-oven2.png,cat,oven,texture,234,Rottweiler,oven,0.00048386529670096934,0.006345462054014206,0.0
shape_resnet50_SIN,cat3-truck3.png,cat,truck,neither,520,crib,bottle,0.00033356284257024527,6.368986942106858e-05,0.07913035899400711
shape_resnet50_SIN,cat4-airplane1.png,cat,airplane,shape,281,tabby,cat,0.042032595723867416,7.042463039397262e-06,0.0
shape_resnet50_SIN,cat4-bird2.png,cat,bird,shape,285,Egyptian_cat,cat,0.08927587419748306,0.00028790655778720975,0.0
shape_resnet50_SIN,cat4-car2.png,cat,car,shape,282,tiger_cat,cat,0.038824182003736496,4.7120105591602623e-05,0.0
shape_resnet50_SIN,cat4-chair2.png,cat,chair,neither,599,honeycomb,elephant,5.6702981964917853e-05,7.204063149401918e-05,0.3169114589691162
shape_resnet50_SIN,cat4-clock2.png,cat,clock,neither,896,washbasin,bottle,0.0006810764316469431,0.0007254416705109179,0.15985867381095886
shape_resnet50_SIN,cat4-dog3.png,cat,dog,texture,202,soft-coated_wheaten_terrier,dog,0.00023645551118534058,0.006329473573714495,0.0
shape_resnet50_SIN,cat4-keyboard2.png,cat,keyboard,neither,507,combination_lock,clock,0.0005590901128016412,2.070068512693979e-05,0.15141718089580536
shape_resnet50_SIN,cat4-knife1.png,cat,knife,neither,786,sewing_machine,elephant,6.95873677614145e-05,0.0002547861367929727,0.27265217900276184
shape_resnet50_SIN,cat4-oven1.png,cat,oven,shape,897,washer,cat,0.011103409342467785,0.00040519493632018566,0.0
shape_resnet50_SIN,cat4-truck3.png,cat,truck,neither,435,bathtub,oven,5.118838089401834e-05,6.614259473280981e-05,0.3619423806667328
shape_resnet50_SIN,cat5-airplane2.png,cat,airplane,neither,802,snowmobile,bottle,2.298810977663379e-05,2.6050938686239533e-05,0.5897931456565857
shape_resnet50_SIN,cat5-bear2.png,cat,bear,shape,285,Egyptian_cat,cat,0.0665493980050087,0.006530621089041233,0.0
shape_resnet50_SIN,cat5-bicycle3.png,cat,bicycle,shape,281,tabby,cat,0.10939997434616089,2.6282989438186632e-06,0.0
shape_resnet50_SIN,cat5-boat1.png,cat,boat,neither,898,water_bottle,bottle,2.811136255331803e-05,3.384882438695058e-05,0.5343577861785889
shape_resnet50_SIN,cat5-bottle1.png,cat,bottle,neither,32,tailed_frog,elephant,4.390483081806451e-05,2.532563485146966e-05,0.48588094115257263
shape_resnet50_SIN,cat5-car2.png,cat,car,shape,728,plastic_bag,cat,0.030515506863594055,0.00016042262723203748,0.0
shape_resnet50_SIN,cat5-chair3.png,cat,chair,shape,921,book_jacket,cat,0.008985902182757854,0.002750700805336237,0.0
shape_resnet50_SIN,cat5-dog3.png,cat,dog,shape,281,tabby,cat,0.055294573307037354,0.0005488761235028505,0.0
shape_resnet50_SIN,cat5-elephant2.png,cat,elephant,shape,281,tabby,cat,0.11942529678344727,4.107021595700644e-05,0.0
shape_resnet50_SIN,cat5-keyboard3.png,cat,keyboard,neither,192,cairn,dog,0.001352461171336472,0.00014926647418178618,0.14469359815120697
shape_resnet50_SIN,cat5-knife2.png,cat,knife,shape,904,window_screen,cat,0.0043535600416362286,0.00020312452397774905,0.0
shape_resnet50_SIN,cat6-bear1.png,cat,bear,shape,281,tabby,cat,0.031167903915047646,0.002466401783749461,0.0
shape_resnet50_SIN,cat6-chair3.png,cat,chair,neither,845,syringe,knife,0.00010713421943364665,0.003859621472656727,0.17969638109207153
shape_resnet50_SIN,cat6-clock3.png,cat,clock,shape,285,Egyptian_cat,cat,0.06381620466709137,2.338858030270785e-05,0.0
shape_resnet50_SIN,cat6-keyboard3.png,cat,keyboard,neither,589,hand_blower,knife,0.0004876769089605659,0.001317136106081307,0.11773347109556198
shape_resnet50_SIN,cat6-oven1.png,cat,oven,shape,285,Egyptian_cat,cat,0.13801291584968567,1.2141263141529635e-05,0.0
shape_resnet50_SIN,cat7-airplane2.png,cat,airplane,texture,895,warplane,airplane,1.2030171092192177e-05,0.0036444813013076782,0.0
shape_resnet50_SIN,cat7-boat3.png,cat,boat,neither,728,plastic_bag,bottle,4.6796369133517146e-05,1.0604164344840683e-05,0.41618621349334717
shape_resnet50_SIN,cat7-bottle1.png,cat,bottle,neither,599,honeycomb,bird,0.00024941444280557334,6.887084600748494e-05,0.12920452654361725
shape_resnet50_SIN,cat7-clock3.png,cat,clock,neither,112,conch,bottle,3.3289645216427743e-05,8.507145139446948e-07,0.790579080581665
shape_resnet50_SIN,cat7-dog3.png,cat,dog,shape,204,Lhasa,cat,0.009156427346169949,0.0049134911969304085,0.0
shape_resnet50_SIN,cat7-elephant1.png,cat,elephant,shape,285,Egyptian_cat,cat,0.0744781568646431,2.87932903120236e-06,0.0
shape_resnet50_SIN,cat7-knife2.png,cat,knife,shape,35,mud_turtle,cat,0.009727372787892818,0.007004618179053068,0.0
shape_resnet50_SIN,cat7-truck2.png,cat,truck,neither,534,dishwasher,chair,0.0003908226208295673,0.0005518950056284666,0.253989040851593
shape_resnet50_SIN,cat8-bear1.png,cat,bear,texture,868,tray,bear,0.006233189254999161,0.0070993416011333466,0.0
shape_resnet50_SIN,cat8-bicycle3.png,cat,bicycle,shape,283,Persian_cat,cat,0.09635024517774582,2.8435173589969054e-05,0.0
shape_resnet50_SIN,cat8-bird2.png,cat,bird,shape,259,Pomeranian,cat,0.007107222452759743,2.3026739654596895e-05,0.0
shape_resnet50_SIN,cat8-car2.png,cat,car,neither,309,bee,clock,0.0003549164393916726,3.621136784204282e-05,0.21373622119426727
shape_resnet50_SIN,cat9-bicycle1.png,cat,bicycle,neither,980,volcano,bird,0.00011398972128517926,1.636039996810723e-05,0.28617915511131287
shape_resnet50_SIN,cat9-bird3.png,cat,bird,neither,224,groenendael,bear,0.003907954785972834,0.0001806316286092624,0.10060956329107285
shape_resnet50_SIN,cat9-boat2.png,cat,boat,neither,75,black_widow,elephant,1.6566153135499917e-05,0.0006909890798851848,0.24371789395809174
shape_resnet50_SIN,cat9-bottle2.png,cat,bottle,texture,898,water_bottle,bottle,3.5355016734683886e-05,0.0530579574406147,0.0
shape_resnet50_SIN,cat9-chair2.png,cat,chair,neither,329,sea_cucumber,bottle,4.780273957294412e-05,0.00030998318106867373,0.15971440076828003
shape_resnet50_SIN,cat9-clock2.png,cat,clock,neither,435,bathtub,dog,0.0021245067473500967,1.5637810065527447e-05,0.11747517436742783
shape_resnet50_SIN,cat9-dog2.png,cat,dog,neither,228,komondor,bear,0.0006008854252286255,0.003971161786466837,0.22839727997779846
shape_resnet50_SIN,cat9-knife2.png,cat,knife,neither,802,snowmobile,airplane,0.0001754116383381188,0.00043639299110509455,0.08017618209123611
shape_resnet50_SIN,cat9-truck1.png,cat,truck,neither,396,lionfish,bottle,4.171598993707448e-05,0.0008072801865637302,0.16965019702911377
shape_resnet50_SIN,chair1-airplane2.png,chair,airplane,texture,438,beaker,airplane,0.005089962389320135,0.009798616170883179,0.0
shape_resnet50_SIN,chair1-bear1.png,chair,bear,texture,299,meerkat,bear,0.00030002891435287893,0.0072874086908996105,0.0
shape_resnet50_SIN,chair1-cat3.png,chair,cat,neither,438,beaker,knife,0.004423714708536863,2.4389502868871205e-05,0.17012673616409302
shape_resnet50_SIN,chair1-clock2.png,chair,clock,neither,499,cleaver,knife,0.0008702114573679864,0.00011280406033620238,0.2261120080947876
shape_resnet50_SIN,chair1-dog1.png,chair,dog,texture,588,hamper,dog,0.00017517538799438626,0.0007895773742347956,0.0
shape_resnet50_SIN,chair1-elephant1.png,chair,elephant,shape,765,rocking_chair,chair,0.21846434473991394,1.3028047760599293e-05,0.0
shape_resnet50_SIN,chair1-oven3.png,chair,oven,shape,526,desk,chair,0.005373482126742601,0.0014513084897771478,0.0
shape_resnet50_SIN,chair1-truck3.png,chair,truck,neither,896,washbasin,knife,0.00030715548200532794,2.2980200810707174e-05,0.3727976679801941
shape_resnet50_SIN,chair10-airplane2.png,chair,airplane,neither,827,stove,oven,0.0005849382723681629,1.8871838847189792e-06,0.34244996309280396
shape_resnet50_SIN,chair10-bicycle1.png,chair,bicycle,shape,431,bassinet,chair,0.012952372431755066,0.0002433465706417337,0.0
shape_resnet50_SIN,chair10-bird3.png,chair,bird,neither,677,nail,oven,0.0015586763620376587,7.174821803346276e-05,0.24362969398498535
shape_resnet50_SIN,chair10-bottle3.png,chair,bottle,shape,532,dining_table,chair,0.0852775126695633,5.50748263776768e-05,0.0
shape_resnet50_SIN,chair10-car2.png,chair,car,neither,647,measuring_cup,oven,0.004218477755784988,1.0052371180790942e-05,0.09915516525506973
shape_resnet50_SIN,chair10-cat1.png,chair,cat,neither,500,cliff_dwelling,bear,0.0007026867824606597,0.003377408953383565,0.09974974393844604
shape_resnet50_SIN,chair10-clock1.png,chair,clock,shape,532,dining_table,chair,0.01246622297912836,0.0014881606912240386,0.0
shape_resnet50_SIN,chair10-dog1.png,chair,dog,shape,857,throne,chair,0.03737910836935043,0.0008052869234234095,0.0
shape_resnet50_SIN,chair10-oven1.png,chair,oven,shape,559,folding_chair,chair,0.16884110867977142,0.0014828969724476337,0.0
shape_resnet50_SIN,chair2-bear2.png,chair,bear,neither,905,window_shade,elephant,0.0010428880341351032,3.128505341010168e-05,0.4178467094898224
shape_resnet50_SIN,chair2-boat1.png,chair,boat,shape,559,folding_chair,chair,0.08333534747362137,6.288367148954421e-05,0.0
shape_resnet50_SIN,chair2-keyboard2.png,chair,keyboard,shape,753,radiator,chair,0.0022217414807528257,0.00023578188847750425,0.0
shape_resnet50_SIN,chair2-knife1.png,chair,knife,shape,532,dining_table,chair,0.011340713128447533,0.00027548358775675297,0.0
shape_resnet50_SIN,chair3-airplane2.png,chair,airplane,neither,830,stretcher,oven,0.0026814735028892756,2.5616094717406668e-05,0.14639677107334137
shape_resnet50_SIN,chair3-bicycle3.png,chair,bicycle,shape,599,honeycomb,chair,0.002466770587489009,3.713339174282737e-05,0.0
shape_resnet50_SIN,chair3-bottle3.png,chair,bottle,shape,519,crate,chair,0.0025429190136492252,0.0001264016900677234,0.0
shape_resnet50_SIN,chair3-car3.png,chair,car,neither,591,handkerchief,bottle,0.002666272222995758,1.6915291780605912e-05,0.15083745121955872
shape_resnet50_SIN,chair3-dog2.png,chair,dog,shape,431,bassinet,chair,0.047459717839956284,8.788629929767922e-05,0.0
shape_resnet50_SIN,chair3-knife1.png,chair,knife,shape,742,printer,chair,0.007491461466997862,0.00029974596691317856,0.0
shape_resnet50_SIN,chair4-bear2.png,chair,bear,neither,588,hamper,elephant,0.0002522320719435811,0.0002515131782274693,0.11024168133735657
shape_resnet50_SIN,chair4-cat2.png,chair,cat,shape,794,shower_curtain,chair,0.0013125777477398515,0.00012301448441576213,0.0
shape_resnet50_SIN,chair4-keyboard2.png,chair,keyboard,shape,676,muzzle,chair,0.004182860720902681,0.001674622530117631,0.0
shape_resnet50_SIN,chair4-oven2.png,chair,oven,shape,786,sewing_machine,chair,0.038298990577459335,0.0002909834438469261,0.0
shape_resnet50_SIN,chair4-truck2.png,chair,truck,shape,647,measuring_cup,chair,0.05133377015590668,7.935558096505702e-05,0.0
shape_resnet50_SIN,chair5-bicycle1.png,chair,bicycle,shape,791,shopping_cart,chair,0.03446131944656372,0.008543367497622967,0.0
shape_resnet50_SIN,chair5-bird1.png,chair,bird,shape,14,indigo_bunting,chair,0.017567118629813194,0.006971102673560381,0.0
shape_resnet50_SIN,chair5-boat3.png,chair,boat,shape,765,rocking_chair,chair,0.04433933645486832,0.00015051072114147246,0.0
shape_resnet50_SIN,chair5-bottle3.png,chair,bottle,shape,500,cliff_dwelling,chair,0.003540577832609415,0.00031894794665277004,0.0
shape_resnet50_SIN,chair5-car1.png,chair,car,shape,423,barber_chair,chair,0.030364837497472763,0.0007442666683346033,0.0
shape_resnet50_SIN,chair5-cat3.png,chair,cat,shape,452,bonnet,chair,0.016660509631037712,9.17020661290735e-05,0.0
shape_resnet50_SIN,chair5-clock2.png,chair,clock,shape,423,barber_chair,chair,0.045301251113414764,0.000607634661719203,0.0
shape_resnet50_SIN,chair5-keyboard2.png,chair,keyboard,neither,960,chocolate_sauce,knife,0.0010856653098016977,0.0003290252643637359,0.09038792550563812
shape_resnet50_SIN,chair5-knife3.png,chair,knife,neither,456,bow,clock,0.0009446263429708779,0.0030009362380951643,0.141270250082016
shape_resnet50_SIN,chair5-oven2.png,chair,oven,shape,423,barber_chair,chair,0.15191875398159027,0.008618263527750969,0.0
shape_resnet50_SIN,chair5-truck3.png,chair,truck,shape,786,sewing_machine,chair,0.0006124478532001376,9.651849541114643e-05,0.0
shape_resnet50_SIN,chair6-bird2.png,chair,bird,neither,556,fire_screen,knife,0.0005070947809144855,4.588965566654224e-06,0.41658157110214233
shape_resnet50_SIN,chair6-dog1.png,chair,dog,shape,431,bassinet,chair,0.0035503313411027193,2.9652203011210077e-05,0.0
shape_resnet50_SIN,chair6-elephant2.png,chair,elephant,shape,708,pedestal,chair,0.027024630457162857,0.0009655949543230236,0.0
shape_resnet50_SIN,chair6-truck2.png,chair,truck,texture,534,dishwasher,truck,0.003957168199121952,0.005671435035765171,0.0
shape_resnet50_SIN,chair7-airplane1.png,chair,airplane,neither,519,crate,oven,0.003483918961137533,4.6919881242502015e-06,0.3945302963256836
shape_resnet50_SIN,chair7-bird1.png,chair,bird,shape,516,cradle,chair,0.010316778905689716,1.2590114238264505e-05,0.0
shape_resnet50_SIN,chair7-boat3.png,chair,boat,shape,516,cradle,chair,0.009371123276650906,1.3521344044420402e-05,0.0
shape_resnet50_SIN,chair7-bottle1.png,chair,bottle,shape,492,chest,chair,0.007882719859480858,3.3363489819748793e-06,0.0
shape_resnet50_SIN,chair7-car2.png,chair,car,neither,802,snowmobile,oven,0.008432160131633282,7.765313966956455e-06,0.16225174069404602
shape_resnet50_SIN,chair7-cat1.png,chair,cat,shape,588,hamper,chair,0.0036969315260648727,0.0001987489522434771,0.0
shape_resnet50_SIN,chair7-clock3.png,chair,clock,shape,891,waffle_iron,chair,0.011304741725325584,0.00014046148862689734,0.0
shape_resnet50_SIN,chair7-elephant1.png,chair,elephant,shape,708,pedestal,chair,0.022106286138296127,5.669629672411247e-07,0.0
shape_resnet50_SIN,chair7-knife2.png,chair,knife,texture,519,crate,knife,0.0006121582118794322,0.043400075286626816,0.0
shape_resnet50_SIN,chair7-truck3.png,chair,truck,neither,851,television,clock,0.0004408195673022419,4.020984488306567e-05,0.3953210413455963
shape_resnet50_SIN,chair8-airplane1.png,chair,airplane,shape,861,toilet_seat,chair,0.0006781038828194141,2.073606628982816e-05,0.0
shape_resnet50_SIN,chair8-bear1.png,chair,bear,shape,525,dam,chair,0.002160938223823905,0.0007445757510140538,0.0
shape_resnet50_SIN,chair8-bicycle3.png,chair,bicycle,shape,431,bassinet,chair,0.0008206630009226501,1.6417041479144245e-05,0.0
shape_resnet50_SIN,chair8-boat1.png,chair,boat,shape,830,stretcher,chair,0.07027934491634369,5.4549705964745954e-05,0.0
shape_resnet50_SIN,chair8-car1.png,chair,car,shape,830,stretcher,chair,0.001739711151458323,1.501081987953512e-05,0.0
shape_resnet50_SIN,chair8-clock3.png,chair,clock,shape,858,tile_roof,chair,0.0020712546538561583,0.0005944481235928833,0.0
shape_resnet50_SIN,chair8-elephant1.png,chair,elephant,shape,559,folding_chair,chair,0.1437506228685379,1.1780358590840478e-06,0.0
shape_resnet50_SIN,chair8-keyboard3.png,chair,keyboard,neither,893,wallet,bottle,0.00011822624946944416,0.00014435792400036007,0.058184102177619934
shape_resnet50_SIN,chair8-knife2.png,chair,knife,neither,539,doormat,oven,0.002768009901046753,0.00022746581817045808,0.1759166270494461
shape_resnet50_SIN,chair8-oven1.png,chair,oven,neither,713,photocopier,bottle,1.2836872883781325e-05,2.2915107820153935e-06,0.5711593627929688
shape_resnet50_SIN,chair9-bear1.png,chair,bear,texture,334,porcupine,bear,0.0005917815724387765,0.0006631661672145128,0.0
shape_resnet50_SIN,chair9-bicycle3.png,chair,bicycle,shape,541,drum,chair,0.02238878235220909,4.978736978955567e-05,0.0
shape_resnet50_SIN,chair9-bird3.png,chair,bird,neither,677,nail,clock,0.0002063926076516509,1.962281749001704e-05,0.1779615879058838
shape_resnet50_SIN,chair9-boat2.png,chair,boat,neither,741,prayer_rug,oven,0.0065105571411550045,2.3435062757926062e-05,0.23690515756607056
shape_resnet50_SIN,chair9-bottle3.png,chair,bottle,neither,591,handkerchief,clock,0.007260526996105909,0.0002786896948236972,0.11163479089736938
shape_resnet50_SIN,chair9-dog2.png,chair,dog,neither,584,hair_slide,clock,0.00105765531770885,0.00019197851361241192,0.17879143357276917
shape_resnet50_SIN,chair9-elephant1.png,chair,elephant,shape,765,rocking_chair,chair,0.046226710081100464,1.4768797882425133e-06,0.0
shape_resnet50_SIN,chair9-keyboard2.png,chair,keyboard,shape,791,shopping_cart,chair,0.006071271374821663,0.000539167842362076,0.0
shape_resnet50_SIN,clock1-bear1.png,clock,bear,neither,67,diamondback,elephant,1.4845291843812447e-05,3.5660224966704845e-05,0.2766004502773285
shape_resnet50_SIN,clock1-boat3.png,clock,boat,shape,835,sundial,clock,0.008508536964654922,6.932510586921126e-05,0.0
shape_resnet50_SIN,clock1-car1.png,clock,car,neither,858,tile_roof,knife,0.0006271341699175537,5.923697608523071e-05,0.19673635065555573
shape_resnet50_SIN,clock1-dog2.png,clock,dog,shape,835,sundial,clock,0.01126786693930626,4.083933526999317e-05,0.0
shape_resnet50_SIN,clock1-elephant2.png,clock,elephant,texture,37,box_turtle,elephant,7.43044147384353e-05,0.04384225234389305,0.0
shape_resnet50_SIN,clock1-truck3.png,clock,truck,neither,876,tub,bottle,4.8020989197539166e-05,1.895383888950164e-06,0.5448296666145325
shape_resnet50_SIN,clock10-airplane1.png,clock,airplane,shape,826,stopwatch,clock,0.05487975478172302,7.49273895053193e-05,0.0
shape_resnet50_SIN,clock10-bird3.png,clock,bird,neither,469,caldron,bottle,8.855971827870235e-05,0.00014813356392551214,0.11502096801996231
shape_resnet50_SIN,clock10-boat2.png,clock,boat,shape,635,magnetic_compass,clock,0.0027054783422499895,3.4979923384526046e-06,0.0
shape_resnet50_SIN,clock10-bottle1.png,clock,bottle,neither,37,box_turtle,elephant,1.2988861271878704e-05,1.4484695384453516e-05,0.24177692830562592
shape_resnet50_SIN,clock10-cat1.png,clock,cat,neither,82,ruffed_grouse,bird,0.00045958711416460574,0.0008808465790934861,0.15689875185489655
shape_resnet50_SIN,clock10-dog3.png,clock,dog,neither,154,Pekinese,bear,3.9757276681484655e-05,0.004706973675638437,0.16873763501644135
shape_resnet50_SIN,clock10-knife3.png,clock,knife,shape,531,digital_watch,clock,0.003423684509471059,8.718420576769859e-05,0.0
shape_resnet50_SIN,clock10-oven2.png,clock,oven,shape,531,digital_watch,clock,0.0031634450424462557,6.385934102581814e-05,0.0
shape_resnet50_SIN,clock10-truck2.png,clock,truck,neither,803,snowplow,keyboard,0.0008430106681771576,0.00040037703001871705,0.10135582089424133
shape_resnet50_SIN,clock2-bear2.png,clock,bear,shape,835,sundial,clock,0.12317787855863571,2.722456702031195e-05,0.0
shape_resnet50_SIN,clock2-bicycle1.png,clock,bicycle,shape,892,wall_clock,clock,0.20911931991577148,3.6747583180840593e-06,0.0
shape_resnet50_SIN,clock2-bottle3.png,clock,bottle,shape,892,wall_clock,clock,0.20991039276123047,8.579646646467154e-07,0.0
shape_resnet50_SIN,clock2-dog1.png,clock,dog,shape,835,sundial,clock,0.10180091112852097,1.7570596355653834e-07,0.0
shape_resnet50_SIN,clock2-elephant2.png,clock,elephant,shape,426,barometer,clock,0.06054619327187538,3.0009496754246356e-07,0.0
shape_resnet50_SIN,clock2-knife1.png,clock,knife,shape,835,sundial,clock,0.08992400020360947,2.329652943444671e-06,0.0
shape_resnet50_SIN,clock3-bear3.png,clock,bear,shape,835,sundial,clock,0.01788068749010563,2.29209376811923e-06,0.0
shape_resnet50_SIN,clock3-bicycle2.png,clock,bicycle,shape,640,manhole_cover,clock,0.002609568415209651,0.00010673383076209575,0.0
shape_resnet50_SIN,clock3-bird1.png,clock,bird,shape,426,barometer,clock,0.007393719628453255,6.978759302000981e-06,0.0
shape_resnet50_SIN,clock3-car2.png,clock,car,shape,426,barometer,clock,0.08695805072784424,2.4850905333551054e-07,0.0
shape_resnet50_SIN,clock3-cat1.png,clock,cat,shape,426,barometer,clock,0.09405682235956192,1.7010677765938453e-05,0.0
shape_resnet50_SIN,clock3-dog2.png,clock,dog,shape,892,wall_clock,clock,0.1843913197517395,3.023492581633036e-06,0.0
shape_resnet50_SIN,clock3-elephant3.png,clock,elephant,shape,635,magnetic_compass,clock,0.05425410345196724,2.3231314116856083e-05,0.0
shape_resnet50_SIN,clock3-keyboard3.png,clock,keyboard,shape,551,face_powder,clock,0.018529484048485756,0.00010661866690497845,0.0
shape_resnet50_SIN,clock4-airplane1.png,clock,airplane,shape,426,barometer,clock,0.03984210640192032,5.036392030888237e-05,0.0
shape_resnet50_SIN,clock4-bird3.png,clock,bird,shape,409,analog_clock,clock,0.3112160265445709,1.7292605036800524e-07,0.0
shape_resnet50_SIN,clock4-boat3.png,clock,boat,shape,448,birdhouse,clock,0.0028815630357712507,1.3983275493956171e-05,0.0
shape_resnet50_SIN,clock4-bottle3.png,clock,bottle,shape,892,wall_clock,clock,0.21420001983642578,5.150399715603271e-07,0.0
shape_resnet50_SIN,clock4-car2.png,clock,car,shape,409,analog_clock,clock,0.24081040918827057,5.440763857222919e-07,0.0
shape_resnet50_SIN,clock4-chair1.png,clock,chair,shape,896,washbasin,clock,0.022216299548745155,0.0003248662978876382,0.0
shape_resnet50_SIN,clock4-elephant2.png,clock,elephant,shape,835,sundial,clock,0.011759760789573193,3.481355861367774e-06,0.0
shape_resnet50_SIN,clock4-knife1.png,clock,knife,shape,835,sundial,clock,0.10635948181152344,1.0144739235329325e-06,0.0
shape_resnet50_SIN,clock4-oven1.png,clock,oven,shape,892,wall_clock,clock,0.11636116355657578,0.0003179625200573355,0.0
shape_resnet50_SIN,clock5-airplane1.png,clock,airplane,shape,426,barometer,clock,0.04347066581249237,1.519677084615978e-06,0.0
shape_resnet50_SIN,clock5-bicycle1.png,clock,bicycle,shape,778,scale,clock,0.018098004162311554,3.011089938809164e-05,0.0
shape_resnet50_SIN,clock5-chair3.png,clock,chair,shape,409,analog_clock,clock,0.3175823986530304,1.9466910998744424e-06,0.0
shape_resnet50_SIN,clock5-elephant2.png,clock,elephant,shape,426,barometer,clock,0.07182205468416214,1.3377211871556938e-07,0.0
shape_resnet50_SIN,clock5-keyboard1.png,clock,keyboard,shape,835,sundial,clock,0.001031744759529829,6.071311986488581e-07,0.0
shape_resnet50_SIN,clock5-oven1.png,clock,oven,shape,892,wall_clock,clock,0.329688161611557,3.524224112538832e-08,0.0
shape_resnet50_SIN,clock6-bicycle1.png,clock,bicycle,shape,635,magnetic_compass,clock,0.06875606626272202,3.0492983569274656e-05,0.0
shape_resnet50_SIN,clock6-bird3.png,clock,bird,shape,892,wall_clock,clock,0.3299664258956909,7.095167120496626e-08,0.0
shape_resnet50_SIN,clock6-bottle1.png,clock,bottle,shape,458,brass,clock,0.026055680587887764,0.0004011218261439353,0.0
shape_resnet50_SIN,clock6-car2.png,clock,car,shape,685,odometer,clock,0.04373640939593315,1.0873299061131547e-06,0.0
shape_resnet50_SIN,clock6-chair3.png,clock,chair,shape,892,wall_clock,clock,0.3278466463088989,1.6123419754876522e-06,0.0
shape_resnet50_SIN,clock6-knife2.png,clock,knife,shape,426,barometer,clock,0.12565003335475922,4.9325040890835226e-05,0.0
shape_resnet50_SIN,clock6-oven1.png,clock,oven,shape,892,wall_clock,clock,0.3117997646331787,0.00010173940972890705,0.0
shape_resnet50_SIN,clock6-truck3.png,clock,truck,shape,530,digital_clock,clock,0.10616698116064072,1.1084292054874822e-05,0.0
shape_resnet50_SIN,clock7-bear2.png,clock,bear,shape,868,tray,clock,0.016426030546426773,2.66808228843729e-06,0.0
shape_resnet50_SIN,clock7-bicycle1.png,clock,bicycle,shape,892,wall_clock,clock,0.2341710776090622,1.8941587143217475e-07,0.0
shape_resnet50_SIN,clock7-boat3.png,clock,boat,shape,868,tray,clock,0.10342689603567123,2.647724954840669e-07,0.0
shape_resnet50_SIN,clock7-bottle2.png,clock,bottle,shape,892,wall_clock,clock,0.28427836298942566,6.290925966823124e-07,0.0
shape_resnet50_SIN,clock7-car1.png,clock,car,shape,892,wall_clock,clock,0.24790632724761963,3.4614227928386754e-08,0.0
shape_resnet50_SIN,clock7-cat2.png,clock,cat,shape,409,analog_clock,clock,0.2636846601963043,2.6305478968424723e-06,0.0
shape_resnet50_SIN,clock7-dog2.png,clock,dog,shape,409,analog_clock,clock,0.25433558225631714,1.321021159128577e-08,0.0
shape_resnet50_SIN,clock7-keyboard2.png,clock,keyboard,shape,409,analog_clock,clock,0.16087894141674042,0.0023440485820174217,0.0
shape_resnet50_SIN,clock7-truck3.png,clock,truck,shape,859,toaster,clock,0.025737546384334564,0.0006924649933353066,0.0
shape_resnet50_SIN,clock8-airplane2.png,clock,airplane,shape,409,analog_clock,clock,0.1849113255739212,6.567936361534521e-05,0.0
shape_resnet50_SIN,clock8-bear2.png,clock,bear,shape,826,stopwatch,clock,0.0085947560146451,3.1885031148704e-07,0.0
shape_resnet50_SIN,clock8-boat1.png,clock,boat,shape,892,wall_clock,clock,0.17427825927734375,1.1782180990849156e-05,0.0
shape_resnet50_SIN,clock8-cat1.png,clock,cat,shape,826,stopwatch,clock,0.010256770998239517,1.0043719385066652e-06,0.0
shape_resnet50_SIN,clock8-chair2.png,clock,chair,shape,826,stopwatch,clock,0.007892589084804058,0.0001121099412557669,0.0
shape_resnet50_SIN,clock8-keyboard1.png,clock,keyboard,shape,640,manhole_cover,clock,0.03702576830983162,1.3918353033659514e-05,0.0
shape_resnet50_SIN,clock8-knife1.png,clock,knife,shape,892,wall_clock,clock,0.22661416232585907,1.573308168190124e-06,0.0
shape_resnet50_SIN,clock8-oven3.png,clock,oven,shape,826,stopwatch,clock,0.018335161730647087,2.107823036112677e-07,0.0
shape_resnet50_SIN,clock8-truck2.png,clock,truck,shape,409,analog_clock,clock,0.09859923273324966,0.00030694151064381003,0.0
shape_resnet50_SIN,clock9-airplane1.png,clock,airplane,shape,892,wall_clock,clock,0.2104477435350418,1.1497601008159108e-05,0.0
shape_resnet50_SIN,clock9-bird2.png,clock,bird,shape,892,wall_clock,clock,0.3214395046234131,2.3575969976263877e-07,0.0
shape_resnet50_SIN,clock9-cat1.png,clock,cat,shape,577,gong,clock,0.009279470890760422,0.0005480718682520092,0.0
shape_resnet50_SIN,clock9-chair3.png,clock,chair,shape,409,analog_clock,clock,0.1945124864578247,2.3503389456891455e-06,0.0
shape_resnet50_SIN,clock9-keyboard2.png,clock,keyboard,neither,960,chocolate_sauce,knife,0.000204562209546566,5.297197640175e-05,0.36884331703186035
shape_resnet50_SIN,dog1-airplane3.png,dog,airplane,shape,208,Labrador_retriever,dog,0.009066333062946796,3.901321633748012e-06,0.0
shape_resnet50_SIN,dog1-bear1.png,dog,bear,neither,208,Labrador_retriever,elephant,0.007766727823764086,0.0007061626529321074,0.17871025204658508
shape_resnet50_SIN,dog1-bird1.png,dog,bird,shape,208,Labrador_retriever,dog,0.008146083913743496,1.1806772818090394e-05,0.0
shape_resnet50_SIN,dog1-boat3.png,dog,boat,neither,971,bubble,bottle,0.0005820021615363657,2.8000580641673878e-05,0.16184741258621216
shape_resnet50_SIN,dog1-car2.png,dog,car,neither,34,leatherback_turtle,elephant,0.00022258670651353896,4.6465993364108726e-05,0.18099069595336914
shape_resnet50_SIN,dog1-cat3.png,dog,cat,shape,265,toy_poodle,dog,0.0073862262070178986,3.408961129025556e-05,0.0
shape_resnet50_SIN,dog1-chair1.png,dog,chair,shape,265,toy_poodle,dog,0.0030137791763991117,1.5823387002456002e-05,0.0
shape_resnet50_SIN,dog1-knife3.png,dog,knife,shape,208,Labrador_retriever,dog,0.00877946987748146,9.866916116152424e-06,0.0
shape_resnet50_SIN,dog10-airplane1.png,dog,airplane,neither,150,sea_lion,elephant,0.0014535700902342796,0.00014100674889050424,0.3140530288219452
shape_resnet50_SIN,dog10-bicycle1.png,dog,bicycle,shape,206,curly-coated_retriever,dog,0.009092763066291809,6.423097147489898e-07,0.0
shape_resnet50_SIN,dog10-bottle1.png,dog,bottle,neither,45,Gila_monster,elephant,0.0002476609661243856,5.164520916878246e-05,0.8326013684272766
shape_resnet50_SIN,dog10-car3.png,dog,car,neither,572,goblet,bottle,0.0004458747280295938,2.85165569948731e-05,0.36180368065834045
shape_resnet50_SIN,dog10-clock1.png,dog,clock,shape,234,Rottweiler,dog,0.007797182537615299,2.774841595964972e-05,0.0
shape_resnet50_SIN,dog10-elephant1.png,dog,elephant,neither,292,tiger,cat,0.0021410463377833366,0.00019735973910428584,0.20330873131752014
shape_resnet50_SIN,dog10-keyboard2.png,dog,keyboard,neither,487,cellular_telephone,knife,4.037603866891004e-05,0.0002431694301776588,0.890120267868042
shape_resnet50_SIN,dog10-oven2.png,dog,oven,shape,236,Doberman,dog,0.008667192421853542,1.630664883123245e-06,0.0
shape_resnet50_SIN,dog10-truck2.png,dog,truck,texture,629,lipstick,truck,2.0038552975165658e-05,0.0031879693269729614,0.0
shape_resnet50_SIN,dog2-airplane2.png,dog,airplane,neither,802,snowmobile,car,4.6079085791461694e-07,5.74088289795327e-06,0.9288709163665771
shape_resnet50_SIN,dog2-bicycle2.png,dog,bicycle,neither,172,whippet,elephant,0.005764080211520195,0.00010871308040805161,0.10251398384571075
shape_resnet50_SIN,dog2-bottle2.png,dog,bottle,texture,898,water_bottle,bottle,5.946560486336239e-05,0.048823144286870956,0.0
shape_resnet50_SIN,dog2-cat1.png,dog,cat,shape,216,clumber,dog,0.009025804698467255,9.404161005477363e-07,0.0
shape_resnet50_SIN,dog2-knife3.png,dog,knife,shape,172,whippet,dog,0.005988503340631723,4.9127600505016744e-05,0.0
shape_resnet50_SIN,dog3-bear3.png,dog,bear,shape,265,toy_poodle,dog,0.005234911572188139,3.8795522414147854e-05,0.0
shape_resnet50_SIN,dog3-bird2.png,dog,bird,shape,205,flat-coated_retriever,dog,0.00910287257283926,1.5035421938591753e-06,0.0
shape_resnet50_SIN,dog3-boat1.png,dog,boat,shape,802,snowmobile,dog,1.0254515473206993e-05,2.964861323562218e-06,0.0
shape_resnet50_SIN,dog3-clock1.png,dog,clock,shape,37,box_turtle,dog,0.004775759298354387,0.0007287298212759197,0.0
shape_resnet50_SIN,dog3-elephant2.png,dog,elephant,neither,37,box_turtle,chair,0.00011819042993010953,0.0006830941420048475,0.1399902105331421
shape_resnet50_SIN,dog3-keyboard1.png,dog,keyboard,shape,256,Newfoundland,dog,0.008633624762296677,3.028867649845779e-05,0.0
shape_resnet50_SIN,dog3-knife3.png,dog,knife,shape,205,flat-coated_retriever,dog,0.009114060550928116,9.988449164666235e-06,0.0
shape_resnet50_SIN,dog3-truck2.png,dog,truck,neither,792,shovel,knife,1.3259585102787241e-05,7.290225312317489e-06,0.9285939931869507
shape_resnet50_SIN,dog4-airplane3.png,dog,airplane,shape,243,bull_mastiff,dog,0.008713277988135815,7.65849108574912e-08,0.0
shape_resnet50_SIN,dog4-bicycle1.png,dog,bicycle,neither,329,sea_cucumber,elephant,1.8288155843038112e-05,2.8482891138992272e-06,0.5362322926521301
shape_resnet50_SIN,dog4-bird1.png,dog,bird,shape,243,bull_mastiff,dog,0.007477650884538889,8.55638336361153e-06,0.0
shape_resnet50_SIN,dog4-bottle2.png,dog,bottle,texture,815,spider_web,bottle,0.0005863982369191945,0.006809136364609003,0.0
shape_resnet50_SIN,dog4-cat3.png,dog,cat,shape,202,soft-coated_wheaten_terrier,dog,0.006252616178244352,0.00028908535023219883,0.0
shape_resnet50_SIN,dog4-chair1.png,dog,chair,shape,254,pug,dog,0.007566501852124929,6.9236675699357875e-06,0.0
shape_resnet50_SIN,dog4-clock1.png,dog,clock,shape,125,hermit_crab,dog,0.0024324723053723574,0.00017141936405096203,0.0
shape_resnet50_SIN,dog4-elephant2.png,dog,elephant,texture,290,jaguar,elephant,4.669175177696161e-05,0.0007611886831000447,0.0
shape_resnet50_SIN,dog4-keyboard2.png,dog,keyboard,neither,531,digital_watch,clock,0.0002835220948327333,0.00042788113933056593,0.31413644552230835
shape_resnet50_SIN,dog4-oven1.png,dog,oven,neither,745,projector,clock,1.686618270468898e-05,0.0002783066011033952,0.3870343863964081
shape_resnet50_SIN,dog4-truck2.png,dog,truck,neither,464,buckle,car,4.987733336747624e-05,0.00031942050554789603,0.06818968802690506
shape_resnet50_SIN,dog5-bear3.png,dog,bear,shape,265,toy_poodle,dog,0.008872190490365028,2.6649660867406055e-05,0.0
shape_resnet50_SIN,dog5-boat3.png,dog,boat,shape,676,muzzle,dog,0.0022621923126280308,4.426048690220341e-05,0.0
shape_resnet50_SIN,dog5-car3.png,dog,car,shape,212,English_setter,dog,0.007318778429180384,6.33486924925819e-05,0.0
shape_resnet50_SIN,dog5-elephant1.png,dog,elephant,shape,207,golden_retriever,dog,0.009097986854612827,2.7695546123140957e-06,0.0
shape_resnet50_SIN,dog5-knife2.png,dog,knife,neither,243,bull_mastiff,bear,0.0037761374842375517,0.0009457158157601953,0.08944495767354965
shape_resnet50_SIN,dog5-oven1.png,dog,oven,shape,676,muzzle,dog,0.004151166416704655,0.0002791734877973795,0.0
shape_resnet50_SIN,dog5-truck2.png,dog,truck,neither,710,pencil_sharpener,bottle,1.87919577001594e-05,0.0002419774536974728,0.48448824882507324
shape_resnet50_SIN,dog6-bicycle1.png,dog,bicycle,shape,243,bull_mastiff,dog,0.008536720648407936,5.378979484049751e-09,0.0
shape_resnet50_SIN,dog6-bird1.png,dog,bird,shape,195,Boston_bull,dog,0.0061369361355900764,0.0002176989655708894,0.0
shape_resnet50_SIN,dog6-cat1.png,dog,cat,shape,155,Shih-Tzu,dog,0.007958220317959785,0.00026015876210294664,0.0
shape_resnet50_SIN,dog6-clock1.png,dog,clock,shape,242,boxer,dog,0.0016268232138827443,3.913328328053467e-06,0.0
shape_resnet50_SIN,dog6-elephant2.png,dog,elephant,texture,37,box_turtle,elephant,3.464756900939392e-06,7.62159179430455e-05,0.0
shape_resnet50_SIN,dog6-truck2.png,dog,truck,texture,728,plastic_bag,truck,0.00044612394412979484,0.003984519746154547,0.0
shape_resnet50_SIN,dog7-bird3.png,dog,bird,shape,215,Brittany_spaniel,dog,0.008502211421728134,8.886192517820746e-06,0.0
shape_resnet50_SIN,dog7-car2.png,dog,car,neither,647,measuring_cup,bottle,1.0620644388836809e-05,0.00036948747583664954,0.6696244478225708
shape_resnet50_SIN,dog7-chair2.png,dog,chair,neither,566,French_horn,bird,6.953722731850576e-06,0.00011215187987545505,0.42085006833076477
shape_resnet50_SIN,dog7-keyboard3.png,dog,keyboard,neither,531,digital_watch,clock,5.917093403695617e-06,0.00011249307135585696,0.44298726320266724
shape_resnet50_SIN,dog7-knife3.png,dog,knife,shape,210,German_short-haired_pointer,dog,0.007720030378550291,0.00048661621985957026,0.0
shape_resnet50_SIN,dog7-oven2.png,dog,oven,neither,859,toaster,bottle,8.892097685020417e-05,0.0005852095782756805,0.2741576135158539
shape_resnet50_SIN,dog8-bear3.png,dog,bear,neither,840,swab,elephant,0.0015219439519569278,5.106736716697924e-05,0.6674140095710754
shape_resnet50_SIN,dog8-boat3.png,dog,boat,neither,562,fountain,elephant,0.00035215323441661894,0.0008015359053388238,0.09030328691005707
shape_resnet50_SIN,dog8-bottle2.png,dog,bottle,neither,385,Indian_elephant,elephant,0.0009587286622263491,0.002546249656006694,0.2222764492034912
shape_resnet50_SIN,dog8-chair3.png,dog,chair,neither,446,binder,elephant,0.00023916854115668684,0.003082426032051444,0.10246308892965317
shape_resnet50_SIN,dog8-clock2.png,dog,clock,shape,170,Irish_wolfhound,dog,0.008358902297914028,1.0443584869790357e-05,0.0
shape_resnet50_SIN,dog8-keyboard3.png,dog,keyboard,neither,876,tub,elephant,0.0023575741797685623,5.2673916798084974e-05,0.19245097041130066
shape_resnet50_SIN,dog8-oven3.png,dog,oven,shape,246,Great_Dane,dog,0.00848599523305893,7.857483069528826e-06,0.0
shape_resnet50_SIN,dog9-airplane3.png,dog,airplane,shape,234,Rottweiler,dog,0.007858522236347198,3.058865695493296e-05,0.0
shape_resnet50_SIN,dog9-bear3.png,dog,bear,shape,267,standard_poodle,dog,0.006940016057342291,0.004063276574015617,0.0
shape_resnet50_SIN,dog9-bicycle3.png,dog,bicycle,neither,980,volcano,oven,0.00025424855994060636,0.00021653942530974746,0.14150786399841309
shape_resnet50_SIN,dog9-boat1.png,dog,boat,neither,802,snowmobile,bicycle,3.7631845771102235e-05,5.330768181011081e-05,0.7579126954078674
shape_resnet50_SIN,dog9-bottle1.png,dog,bottle,shape,206,curly-coated_retriever,dog,0.00912092998623848,2.628295760587207e-06,0.0
shape_resnet50_SIN,dog9-car1.png,dog,car,neither,972,cliff,bicycle,0.0012613639701157808,7.17927614459768e-05,0.13491246104240417
shape_resnet50_SIN,dog9-cat1.png,dog,cat,shape,202,soft-coated_wheaten_terrier,dog,0.00840669497847557,0.000517755514010787,0.0
shape_resnet50_SIN,dog9-chair2.png,dog,chair,neither,599,honeycomb,oven,0.00015642473590560257,0.0026299171149730682,0.32923823595046997
shape_resnet50_SIN,elephant1-airplane2.png,elephant,airplane,neither,145,king_penguin,bird,0.007295890711247921,1.2468370186979882e-05,0.4785613417625427
shape_resnet50_SIN,elephant1-bear2.png,elephant,bear,shape,385,Indian_elephant,elephant,0.4502260982990265,3.4533662983449176e-05,0.0
shape_resnet50_SIN,elephant1-boat2.png,elephant,boat,shape,385,Indian_elephant,elephant,0.37821638584136963,2.3118436729419045e-06,0.0
shape_resnet50_SIN,elephant1-bottle1.png,elephant,bottle,shape,599,honeycomb,elephant,0.005042694974690676,0.001059499103575945,0.0
shape_resnet50_SIN,elephant1-car3.png,elephant,car,shape,728,plastic_bag,elephant,0.01534130610525608,2.485953336872626e-05,0.0
shape_resnet50_SIN,elephant1-chair1.png,elephant,chair,shape,876,tub,elephant,0.002882084110751748,2.703613972698804e-05,0.0
shape_resnet50_SIN,elephant1-dog2.png,elephant,dog,shape,385,Indian_elephant,elephant,0.43573495745658875,1.4951078810554463e-05,0.0
shape_resnet50_SIN,elephant1-keyboard3.png,elephant,keyboard,neither,859,toaster,bottle,5.3483046940527856e-05,0.0015840808628126979,0.21948625147342682
shape_resnet50_SIN,elephant1-oven2.png,elephant,oven,neither,786,sewing_machine,keyboard,0.0009342503035441041,0.00046683731488883495,0.1910952478647232
shape_resnet50_SIN,elephant10-bear1.png,elephant,bear,shape,385,Indian_elephant,elephant,0.18144145607948303,0.005090771708637476,0.0
shape_resnet50_SIN,elephant10-keyboard1.png,elephant,keyboard,shape,329,sea_cucumber,elephant,0.02403329312801361,1.9936604076065123e-05,0.0
shape_resnet50_SIN,elephant10-knife3.png,elephant,knife,shape,126,isopod,elephant,0.04538164287805557,0.0001031213832902722,0.0
shape_resnet50_SIN,elephant2-airplane3.png,elephant,airplane,shape,708,pedestal,elephant,0.005577100440859795,0.00018534658011049032,0.0
shape_resnet50_SIN,elephant2-bear3.png,elephant,bear,shape,385,Indian_elephant,elephant,0.1433347463607788,0.008146140724420547,0.0
shape_resnet50_SIN,elephant2-bird1.png,elephant,bird,neither,658,mitten,bottle,9.995142136176582e-06,0.00044386129593476653,0.5487666130065918
shape_resnet50_SIN,elephant2-boat1.png,elephant,boat,neither,898,water_bottle,bottle,0.00015669061394874007,9.120970207732171e-05,0.16992801427841187
shape_resnet50_SIN,elephant2-bottle3.png,elephant,bottle,shape,69,trilobite,elephant,0.05454220250248909,0.00018935346452053636,0.0
shape_resnet50_SIN,elephant2-cat1.png,elephant,cat,neither,824,stole,bear,0.000396058545447886,0.004483652766793966,0.08868394047021866
shape_resnet50_SIN,elephant2-clock1.png,elephant,clock,shape,69,trilobite,elephant,0.013331335969269276,0.0012585442746058106,0.0
shape_resnet50_SIN,elephant2-keyboard3.png,elephant,keyboard,neither,844,switch,knife,0.0007771981763653457,0.0015025371685624123,0.14420650899410248
shape_resnet50_SIN,elephant2-truck2.png,elephant,truck,shape,728,plastic_bag,elephant,0.008303054608404636,0.0021053627133369446,0.0
shape_resnet50_SIN,elephant3-cat2.png,elephant,cat,shape,615,knee_pad,elephant,0.10737815499305725,0.001591736450791359,0.0
shape_resnet50_SIN,elephant3-chair1.png,elephant,chair,neither,615,knee_pad,airplane,0.0001922657247632742,0.00037663039984181523,0.7193994522094727
shape_resnet50_SIN,elephant3-keyboard2.png,elephant,keyboard,shape,427,barrel,elephant,0.008155696094036102,6.812693027313799e-05,0.0
shape_resnet50_SIN,elephant3-knife1.png,elephant,knife,shape,597,holster,elephant,0.029098447412252426,0.018388157710433006,0.0
shape_resnet50_SIN,elephant3-oven1.png,elephant,oven,neither,708,pedestal,airplane,8.466286089969799e-06,1.8569056919659488e-05,0.5142173767089844
shape_resnet50_SIN,elephant3-truck1.png,elephant,truck,shape,396,lionfish,elephant,0.0733485221862793,1.9232404156355187e-05,0.0
shape_resnet50_SIN,elephant4-bicycle2.png,elephant,bicycle,shape,385,Indian_elephant,elephant,0.18479222059249878,6.084236247261288e-06,0.0
shape_resnet50_SIN,elephant4-bird1.png,elephant,bird,shape,608,jean,elephant,0.16968998312950134,0.0009527626680210233,0.0
shape_resnet50_SIN,elephant4-boat3.png,elephant,boat,shape,728,plastic_bag,elephant,0.004201991017907858,3.64476400136482e-05,0.0
shape_resnet50_SIN,elephant4-car3.png,elephant,car,shape,385,Indian_elephant,elephant,0.3729296624660492,2.2637780148215825e-06,0.0
shape_resnet50_SIN,elephant4-chair3.png,elephant,chair,neither,895,warplane,airplane,0.0005539708072319627,0.00044437870383262634,0.3653123676776886
shape_resnet50_SIN,elephant4-clock3.png,elephant,clock,shape,385,Indian_elephant,elephant,0.32978323101997375,8.072742616604955e-07,0.0
shape_resnet50_SIN,elephant4-oven1.png,elephant,oven,texture,713,photocopier,oven,0.014638833701610565,0.027881411835551262,0.0
shape_resnet50_SIN,elephant5-bear2.png,elephant,bear,shape,385,Indian_elephant,elephant,0.20862393081188202,0.027339698746800423,0.0
shape_resnet50_SIN,elephant5-bicycle3.png,elephant,bicycle,shape,385,Indian_elephant,elephant,0.4826678931713104,1.964304274792994e-09,0.0
shape_resnet50_SIN,elephant5-bottle2.png,elephant,bottle,shape,385,Indian_elephant,elephant,0.2726903557777405,0.007416942156851292,0.0
shape_resnet50_SIN,elephant5-car1.png,elephant,car,shape,38,banded_gecko,elephant,0.013850705698132515,0.00016670314653310925,0.0
shape_resnet50_SIN,elephant5-chair3.png,elephant,chair,shape,833,submarine,elephant,0.026048194617033005,0.00017294161079917103,0.0
shape_resnet50_SIN,elephant5-truck1.png,elephant,truck,neither,589,hand_blower,knife,0.007487307768315077,0.00025764608290046453,0.38640114665031433
shape_resnet50_SIN,elephant6-bicycle1.png,elephant,bicycle,shape,385,Indian_elephant,elephant,0.2661285996437073,8.990582500700839e-06,0.0
shape_resnet50_SIN,elephant6-bird1.png,elephant,bird,shape,84,peacock,elephant,0.07816801965236664,0.0019910403061658144,0.0
shape_resnet50_SIN,elephant6-bottle2.png,elephant,bottle,shape,385,Indian_elephant,elephant,0.33807528018951416,2.2187550996477512e-07,0.0
shape_resnet50_SIN,elephant6-car3.png,elephant,car,shape,385,Indian_elephant,elephant,0.3955018222332001,1.2492637324612588e-06,0.0
shape_resnet50_SIN,elephant6-cat2.png,elephant,cat,shape,343,warthog,elephant,0.05300053209066391,0.01842375285923481,0.0
shape_resnet50_SIN,elephant6-dog2.png,elephant,dog,shape,216,clumber,elephant,0.05158320814371109,0.006853066850453615,0.0
shape_resnet50_SIN,elephant6-knife2.png,elephant,knife,shape,385,Indian_elephant,elephant,0.19228190183639526,8.529607293894514e-05,0.0
shape_resnet50_SIN,elephant6-oven1.png,elephant,oven,shape,385,Indian_elephant,elephant,0.1332232803106308,0.0003294393536634743,0.0
shape_resnet50_SIN,elephant6-truck3.png,elephant,truck,shape,385,Indian_elephant,elephant,0.10523884743452072,0.0018188328249379992,0.0
shape_resnet50_SIN,elephant7-airplane3.png,elephant,airplane,shape,385,Indian_elephant,elephant,0.29538580775260925,5.845582563779317e-05,0.0
shape_resnet50_SIN,elephant7-bear3.png,elephant,bear,texture,102,echidna,bear,0.003590299980714917,0.005689008627086878,0.0
shape_resnet50_SIN,elephant7-bird1.png,elephant,bird,texture,14,indigo_bunting,bird,0.0004762959433719516,0.005443039815872908,0.0
shape_resnet50_SIN,elephant7-bottle3.png,elephant,bottle,shape,385,Indian_elephant,elephant,0.42953938245773315,0.00014014847693033516,0.0
shape_resnet50_SIN,elephant7-car3.png,elephant,car,shape,562,fountain,elephant,0.003611005377024412,6.048405703040771e-05,0.0
shape_resnet50_SIN,elephant7-cat1.png,elephant,cat,neither,213,Irish_setter,dog,0.00039120856672525406,0.0011861622333526611,0.1842958778142929
shape_resnet50_SIN,elephant7-clock2.png,elephant,clock,neither,120,fiddler_crab,oven,0.0011462182737886906,2.1943566025584005e-05,0.2098943293094635
shape_resnet50_SIN,elephant7-dog1.png,elephant,dog,texture,610,jersey,dog,0.00015912821982055902,0.001686730538494885,0.0
shape_resnet50_SIN,elephant7-keyboard3.png,elephant,keyboard,neither,518,crash_helmet,clock,0.0009737310465425253,0.0002414909831713885,0.08232855796813965
shape_resnet50_SIN,elephant7-knife2.png,elephant,knife,shape,34,leatherback_turtle,elephant,0.009599302895367146,0.001311545493081212,0.0
shape_resnet50_SIN,elephant8-airplane3.png,elephant,airplane,texture,742,printer,airplane,0.00011747072858270258,0.007203247863799334,0.0
shape_resnet50_SIN,elephant8-bicycle3.png,elephant,bicycle,shape,562,fountain,elephant,0.05929812788963318,7.87164390203543e-06,0.0
shape_resnet50_SIN,elephant8-bird2.png,elephant,bird,shape,386,African_elephant,elephant,0.4474791884422302,8.467583256788203e-07,0.0
shape_resnet50_SIN,elephant8-boat2.png,elephant,boat,shape,562,fountain,elephant,0.0015576116275042295,1.3221139852248598e-05,0.0
shape_resnet50_SIN,elephant8-cat1.png,elephant,cat,neither,186,Norwich_terrier,dog,1.586049074830953e-05,0.000275849481113255,0.30797427892684937
shape_resnet50_SIN,elephant8-clock2.png,elephant,clock,shape,461,breastplate,elephant,0.010868603363633156,6.973584095248953e-05,0.0
shape_resnet50_SIN,elephant8-dog1.png,elephant,dog,neither,201,silky_terrier,bear,0.00013438050518743694,0.007455307058990002,0.2383369356393814
shape_resnet50_SIN,elephant8-knife2.png,elephant,knife,shape,500,cliff_dwelling,elephant,0.0024156286381185055,0.00029484080732800066,0.0
shape_resnet50_SIN,elephant8-oven3.png,elephant,oven,shape,386,African_elephant,elephant,0.3404884338378906,8.681469626026228e-05,0.0
shape_resnet50_SIN,elephant8-truck3.png,elephant,truck,shape,884,vault,elephant,0.002971355337649584,8.734092261875048e-06,0.0
shape_resnet50_SIN,elephant9-airplane2.png,elephant,airplane,texture,908,wing,airplane,0.0038430034182965755,0.005887881852686405,0.0
shape_resnet50_SIN,elephant9-bicycle2.png,elephant,bicycle,shape,385,Indian_elephant,elephant,0.2959880828857422,9.411805876879953e-06,0.0
shape_resnet50_SIN,elephant9-boat3.png,elephant,boat,shape,879,umbrella,elephant,0.06976572424173355,0.0009824676671996713,0.0
shape_resnet50_SIN,elephant9-chair2.png,elephant,chair,shape,562,fountain,elephant,0.015484550967812538,0.0001371151302009821,0.0
shape_resnet50_SIN,elephant9-clock3.png,elephant,clock,shape,101,tusker,elephant,0.26138734817504883,1.3350242511478427e-07,0.0
shape_resnet50_SIN,elephant9-dog3.png,elephant,dog,shape,700,paper_towel,elephant,0.05733926221728325,0.003821383463218808,0.0
shape_resnet50_SIN,keyboard1-airplane2.png,keyboard,airplane,neither,482,cassette_player,clock,0.0006717986543662846,0.0003734010097105056,0.24118898808956146
shape_resnet50_SIN,keyboard1-bear2.png,keyboard,bear,texture,855,thimble,bear,0.0001255001116078347,0.005127305630594492,0.0
shape_resnet50_SIN,keyboard1-bird2.png,keyboard,bird,neither,296,ice_bear,bear,0.0005597693962045014,0.00012544325727503747,0.08458983898162842
shape_resnet50_SIN,keyboard1-car3.png,keyboard,car,neither,868,tray,oven,5.8617257309379056e-05,6.356894300552085e-05,0.1557498574256897
shape_resnet50_SIN,keyboard1-chair2.png,keyboard,chair,shape,748,purse,keyboard,0.011207595467567444,0.00013900398334953934,0.0
shape_resnet50_SIN,keyboard1-clock1.png,keyboard,clock,texture,971,bubble,clock,9.704963304102421e-05,0.006417511496692896,0.0
shape_resnet50_SIN,keyboard1-dog3.png,keyboard,dog,neither,284,Siamese_cat,cat,4.022024950245395e-05,0.0022103984374552965,0.16875949501991272
shape_resnet50_SIN,keyboard1-elephant3.png,keyboard,elephant,neither,858,tile_roof,bottle,0.0006207823753356934,0.0001732475939206779,0.17520186305046082
shape_resnet50_SIN,keyboard10-airplane3.png,keyboard,airplane,shape,713,photocopier,keyboard,0.00835021585226059,0.0019598796498030424,0.0
shape_resnet50_SIN,keyboard10-boat2.png,keyboard,boat,neither,820,steam_locomotive,oven,0.00425857026129961,0.0003174323937855661,0.1628224104642868
shape_resnet50_SIN,keyboard10-car1.png,keyboard,car,texture,450,bobsled,car,0.0005015505012124777,0.021895311772823334,0.0
shape_resnet50_SIN,keyboard10-oven3.png,keyboard,oven,neither,760,refrigerator,bottle,0.00027143218903802335,6.0105656302766874e-05,0.7433272004127502
shape_resnet50_SIN,keyboard10-truck1.png,keyboard,truck,neither,625,lifeboat,boat,0.00028875822317786515,2.338260856049601e-05,0.3164474368095398
shape_resnet50_SIN,keyboard2-bicycle3.png,keyboard,bicycle,neither,913,wreck,oven,5.072476596978959e-06,4.5198456064099446e-05,0.4073569178581238
shape_resnet50_SIN,keyboard2-bottle1.png,keyboard,bottle,texture,460,breakwater,bottle,1.2618144864973146e-05,0.0001687542098807171,0.0
shape_resnet50_SIN,keyboard2-clock1.png,keyboard,clock,neither,868,tray,bottle,7.352226384682581e-05,0.00042501682764850557,0.10713699460029602
shape_resnet50_SIN,keyboard2-elephant1.png,keyboard,elephant,shape,878,typewriter_keyboard,keyboard,0.33701375126838684,3.5651730286190286e-05,0.0
shape_resnet50_SIN,keyboard2-knife1.png,keyboard,knife,neither,500,cliff_dwelling,oven,0.0004617698141373694,0.004143926315009594,0.3507874011993408
shape_resnet50_SIN,keyboard3-bicycle2.png,keyboard,bicycle,neither,44,alligator_lizard,bottle,1.7907450455822982e-06,5.387881856222521e-07,0.6935240626335144
shape_resnet50_SIN,keyboard3-bird3.png,keyboard,bird,neither,644,matchstick,knife,7.179634849308059e-06,4.065056145918788e-06,0.17653819918632507
shape_resnet50_SIN,keyboard3-boat1.png,keyboard,boat,neither,978,seashore,bottle,5.3722207667306066e-05,0.002366213593631983,0.46878114342689514
shape_resnet50_SIN,keyboard3-car2.png,keyboard,car,neither,58,water_snake,bottle,3.2848707633093e-05,7.574167284474242e-07,0.48976632952690125
shape_resnet50_SIN,keyboard3-cat1.png,keyboard,cat,texture,54,hognose_snake,cat,1.3556473277276382e-05,0.0027481347788125277,0.0
shape_resnet50_SIN,keyboard3-clock3.png,keyboard,clock,neither,868,tray,knife,5.203283217269927e-05,8.789452840574086e-05,0.3298115134239197
shape_resnet50_SIN,keyboard3-elephant2.png,keyboard,elephant,texture,45,Gila_monster,elephant,1.1341461458869162e-06,9.142182534560561e-05,0.0
shape_resnet50_SIN,keyboard4-bird1.png,keyboard,bird,shape,700,paper_towel,keyboard,0.012202556245028973,0.0015598578611388803,0.0
shape_resnet50_SIN,keyboard4-bottle2.png,keyboard,bottle,texture,737,pop_bottle,bottle,2.5446497602388263e-06,0.055053263902664185,0.0
shape_resnet50_SIN,keyboard4-cat2.png,keyboard,cat,texture,519,crate,cat,0.0013384094927459955,0.0060058231465518475,0.0
shape_resnet50_SIN,keyboard4-clock2.png,keyboard,clock,neither,120,fiddler_crab,knife,4.121562233194709e-05,1.2497056559368502e-05,0.26295214891433716
shape_resnet50_SIN,keyboard4-knife2.png,keyboard,knife,texture,918,crossword_puzzle,knife,0.0007330056978389621,0.002078676363453269,0.0
shape_resnet50_SIN,keyboard4-oven2.png,keyboard,oven,texture,500,cliff_dwelling,oven,0.0019279788248240948,0.005179313477128744,0.0
shape_resnet50_SIN,keyboard4-truck3.png,keyboard,truck,neither,760,refrigerator,boat,0.0006985681829974055,0.000613661773968488,0.11728271842002869
shape_resnet50_SIN,keyboard5-airplane3.png,keyboard,airplane,shape,858,tile_roof,keyboard,0.00933237187564373,0.0005604083416983485,0.0
shape_resnet50_SIN,keyboard5-bear3.png,keyboard,bear,shape,696,paintbrush,keyboard,0.0009705953416414559,7.957161869853735e-05,0.0
shape_resnet50_SIN,keyboard5-bicycle1.png,keyboard,bicycle,shape,492,chest,keyboard,0.007731970865279436,1.4400435247807764e-05,0.0
shape_resnet50_SIN,keyboard5-bird3.png,keyboard,bird,neither,492,chest,knife,5.208423317526467e-05,5.952540959697217e-06,0.16494393348693848
shape_resnet50_SIN,keyboard5-bottle1.png,keyboard,bottle,shape,492,chest,keyboard,0.022216081619262695,0.0002193538675783202,0.0
shape_resnet50_SIN,keyboard5-cat1.png,keyboard,cat,neither,831,studio_couch,knife,0.00028067189850844443,0.0003411349607631564,0.12410008907318115
shape_resnet50_SIN,keyboard5-dog3.png,keyboard,dog,neither,277,red_fox,bear,0.00046177449985407293,0.0008033477934077382,0.15577667951583862
shape_resnet50_SIN,keyboard5-knife2.png,keyboard,knife,texture,858,tile_roof,knife,0.0009830043418332934,0.0020815860480070114,0.0
shape_resnet50_SIN,keyboard5-oven2.png,keyboard,oven,shape,534,dishwasher,keyboard,0.0073867980390787125,4.2495397792663425e-05,0.0
shape_resnet50_SIN,keyboard6-bear2.png,keyboard,bear,texture,750,quilt,bear,3.1383609893964604e-05,0.03433790057897568,0.0
shape_resnet50_SIN,keyboard6-bicycle1.png,keyboard,bicycle,neither,464,buckle,clock,0.0012349593453109264,1.5265213733073324e-06,0.4515843391418457
shape_resnet50_SIN,keyboard6-boat2.png,keyboard,boat,neither,509,confectionery,bottle,0.0007505580433644354,1.8637638277141377e-05,0.11824164539575577
shape_resnet50_SIN,keyboard6-bottle2.png,keyboard,bottle,texture,898,water_bottle,bottle,3.493458393677429e-07,0.13924546539783478,0.0
shape_resnet50_SIN,keyboard6-car2.png,keyboard,car,neither,784,screwdriver,oven,0.001245021470822394,0.00017910823225975037,0.08430938422679901
shape_resnet50_SIN,keyboard6-chair1.png,keyboard,chair,neither,530,digital_clock,clock,0.0013061568606644869,0.00011120161798316985,0.6553203463554382
shape_resnet50_SIN,keyboard6-dog2.png,keyboard,dog,neither,700,paper_towel,knife,9.938871698977891e-06,0.0004509102727752179,0.3816193640232086
shape_resnet50_SIN,keyboard6-elephant1.png,keyboard,elephant,shape,750,quilt,keyboard,0.001244056853465736,6.181019125506282e-05,0.0
shape_resnet50_SIN,keyboard6-knife2.png,keyboard,knife,texture,458,brass,knife,7.58935057092458e-05,0.0010752705857157707,0.0
shape_resnet50_SIN,keyboard7-bear2.png,keyboard,bear,neither,750,quilt,dog,1.6488762412336655e-05,0.0006540876347571611,0.6335061192512512
shape_resnet50_SIN,keyboard7-boat2.png,keyboard,boat,neither,79,centipede,oven,9.187122486764565e-06,0.00018700220971368253,0.28331175446510315
shape_resnet50_SIN,keyboard7-bottle1.png,keyboard,bottle,texture,410,apiary,bottle,0.00012547762889880687,0.00015704703400842845,0.0
shape_resnet50_SIN,keyboard7-car3.png,keyboard,car,neither,970,alp,elephant,6.571336416527629e-05,0.0003280797100160271,0.15684904158115387
shape_resnet50_SIN,keyboard7-chair3.png,keyboard,chair,texture,458,brass,chair,0.00035180372651666403,0.004246696829795837,0.0
shape_resnet50_SIN,keyboard7-clock3.png,keyboard,clock,neither,6,stingray,oven,1.6112960565806134e-06,1.3061971912975423e-06,0.2736065089702606
shape_resnet50_SIN,keyboard7-dog1.png,keyboard,dog,neither,228,komondor,bear,1.1320571502437815e-05,0.002118808450177312,0.1913926601409912
shape_resnet50_SIN,keyboard7-knife1.png,keyboard,knife,shape,726,plane,keyboard,0.06276004016399384,0.00022390231606550515,0.0
shape_resnet50_SIN,keyboard7-oven2.png,keyboard,oven,shape,859,toaster,keyboard,0.0074491798877716064,0.0001730782532831654,0.0
shape_resnet50_SIN,keyboard7-truck2.png,keyboard,truck,neither,791,shopping_cart,bird,5.357349436962977e-05,0.00037621965748257935,0.8100279569625854
shape_resnet50_SIN,keyboard8-airplane2.png,keyboard,airplane,texture,908,wing,airplane,0.0013517133193090558,0.0017693153349682689,0.0
shape_resnet50_SIN,keyboard8-cat3.png,keyboard,cat,neither,700,paper_towel,oven,0.00048659846652299166,0.000983559642918408,0.21989549696445465
shape_resnet50_SIN,keyboard8-chair2.png,keyboard,chair,shape,825,stone_wall,keyboard,0.009186971001327038,0.00020103214774280787,0.0
shape_resnet50_SIN,keyboard8-dog3.png,keyboard,dog,texture,255,Leonberg,dog,0.0001108002252294682,0.005122498143464327,0.0
shape_resnet50_SIN,keyboard8-oven1.png,keyboard,oven,shape,681,notebook,keyboard,0.10821367055177689,6.070993549656123e-05,0.0
shape_resnet50_SIN,keyboard8-truck3.png,keyboard,truck,neither,500,cliff_dwelling,chair,0.0012969383969902992,0.00029823894146829844,0.07497753202915192
shape_resnet50_SIN,keyboard9-airplane3.png,keyboard,airplane,texture,673,mouse,airplane,0.000776399509049952,0.03563147783279419,0.0
shape_resnet50_SIN,keyboard9-bear2.png,keyboard,bear,texture,296,ice_bear,bear,3.091332473559305e-05,0.153847336769104,0.0
shape_resnet50_SIN,keyboard9-bicycle2.png,keyboard,bicycle,neither,44,alligator_lizard,bottle,0.0005187080823816359,2.5518060283502564e-05,0.6920412182807922
shape_resnet50_SIN,keyboard9-bird1.png,keyboard,bird,neither,398,abacus,bottle,0.0001780878665158525,0.00022310737404040992,0.2708889842033386
shape_resnet50_SIN,keyboard9-boat2.png,keyboard,boat,shape,810,space_bar,keyboard,0.03436112776398659,0.0006019110442139208,0.0
shape_resnet50_SIN,keyboard9-cat1.png,keyboard,cat,texture,220,Sussex_spaniel,cat,0.001203137100674212,0.005100259557366371,0.0
shape_resnet50_SIN,keyboard9-chair2.png,keyboard,chair,shape,673,mouse,keyboard,0.13314582407474518,3.034938345081173e-05,0.0
shape_resnet50_SIN,keyboard9-elephant2.png,keyboard,elephant,neither,37,box_turtle,car,0.0015402634162455797,0.0005779745988547802,0.1315353810787201
shape_resnet50_SIN,keyboard9-truck3.png,keyboard,truck,shape,673,mouse,keyboard,0.0024498302955180407,0.000563159235753119,0.0
shape_resnet50_SIN,knife1-airplane1.png,knife,airplane,shape,403,aircraft_carrier,knife,0.0036779181100428104,0.0014496254734694958,0.0
shape_resnet50_SIN,knife1-bird2.png,knife,bird,shape,418,ballpoint,knife,0.001596750458702445,3.026866579602938e-05,0.0
shape_resnet50_SIN,knife1-car3.png,knife,car,neither,591,handkerchief,boat,0.0002879883977584541,0.00012287177378311753,0.13094939291477203
shape_resnet50_SIN,knife1-chair1.png,knife,chair,neither,591,handkerchief,boat,0.000715780071914196,1.1815282050520182e-05,0.3262992203235626
shape_resnet50_SIN,knife1-clock2.png,knife,clock,shape,79,centipede,knife,0.001779870130121708,9.896468327497132e-06,0.0
shape_resnet50_SIN,knife1-dog1.png,knife,dog,neither,749,quill,bear,0.0011341461213305593,0.0006029544165357947,0.3528960645198822
shape_resnet50_SIN,knife1-elephant1.png,knife,elephant,shape,79,centipede,knife,0.00026587877073325217,6.024259846526547e-07,0.0
shape_resnet50_SIN,knife1-keyboard3.png,knife,keyboard,shape,696,paintbrush,knife,0.002346460474655032,0.00013838658924214542,0.0
shape_resnet50_SIN,knife1-oven1.png,knife,oven,neither,896,washbasin,keyboard,0.0007851356640458107,0.00016087046242319047,0.19164524972438812
shape_resnet50_SIN,knife1-truck2.png,knife,truck,neither,728,plastic_bag,boat,9.162676724372432e-05,5.7871056924341246e-05,0.5821597576141357
shape_resnet50_SIN,knife10-bear3.png,knife,bear,neither,102,echidna,elephant,0.00030487720505334437,8.48646232043393e-05,0.5664219260215759
shape_resnet50_SIN,knife10-chair1.png,knife,chair,neither,711,perfume,clock,4.3941126932622865e-05,7.631507287442219e-06,0.14479197561740875
shape_resnet50_SIN,knife10-dog1.png,knife,dog,neither,696,paintbrush,bird,0.00011745250230887905,6.903375469846651e-05,0.8513219356536865
shape_resnet50_SIN,knife10-elephant3.png,knife,elephant,shape,696,paintbrush,knife,0.16643626987934113,0.00021397617820184678,0.0
shape_resnet50_SIN,knife10-keyboard3.png,knife,keyboard,shape,745,projector,knife,0.002915874822065234,0.00011766081297537312,0.0
shape_resnet50_SIN,knife10-oven3.png,knife,oven,shape,784,screwdriver,knife,0.005939206574112177,0.0002310900599695742,0.0
shape_resnet50_SIN,knife2-bear2.png,knife,bear,texture,700,paper_towel,bear,0.0006286146235652268,0.01200236938893795,0.0
shape_resnet50_SIN,knife2-bicycle3.png,knife,bicycle,neither,75,black_widow,oven,0.0005908124148845673,0.0005837792414240539,0.387885183095932
shape_resnet50_SIN,knife2-bird1.png,knife,bird,neither,845,syringe,bottle,0.0008907162118703127,8.876736683305353e-05,0.5171470046043396
shape_resnet50_SIN,knife2-bottle2.png,knife,bottle,texture,898,water_bottle,bottle,3.751589611056261e-05,0.033563368022441864,0.0
shape_resnet50_SIN,knife2-car3.png,knife,car,neither,450,bobsled,boat,0.0002057197707472369,0.00014865759294480085,0.16232754290103912
shape_resnet50_SIN,knife2-cat3.png,knife,cat,neither,985,daisy,chair,0.00011704272765200585,7.177514635259286e-05,0.29456421732902527
shape_resnet50_SIN,knife2-dog1.png,knife,dog,texture,216,clumber,dog,0.002251820405945182,0.005984745919704437,0.0
shape_resnet50_SIN,knife2-elephant2.png,knife,elephant,neither,616,knot,bird,0.00011396593617973849,2.70648470177548e-05,0.18000993132591248
shape_resnet50_SIN,knife2-truck2.png,knife,truck,neither,534,dishwasher,boat,0.00043969828402623534,2.7539841539692134e-05,0.1734866350889206
shape_resnet50_SIN,knife3-bear2.png,knife,bear,texture,134,crane,bear,0.00012826101738028228,0.01434890367090702,0.0
shape_resnet50_SIN,knife3-cat1.png,knife,cat,shape,273,dingo,knife,0.0019835098646581173,0.001239738310687244,0.0
shape_resnet50_SIN,knife3-clock2.png,knife,clock,neither,75,black_widow,bottle,0.00016694111400283873,6.734362250426784e-05,0.21639202535152435
shape_resnet50_SIN,knife3-keyboard3.png,knife,keyboard,neither,589,hand_blower,clock,0.0006526526412926614,6.217978079803288e-05,0.14121559262275696
shape_resnet50_SIN,knife4-airplane3.png,knife,airplane,neither,435,bathtub,chair,0.0006059217848815024,0.0006338539533317089,0.2940671443939209
shape_resnet50_SIN,knife4-bear1.png,knife,bear,texture,974,geyser,bear,8.698504825588316e-05,0.007013287395238876,0.0
shape_resnet50_SIN,knife4-boat1.png,knife,boat,texture,803,snowplow,boat,9.217782462656032e-06,0.0031470705289393663,0.0
shape_resnet50_SIN,knife4-car2.png,knife,car,neither,311,grasshopper,oven,0.0003669564030133188,3.863997699227184e-05,0.20890140533447266
shape_resnet50_SIN,knife4-cat2.png,knife,cat,shape,696,paintbrush,knife,0.07523923367261887,0.004604068119078875,0.0
shape_resnet50_SIN,knife4-clock3.png,knife,clock,shape,868,tray,knife,0.011819268576800823,3.899857256328687e-05,0.0
shape_resnet50_SIN,knife4-keyboard1.png,knife,keyboard,neither,904,window_screen,bottle,0.0012429101625457406,0.0015887783374637365,0.1358851045370102
shape_resnet50_SIN,knife4-oven2.png,knife,oven,texture,651,microwave,oven,0.00028551570721901953,0.0017871897434815764,0.0
shape_resnet50_SIN,knife5-bicycle2.png,knife,bicycle,neither,825,stone_wall,bottle,0.00023095296637620777,1.0441418453410733e-05,0.15360720455646515
shape_resnet50_SIN,knife5-cat2.png,knife,cat,texture,54,hognose_snake,cat,0.0031002068426460028,0.006566770374774933,0.0
shape_resnet50_SIN,knife5-clock1.png,knife,clock,neither,35,mud_turtle,bottle,0.0018485322361811996,0.0005104262963868678,0.09079660475254059
shape_resnet50_SIN,knife5-dog1.png,knife,dog,shape,868,tray,knife,0.0015293742762878537,0.0013481287751346827,0.0
shape_resnet50_SIN,knife5-keyboard3.png,knife,keyboard,shape,464,buckle,knife,0.0056505026295781136,0.0006381517741829157,0.0
shape_resnet50_SIN,knife5-oven2.png,knife,oven,neither,651,microwave,clock,0.0027490609791129827,0.0034620182123035192,0.13110966980457306
shape_resnet50_SIN,knife5-truck3.png,knife,truck,neither,760,refrigerator,bottle,0.0005568492342717946,3.574899164959788e-05,0.8285639882087708
shape_resnet50_SIN,knife6-airplane1.png,knife,airplane,shape,58,water_snake,knife,1.3140429473423865e-05,7.661262770852773e-07,0.0
shape_resnet50_SIN,knife6-bicycle1.png,knife,bicycle,neither,770,running_shoe,bottle,8.71423035277985e-05,0.00014276370347943157,0.12730741500854492
shape_resnet50_SIN,knife6-bird1.png,knife,bird,neither,784,screwdriver,oven,0.0003143124922644347,1.0879139153985307e-05,0.13679498434066772
shape_resnet50_SIN,knife6-boat3.png,knife,boat,neither,971,bubble,clock,0.0006456091650761664,0.0005421882378868759,0.4335988461971283
shape_resnet50_SIN,knife6-bottle3.png,knife,bottle,texture,971,bubble,bottle,7.040627224341733e-06,0.012047193013131618,0.0
shape_resnet50_SIN,knife6-chair3.png,knife,chair,texture,744,projectile,chair,0.00015798176173120737,0.004796591587364674,0.0
shape_resnet50_SIN,knife6-clock2.png,knife,clock,shape,120,fiddler_crab,knife,0.001001705415546894,5.306725870468654e-05,0.0
shape_resnet50_SIN,knife6-dog2.png,knife,dog,texture,216,clumber,dog,0.003482542932033539,0.006908082403242588,0.0
shape_resnet50_SIN,knife6-oven3.png,knife,oven,texture,845,syringe,oven,0.0008457986987195909,0.02542032115161419,0.0
shape_resnet50_SIN,knife6-truck1.png,knife,truck,texture,803,snowplow,truck,5.029854946769774e-05,0.0007681369315832853,0.0
shape_resnet50_SIN,knife7-airplane3.png,knife,airplane,shape,713,photocopier,knife,0.011401343159377575,8.4014445747016e-06,0.0
shape_resnet50_SIN,knife7-bird3.png,knife,bird,neither,344,hippopotamus,elephant,0.0007255807286128402,0.0004093874304089695,0.5329981446266174
shape_resnet50_SIN,knife7-boat3.png,knife,boat,texture,819,stage,boat,1.2167969543952495e-05,0.048282794654369354,0.0
shape_resnet50_SIN,knife7-bottle3.png,knife,bottle,texture,794,shower_curtain,bottle,0.0004561600217130035,0.0015516165876761079,0.0
shape_resnet50_SIN,knife7-car2.png,knife,car,shape,317,leafhopper,knife,0.00042988985660485923,0.00012832546781282872,0.0
shape_resnet50_SIN,knife7-chair2.png,knife,chair,neither,79,centipede,oven,5.100658017909154e-05,5.628089274978265e-05,0.3740279972553253
shape_resnet50_SIN,knife7-elephant2.png,knife,elephant,shape,79,centipede,knife,0.003355247899889946,0.001935372594743967,0.0
shape_resnet50_SIN,knife8-bicycle1.png,knife,bicycle,neither,329,sea_cucumber,oven,5.62763525522314e-05,2.4286550797114614e-06,0.9371547698974609
shape_resnet50_SIN,knife8-boat1.png,knife,boat,neither,45,Gila_monster,oven,0.006495130248367786,0.00040420927689410746,0.15277604758739471
shape_resnet50_SIN,knife8-bottle3.png,knife,bottle,texture,591,handkerchief,bottle,0.00015745620476081967,0.02037367783486843,0.0
shape_resnet50_SIN,knife8-car2.png,knife,car,neither,58,water_snake,elephant,0.004323516506701708,1.3191379366617184e-05,0.12560415267944336
shape_resnet50_SIN,knife8-cat2.png,knife,cat,shape,63,Indian_cobra,knife,0.0006669830181635916,0.0001526979322079569,0.0
shape_resnet50_SIN,knife8-truck3.png,knife,truck,shape,435,bathtub,knife,0.055358272045850754,5.020146272727288e-05,0.0
shape_resnet50_SIN,knife9-airplane2.png,knife,airplane,shape,728,plastic_bag,knife,0.0800112932920456,0.00046868587378412485,0.0
shape_resnet50_SIN,knife9-bear3.png,knife,bear,neither,102,echidna,elephant,2.7921654691454023e-05,0.0017253138357773423,0.2331867516040802
shape_resnet50_SIN,knife9-bicycle1.png,knife,bicycle,neither,38,banded_gecko,bottle,2.5513249056530185e-05,2.4046560156421037e-06,0.21004930138587952
shape_resnet50_SIN,knife9-bird1.png,knife,bird,texture,431,bassinet,bird,0.0004990753368474543,0.0035274382680654526,0.0
shape_resnet50_SIN,knife9-boat1.png,knife,boat,neither,79,centipede,bottle,2.3011083612800576e-05,0.0010504189413040876,0.49803686141967773
shape_resnet50_SIN,knife9-bottle2.png,knife,bottle,texture,898,water_bottle,bottle,5.556520773097873e-05,0.05095693841576576,0.0
shape_resnet50_SIN,knife9-chair1.png,knife,chair,shape,431,bassinet,knife,0.002318388782441616,0.00021279729844536632,0.0
shape_resnet50_SIN,knife9-elephant2.png,knife,elephant,neither,25,European_fire_salamander,clock,0.00020220289297867566,2.9059643566142768e-05,0.7364611625671387
shape_resnet50_SIN,oven1-bird3.png,oven,bird,shape,766,rotisserie,oven,0.3145602345466614,1.7197527313328465e-06,0.0
shape_resnet50_SIN,oven1-boat3.png,oven,boat,neither,569,garbage_truck,truck,0.006637232843786478,0.0018164077773690224,0.332536906003952
shape_resnet50_SIN,oven1-cat1.png,oven,cat,neither,831,studio_couch,chair,0.0007586391875520349,0.00032622754224576056,0.12874293327331543
shape_resnet50_SIN,oven1-clock3.png,oven,clock,shape,458,brass,oven,0.17795149981975555,0.0007734203827567399,0.0
shape_resnet50_SIN,oven1-dog3.png,oven,dog,shape,201,silky_terrier,oven,0.0239520613104105,0.003446105634793639,0.0
shape_resnet50_SIN,oven10-airplane2.png,oven,airplane,shape,766,rotisserie,oven,0.5209473967552185,4.5610366328219243e-07,0.0
shape_resnet50_SIN,oven10-bear1.png,oven,bear,shape,859,toaster,oven,0.05319865420460701,0.0004510435101110488,0.0
shape_resnet50_SIN,oven10-bicycle1.png,oven,bicycle,shape,766,rotisserie,oven,0.9955508708953857,2.858466796595849e-10,0.0
shape_resnet50_SIN,oven10-boat2.png,oven,boat,shape,766,rotisserie,oven,0.9995436072349548,3.673879422905202e-09,0.0
shape_resnet50_SIN,oven10-cat2.png,oven,cat,shape,398,abacus,oven,0.11282001435756683,3.765300425584428e-05,0.0
shape_resnet50_SIN,oven10-truck2.png,oven,truck,shape,859,toaster,oven,0.03678770735859871,0.00027420977130532265,0.0
shape_resnet50_SIN,oven2-bear3.png,oven,bear,neither,700,paper_towel,keyboard,0.000546458235476166,0.0001449839910492301,0.18610861897468567
shape_resnet50_SIN,oven2-bicycle1.png,oven,bicycle,shape,556,fire_screen,oven,0.012730815447866917,1.954037998075364e-06,0.0
shape_resnet50_SIN,oven2-bird2.png,oven,bird,shape,482,cassette_player,oven,0.031143805012106895,7.666286592211691e-07,0.0
shape_resnet50_SIN,oven2-boat3.png,oven,boat,neither,569,garbage_truck,truck,0.0006150733679533005,0.0002783786039799452,0.6830754280090332
shape_resnet50_SIN,oven2-bottle1.png,oven,bottle,neither,741,prayer_rug,clock,0.00568873668089509,0.00013066547398921102,0.6375216245651245
shape_resnet50_SIN,oven2-car1.png,oven,car,shape,481,cassette,oven,0.029375143349170685,0.00017266295617446303,0.0
shape_resnet50_SIN,oven2-chair1.png,oven,chair,shape,556,fire_screen,oven,0.06249380111694336,0.00012795963266398758,0.0
shape_resnet50_SIN,oven2-dog3.png,oven,dog,texture,164,bluetick,dog,0.0015512944664806128,0.0050545623525977135,0.0
shape_resnet50_SIN,oven2-truck3.png,oven,truck,neither,480,cash_machine,clock,0.0012925663031637669,0.0007080303621478379,0.47585976123809814
shape_resnet50_SIN,oven3-airplane1.png,oven,airplane,shape,766,rotisserie,oven,0.6088712811470032,5.944910341781906e-09,0.0
shape_resnet50_SIN,oven3-bear2.png,oven,bear,shape,766,rotisserie,oven,0.7981826663017273,1.5423716831719503e-05,0.0
shape_resnet50_SIN,oven3-boat3.png,oven,boat,neither,692,packet,truck,0.00022473053832072765,4.824090865440667e-06,0.36900368332862854
shape_resnet50_SIN,oven3-bottle3.png,oven,bottle,shape,962,meat_loaf,oven,0.00401355791836977,8.40271677589044e-05,0.0
shape_resnet50_SIN,oven3-car2.png,oven,car,shape,766,rotisserie,oven,0.5688895583152771,3.473418837529607e-05,0.0
shape_resnet50_SIN,oven3-cat2.png,oven,cat,shape,556,fire_screen,oven,0.3607286214828491,1.3986015119371586e-06,0.0
shape_resnet50_SIN,oven3-clock3.png,oven,clock,shape,766,rotisserie,oven,0.9337007999420166,1.1358446499798447e-05,0.0
shape_resnet50_SIN,oven3-elephant3.png,oven,elephant,shape,766,rotisserie,oven,0.3977290987968445,2.039072114712326e-06,0.0
shape_resnet50_SIN,oven3-knife1.png,oven,knife,shape,859,toaster,oven,0.019798874855041504,0.001329878461547196,0.0
shape_resnet50_SIN,oven3-truck1.png,oven,truck,shape,827,stove,oven,0.018093395978212357,2.1301666492945515e-06,0.0
shape_resnet50_SIN,oven4-bicycle2.png,oven,bicycle,shape,534,dishwasher,oven,0.008034756407141685,8.427537977695465e-06,0.0
shape_resnet50_SIN,oven4-bottle2.png,oven,bottle,texture,711,perfume,bottle,0.0023018834181129932,0.005649545229971409,0.0
shape_resnet50_SIN,oven4-car1.png,oven,car,shape,766,rotisserie,oven,0.7821076512336731,1.5640885919765424e-07,0.0
shape_resnet50_SIN,oven4-chair1.png,oven,chair,shape,598,home_theater,oven,0.006382433231920004,0.0002888417220674455,0.0
shape_resnet50_SIN,oven4-clock2.png,oven,clock,shape,827,stove,oven,0.032399486750364304,1.3365138329390902e-06,0.0
shape_resnet50_SIN,oven4-dog1.png,oven,dog,neither,715,pickelhaube,chair,0.00010888790711760521,0.00013596774078905582,0.36201754212379456
shape_resnet50_SIN,oven4-elephant3.png,oven,elephant,shape,766,rotisserie,oven,0.419239342212677,1.2246753612998873e-05,0.0
shape_resnet50_SIN,oven4-keyboard3.png,oven,keyboard,neither,745,projector,clock,2.5653695047367364e-05,6.338849198073149e-05,0.5998102426528931
shape_resnet50_SIN,oven4-knife2.png,oven,knife,shape,931,bagel,oven,0.08455222845077515,0.02752002142369747,0.0
shape_resnet50_SIN,oven4-truck3.png,oven,truck,shape,851,television,oven,0.0022412114776670933,1.6320838767569512e-05,0.0
shape_resnet50_SIN,oven5-airplane1.png,oven,airplane,shape,482,cassette_player,oven,0.07477638870477676,4.1155667531711515e-06,0.0
shape_resnet50_SIN,oven5-bicycle1.png,oven,bicycle,shape,827,stove,oven,0.0988844558596611,3.986526309063265e-08,0.0
shape_resnet50_SIN,oven5-bird1.png,oven,bird,shape,688,oscilloscope,oven,0.0019655206706374884,5.890554803045234e-06,0.0
shape_resnet50_SIN,oven5-bottle3.png,oven,bottle,neither,692,packet,clock,0.008920673280954361,0.005796132143586874,0.3128923773765564
shape_resnet50_SIN,oven5-dog3.png,oven,dog,shape,859,toaster,oven,0.010358919389545918,1.5948362488416024e-05,0.0
shape_resnet50_SIN,oven5-elephant1.png,oven,elephant,shape,827,stove,oven,0.07083947211503983,5.516691885532055e-07,0.0
shape_resnet50_SIN,oven5-keyboard2.png,oven,keyboard,neither,651,microwave,clock,0.011535950005054474,0.0002360157377552241,0.3026130795478821
shape_resnet50_SIN,oven6-airplane3.png,oven,airplane,shape,851,television,oven,0.009905381128191948,7.484225534426514e-06,0.0
shape_resnet50_SIN,oven6-bear2.png,oven,bear,shape,431,bassinet,oven,0.012966123409569263,1.997843173739966e-05,0.0
shape_resnet50_SIN,oven6-bicycle1.png,oven,bicycle,neither,640,manhole_cover,clock,0.00011561091378098354,2.053885239661213e-08,0.7173921465873718
shape_resnet50_SIN,oven6-bird1.png,oven,bird,shape,851,television,oven,0.010531594976782799,6.834731607341382e-07,0.0
shape_resnet50_SIN,oven6-chair3.png,oven,chair,shape,786,sewing_machine,oven,0.004384134896099567,0.0026661171577870846,0.0
shape_resnet50_SIN,oven6-elephant2.png,oven,elephant,neither,464,buckle,keyboard,0.00017000528168864548,2.2941147648225524e-08,0.8479614853858948
shape_resnet50_SIN,oven6-knife3.png,oven,knife,shape,859,toaster,oven,0.0014589111087843776,2.3873999452916905e-05,0.0
shape_resnet50_SIN,oven6-truck1.png,oven,truck,neither,859,toaster,clock,0.007749610580503941,5.285242878017016e-05,0.3487125337123871
shape_resnet50_SIN,oven7-bottle1.png,oven,bottle,neither,562,fountain,chair,0.0006258243811316788,3.065235432586633e-05,0.3117949962615967
shape_resnet50_SIN,oven7-car3.png,oven,car,neither,612,jinrikisha,chair,0.0037859855219721794,2.1967789507471025e-05,0.19796684384346008
shape_resnet50_SIN,oven7-cat1.png,oven,cat,texture,551,face_powder,cat,0.00019767195044551045,0.002275812905281782,0.0
shape_resnet50_SIN,oven7-clock2.png,oven,clock,neither,786,sewing_machine,knife,0.000652414804790169,0.0023587055038660765,0.28521162271499634
shape_resnet50_SIN,oven7-dog2.png,oven,dog,neither,465,bulletproof_vest,knife,0.00012133451673435047,3.803975414484739e-05,0.15364685654640198
shape_resnet50_SIN,oven7-elephant1.png,oven,elephant,neither,831,studio_couch,chair,2.4500632207491435e-06,5.922367563471198e-06,0.10829544812440872
shape_resnet50_SIN,oven7-keyboard1.png,oven,keyboard,neither,499,cleaver,knife,0.000766316254157573,6.414990639314055e-05,0.2650737464427948
shape_resnet50_SIN,oven8-cat3.png,oven,cat,shape,492,chest,oven,0.034264881163835526,3.714945705723949e-05,0.0
shape_resnet50_SIN,oven8-chair1.png,oven,chair,shape,859,toaster,oven,0.03941325098276138,0.00026520207757130265,0.0
shape_resnet50_SIN,oven8-keyboard3.png,oven,keyboard,neither,485,CD_player,clock,1.0808887509483611e-06,1.0961417501675896e-05,0.7809302806854248
shape_resnet50_SIN,oven8-knife2.png,oven,knife,shape,485,CD_player,oven,0.00552268885076046,0.00015018977865111083,0.0
shape_resnet50_SIN,oven9-airplane2.png,oven,airplane,shape,742,printer,oven,0.013056650757789612,1.6072440303105395e-06,0.0
shape_resnet50_SIN,oven9-bear2.png,oven,bear,shape,766,rotisserie,oven,0.6853460073471069,0.00016449429676868021,0.0
shape_resnet50_SIN,oven9-bird3.png,oven,bird,shape,766,rotisserie,oven,0.8222002983093262,3.6012803406038074e-08,0.0
shape_resnet50_SIN,oven9-boat2.png,oven,boat,shape,766,rotisserie,oven,0.7231868505477905,4.2628417418200115e-07,0.0
shape_resnet50_SIN,oven9-car2.png,oven,car,shape,766,rotisserie,oven,0.17465996742248535,0.00043085412471555173,0.0
shape_resnet50_SIN,oven9-chair1.png,oven,chair,neither,742,printer,keyboard,0.0010825262870639563,6.855382525827736e-05,0.48451635241508484
shape_resnet50_SIN,oven9-clock2.png,oven,clock,shape,786,sewing_machine,oven,0.10455287992954254,1.3232363016868476e-05,0.0
shape_resnet50_SIN,oven9-keyboard1.png,oven,keyboard,shape,481,cassette,oven,0.01731848530471325,0.0004216714878566563,0.0
shape_resnet50_SIN,oven9-knife3.png,oven,knife,shape,859,toaster,oven,0.02561170980334282,6.833786028437316e-05,0.0
shape_resnet50_SIN,truck1-bear1.png,truck,bear,neither,67,diamondback,cat,0.00041909105493687093,0.0004047263355460018,0.4773845970630646
shape_resnet50_SIN,truck1-bicycle3.png,truck,bicycle,shape,569,garbage_truck,truck,0.12324424833059311,3.605934884021167e-09,0.0
shape_resnet50_SIN,truck1-bird1.png,truck,bird,shape,675,moving_van,truck,0.11473890393972397,1.059381020240835e-06,0.0
shape_resnet50_SIN,truck1-car3.png,truck,car,shape,803,snowplow,truck,0.015874560922384262,2.992029294546228e-05,0.0
shape_resnet50_SIN,truck1-cat1.png,truck,cat,texture,290,jaguar,cat,0.001285754842683673,0.0413951613008976,0.0
shape_resnet50_SIN,truck1-chair2.png,truck,chair,shape,569,garbage_truck,truck,0.11721210181713104,5.664394848281518e-06,0.0
shape_resnet50_SIN,truck1-clock3.png,truck,clock,shape,569,garbage_truck,truck,0.09969694912433624,1.9928780602640472e-05,0.0
shape_resnet50_SIN,truck1-dog1.png,truck,dog,shape,675,moving_van,truck,0.11929044127464294,6.443743041018024e-05,0.0
shape_resnet50_SIN,truck1-knife1.png,truck,knife,shape,569,garbage_truck,truck,0.12492942065000534,6.084861947641684e-09,0.0
shape_resnet50_SIN,truck10-airplane1.png,truck,airplane,shape,656,minivan,truck,0.07789529114961624,0.0046619269996881485,0.0
shape_resnet50_SIN,truck10-bicycle1.png,truck,bicycle,shape,803,snowplow,truck,0.03930658847093582,0.0001296534319408238,0.0
shape_resnet50_SIN,truck10-car3.png,truck,car,shape,612,jinrikisha,truck,0.004748027306050062,0.0008160650613717735,0.0
shape_resnet50_SIN,truck10-clock1.png,truck,clock,neither,35,mud_turtle,knife,0.004383785184472799,0.0001770234521245584,0.3013037145137787
shape_resnet50_SIN,truck10-elephant3.png,truck,elephant,shape,609,jeep,truck,0.020708924159407616,0.0002694434660952538,0.0
shape_resnet50_SIN,truck2-airplane3.png,truck,airplane,neither,656,minivan,car,0.03708487004041672,0.0004152050241827965,0.19240731000900269
shape_resnet50_SIN,truck2-bicycle2.png,truck,bicycle,shape,803,snowplow,truck,0.010681260377168655,2.438534011162119e-06,0.0
shape_resnet50_SIN,truck2-bird2.png,truck,bird,shape,569,garbage_truck,truck,0.07609415054321289,2.941073375950509e-07,0.0
shape_resnet50_SIN,truck2-boat3.png,truck,boat,shape,803,snowplow,truck,0.04363419860601425,3.291416942374781e-05,0.0
shape_resnet50_SIN,truck2-bottle3.png,truck,bottle,shape,569,garbage_truck,truck,0.048706505447626114,0.000653648457955569,0.0
shape_resnet50_SIN,truck2-car3.png,truck,car,shape,803,snowplow,truck,0.0282161645591259,0.0002767294645309448,0.0
shape_resnet50_SIN,truck2-chair1.png,truck,chair,shape,717,pickup,truck,0.11456925421953201,5.674875410477398e-06,0.0
shape_resnet50_SIN,truck2-clock1.png,truck,clock,texture,803,snowplow,clock,0.002831952413544059,0.019867001101374626,0.0
shape_resnet50_SIN,truck2-elephant1.png,truck,elephant,shape,717,pickup,truck,0.0791546106338501,1.6785317711764947e-05,0.0
shape_resnet50_SIN,truck2-keyboard1.png,truck,keyboard,shape,586,half_track,truck,0.006406837143003941,0.00011371626169420779,0.0
shape_resnet50_SIN,truck2-oven3.png,truck,oven,shape,407,ambulance,truck,0.053707998245954514,0.0008783768280409276,0.0
shape_resnet50_SIN,truck3-bear3.png,truck,bear,neither,36,terrapin,dog,1.6717962353141047e-05,0.0005930177285335958,0.137986958026886
shape_resnet50_SIN,truck3-bicycle1.png,truck,bicycle,neither,820,steam_locomotive,oven,0.0006400340935215354,8.185912884073332e-05,0.2169334590435028
shape_resnet50_SIN,truck3-bird2.png,truck,bird,shape,569,garbage_truck,truck,0.08547805994749069,9.064794994628755e-07,0.0
shape_resnet50_SIN,truck3-car3.png,truck,car,shape,609,jeep,truck,0.02276868000626564,0.0005225553177297115,0.0
shape_resnet50_SIN,truck3-cat1.png,truck,cat,texture,291,lion,cat,2.406588100711815e-05,0.014090818352997303,0.0
shape_resnet50_SIN,truck3-chair2.png,truck,chair,shape,555,fire_engine,truck,0.057932864874601364,0.0007402798510156572,0.0
shape_resnet50_SIN,truck3-clock3.png,truck,clock,shape,586,half_track,truck,0.0005461358232423663,4.798246663995087e-05,0.0
shape_resnet50_SIN,truck3-dog3.png,truck,dog,neither,202,soft-coated_wheaten_terrier,bear,5.7422359532210976e-05,0.00697288429364562,0.39814043045043945
shape_resnet50_SIN,truck3-keyboard3.png,truck,keyboard,neither,589,hand_blower,knife,4.37526214227546e-05,0.00047163129784166813,0.23872442543506622
shape_resnet50_SIN,truck3-knife2.png,truck,knife,shape,586,half_track,truck,0.012755312025547028,0.000833736325148493,0.0
shape_resnet50_SIN,truck3-oven2.png,truck,oven,neither,436,beach_wagon,car,0.04403291642665863,0.005208843853324652,0.2962753176689148
shape_resnet50_SIN,truck4-airplane3.png,truck,airplane,shape,586,half_track,truck,0.03472645580768585,2.8193033358547837e-05,0.0
shape_resnet50_SIN,truck4-bear1.png,truck,bear,texture,294,brown_bear,bear,9.31854265218135e-06,0.14698642492294312,0.0
shape_resnet50_SIN,truck4-boat3.png,truck,boat,shape,595,harvester,truck,0.013761353679001331,2.1628999093081802e-05,0.0
shape_resnet50_SIN,truck4-bottle2.png,truck,bottle,texture,711,perfume,bottle,0.0018705729162320495,0.023084964603185654,0.0
shape_resnet50_SIN,truck4-knife1.png,truck,knife,shape,569,garbage_truck,truck,0.10182821750640869,7.868578541092575e-05,0.0
shape_resnet50_SIN,truck4-oven2.png,truck,oven,shape,609,jeep,truck,0.010388201102614403,9.146934462478384e-05,0.0
shape_resnet50_SIN,truck5-airplane2.png,truck,airplane,shape,856,thresher,truck,0.01969071850180626,0.004677514545619488,0.0
shape_resnet50_SIN,truck5-bird2.png,truck,bird,shape,675,moving_van,truck,0.10640837997198105,6.14446804547697e-08,0.0
shape_resnet50_SIN,truck5-car1.png,truck,car,shape,803,snowplow,truck,0.006309385411441326,4.1810930270003155e-05,0.0
shape_resnet50_SIN,truck5-cat3.png,truck,cat,neither,408,amphibian,car,0.0003637218615040183,5.3675048548029736e-05,0.8525529503822327
shape_resnet50_SIN,truck5-dog3.png,truck,dog,shape,609,jeep,truck,0.01775456964969635,0.0006544892676174641,0.0
shape_resnet50_SIN,truck5-keyboard1.png,truck,keyboard,shape,408,amphibian,truck,0.001523058395832777,4.265650568413548e-05,0.0
shape_resnet50_SIN,truck5-knife3.png,truck,knife,shape,654,minibus,truck,0.01942002959549427,0.001278494717553258,0.0
shape_resnet50_SIN,truck6-bear2.png,truck,bear,neither,609,jeep,elephant,0.0007958169444464147,0.0019980035722255707,0.07602860033512115
shape_resnet50_SIN,truck6-bicycle1.png,truck,bicycle,shape,329,sea_cucumber,truck,0.0027975088451057673,1.760739723977167e-05,0.0
shape_resnet50_SIN,truck6-boat2.png,truck,boat,shape,803,snowplow,truck,0.003839160781353712,2.561272049206309e-05,0.0
shape_resnet50_SIN,truck6-bottle3.png,truck,bottle,texture,569,garbage_truck,bottle,0.0440627820789814,0.049825478345155716,0.0
shape_resnet50_SIN,truck6-cat2.png,truck,cat,texture,285,Egyptian_cat,cat,0.0034896614961326122,0.015824923291802406,0.0
shape_resnet50_SIN,truck6-clock2.png,truck,clock,shape,569,garbage_truck,truck,0.08747625350952148,0.002092529321089387,0.0
shape_resnet50_SIN,truck6-dog2.png,truck,dog,shape,216,clumber,truck,0.019155362620949745,0.0039534540846943855,0.0
shape_resnet50_SIN,truck6-knife2.png,truck,knife,shape,408,amphibian,truck,0.019647661596536636,0.0014850193401798606,0.0
shape_resnet50_SIN,truck6-oven3.png,truck,oven,shape,867,trailer_truck,truck,0.08404982089996338,7.371475658146665e-05,0.0
shape_resnet50_SIN,truck7-bear2.png,truck,bear,shape,867,trailer_truck,truck,0.0878058671951294,0.00010136904893442988,0.0
shape_resnet50_SIN,truck7-bird2.png,truck,bird,shape,675,moving_van,truck,0.1247529685497284,5.77047021277366e-10,0.0
shape_resnet50_SIN,truck7-boat1.png,truck,boat,shape,803,snowplow,truck,0.047355297952890396,0.0007943155360408127,0.0
shape_resnet50_SIN,truck7-chair2.png,truck,chair,shape,867,trailer_truck,truck,0.11577101796865463,8.218403672799468e-05,0.0
shape_resnet50_SIN,truck7-elephant2.png,truck,elephant,shape,757,recreational_vehicle,truck,0.05703527480363846,9.179295375361107e-06,0.0
shape_resnet50_SIN,truck7-keyboard3.png,truck,keyboard,neither,530,digital_clock,clock,3.719592496054247e-05,0.0002108665939886123,0.1745935082435608
shape_resnet50_SIN,truck7-oven2.png,truck,oven,shape,757,recreational_vehicle,truck,0.0454084649682045,4.844999421038665e-05,0.0
shape_resnet50_SIN,truck8-bottle2.png,truck,bottle,shape,867,trailer_truck,truck,0.052379220724105835,0.002008899813517928,0.0
shape_resnet50_SIN,truck8-cat2.png,truck,cat,neither,999,toilet_tissue,bear,0.001307498081587255,0.0017065518768504262,0.13387586176395416
shape_resnet50_SIN,truck8-dog3.png,truck,dog,shape,717,pickup,truck,0.03932173550128937,0.00028980913339182734,0.0
shape_resnet50_SIN,truck8-elephant1.png,truck,elephant,shape,675,moving_van,truck,0.07615458965301514,2.3813959160179365e-06,0.0
shape_resnet50_SIN,truck8-keyboard2.png,truck,keyboard,neither,518,crash_helmet,knife,0.0050384229980409145,7.421152986353263e-05,0.173488050699234
shape_resnet50_SIN,truck9-airplane2.png,truck,airplane,shape,569,garbage_truck,truck,0.12141318619251251,0.00016155817138496786,0.0
shape_resnet50_SIN,truck9-boat3.png,truck,boat,shape,569,garbage_truck,truck,0.12399644404649734,2.8520346404548036e-06,0.0
shape_resnet50_SIN,truck9-bottle2.png,truck,bottle,shape,867,trailer_truck,truck,0.05907468497753143,0.0005820277729071677,0.0
shape_resnet50_SIN,truck9-chair3.png,truck,chair,shape,757,recreational_vehicle,truck,0.013301311992108822,2.4280359866679646e-05,0.0
shape_resnet50_SIN,truck9-elephant1.png,truck,elephant,shape,757,recreational_vehicle,truck,0.047890082001686096,1.0509730827834574e-06,0.0
shape_resnet50_SIN_and_IN,airplane1-bicycle2.png,airplane,bicycle,neither,898,water_bottle,bottle,5.385257281886879e-06,0.0006478923023678362,0.29986897110939026
shape_resnet50_SIN_and_IN,airplane1-chair2.png,airplane,chair,neither,762,restaurant,bottle,1.2821491282011266e-06,0.0008252709521912038,0.22314460575580597
shape_resnet50_SIN_and_IN,airplane1-clock1.png,airplane,clock,texture,892,wall_clock,clock,4.416473984747427e-06,0.11134643107652664,0.0
shape_resnet50_SIN_and_IN,airplane1-elephant1.png,airplane,elephant,texture,904,window_screen,elephant,7.311034278245643e-05,0.01015371736139059,0.0
shape_resnet50_SIN_and_IN,airplane10-bear3.png,airplane,bear,texture,360,otter,bear,2.490686711098533e-05,0.0036717476323246956,0.0
shape_resnet50_SIN_and_IN,airplane10-boat3.png,airplane,boat,texture,625,lifeboat,boat,0.009983198717236519,0.030343035236001015,0.0
shape_resnet50_SIN_and_IN,airplane10-car3.png,airplane,car,neither,917,comic_book,truck,0.0032713557593524456,0.0089914845302701,0.1491495668888092
shape_resnet50_SIN_and_IN,airplane10-cat2.png,airplane,cat,texture,285,Egyptian_cat,cat,5.619590979222266e-07,0.044033702462911606,0.0
shape_resnet50_SIN_and_IN,airplane10-dog3.png,airplane,dog,texture,76,tarantula,dog,5.737525498261675e-05,0.0040750568732619286,0.0
shape_resnet50_SIN_and_IN,airplane10-elephant1.png,airplane,elephant,texture,893,wallet,elephant,7.549551082774997e-05,0.02827533334493637,0.0
shape_resnet50_SIN_and_IN,airplane10-knife3.png,airplane,knife,neither,534,dishwasher,bottle,6.233457679627463e-05,0.004350779578089714,0.1294950544834137
shape_resnet50_SIN_and_IN,airplane10-oven2.png,airplane,oven,neither,534,dishwasher,bottle,0.0007103646057657897,0.000760686700232327,0.3324835002422333
shape_resnet50_SIN_and_IN,airplane10-truck1.png,airplane,truck,neither,711,perfume,bottle,0.00015405270096380264,0.0012659135973080993,0.36456313729286194
shape_resnet50_SIN_and_IN,airplane2-bear1.png,airplane,bear,neither,286,cougar,cat,1.574569432705175e-05,0.01408383622765541,0.3746108114719391
shape_resnet50_SIN_and_IN,airplane2-bicycle1.png,airplane,bicycle,neither,898,water_bottle,bottle,1.97604822460562e-05,0.007099095731973648,0.24765260517597198
shape_resnet50_SIN_and_IN,airplane2-bird3.png,airplane,bird,texture,578,gown,bird,4.583752161124721e-05,0.001704075955785811,0.0
shape_resnet50_SIN_and_IN,airplane2-bottle1.png,airplane,bottle,texture,711,perfume,bottle,3.20308330969965e-08,0.002258706372231245,0.0
shape_resnet50_SIN_and_IN,airplane2-cat1.png,airplane,cat,neither,274,dhole,dog,8.129630441544577e-05,0.0025545957032591105,0.20027320086956024
shape_resnet50_SIN_and_IN,airplane2-dog1.png,airplane,dog,texture,216,clumber,dog,8.288395474664867e-05,0.005444417707622051,0.0
shape_resnet50_SIN_and_IN,airplane3-car1.png,airplane,car,neither,917,comic_book,bottle,3.398406306587276e-06,8.924374560592696e-05,0.2060684710741043
shape_resnet50_SIN_and_IN,airplane3-cat1.png,airplane,cat,neither,169,borzoi,dog,7.730614015599713e-06,0.0038428965490311384,0.22165052592754364
shape_resnet50_SIN_and_IN,airplane3-chair3.png,airplane,chair,texture,794,shower_curtain,chair,0.00045568967470899224,0.0022850576788187027,0.0
shape_resnet50_SIN_and_IN,airplane3-clock1.png,airplane,clock,texture,892,wall_clock,clock,8.048129529925063e-06,0.05146997049450874,0.0
shape_resnet50_SIN_and_IN,airplane3-dog1.png,airplane,dog,texture,216,clumber,dog,2.6296460418961942e-05,0.003955374006181955,0.0
shape_resnet50_SIN_and_IN,airplane3-elephant1.png,airplane,elephant,neither,489,chainlink_fence,clock,5.489012983161956e-05,0.0005082087009213865,0.11576759815216064
shape_resnet50_SIN_and_IN,airplane3-keyboard2.png,airplane,keyboard,neither,534,dishwasher,oven,2.3615037207491696e-05,0.0012054807739332318,0.42734000086784363
shape_resnet50_SIN_and_IN,airplane3-oven1.png,airplane,oven,texture,760,refrigerator,oven,0.00011417621135478839,0.0018040328286588192,0.0
shape_resnet50_SIN_and_IN,airplane4-bear3.png,airplane,bear,neither,354,Arabian_camel,elephant,5.402007809607312e-05,0.0116738211363554,0.11490427702665329
shape_resnet50_SIN_and_IN,airplane4-bicycle2.png,airplane,bicycle,neither,898,water_bottle,bottle,9.459269676881377e-06,0.00021337158977985382,0.2804194688796997
shape_resnet50_SIN_and_IN,airplane4-bird3.png,airplane,bird,neither,578,gown,oven,6.579105684068054e-05,0.0008022742695175111,0.06877122819423676
shape_resnet50_SIN_and_IN,airplane4-boat3.png,airplane,boat,neither,971,bubble,bottle,0.0001822469348553568,0.0016839541494846344,0.10422379523515701
shape_resnet50_SIN_and_IN,airplane4-bottle1.png,airplane,bottle,texture,711,perfume,bottle,1.1550007883442959e-07,0.025041406974196434,0.0
shape_resnet50_SIN_and_IN,airplane4-car1.png,airplane,car,neither,865,toyshop,bottle,2.491194027243182e-05,0.000413846573792398,0.38239991664886475
shape_resnet50_SIN_and_IN,airplane4-cat3.png,airplane,cat,texture,380,titi,cat,1.349555441265693e-05,0.0039053272921591997,0.0
shape_resnet50_SIN_and_IN,airplane4-dog2.png,airplane,dog,texture,212,English_setter,dog,5.7550940255168825e-05,0.003689713077619672,0.0
shape_resnet50_SIN_and_IN,airplane4-elephant1.png,airplane,elephant,texture,344,hippopotamus,elephant,7.257083052536473e-05,0.06811007112264633,0.0
shape_resnet50_SIN_and_IN,airplane4-keyboard3.png,airplane,keyboard,neither,592,hard_disc,bottle,0.0002453768684063107,0.0003736132348421961,0.05923237279057503
shape_resnet50_SIN_and_IN,airplane4-knife1.png,airplane,knife,neither,711,perfume,bottle,7.520107465097681e-05,6.0344504163367674e-05,0.36664098501205444
shape_resnet50_SIN_and_IN,airplane4-truck2.png,airplane,truck,neither,581,grille,car,6.916426355019212e-05,0.011839842423796654,0.18727025389671326
shape_resnet50_SIN_and_IN,airplane5-bear2.png,airplane,bear,texture,299,meerkat,bear,8.882869587978348e-05,0.03585658594965935,0.0
shape_resnet50_SIN_and_IN,airplane5-bicycle1.png,airplane,bicycle,neither,791,shopping_cart,bottle,0.00015983273624442518,0.00425264798104763,0.11523189395666122
shape_resnet50_SIN_and_IN,airplane5-bird2.png,airplane,bird,texture,87,African_grey,bird,0.00021301128435879946,0.01293824054300785,0.0
shape_resnet50_SIN_and_IN,airplane5-boat3.png,airplane,boat,neither,696,paintbrush,bottle,0.0004248664772603661,0.000443699216702953,0.3929538130760193
shape_resnet50_SIN_and_IN,airplane5-bottle3.png,airplane,bottle,texture,737,pop_bottle,bottle,1.0274908923690873e-08,0.14035704731941223,0.0
shape_resnet50_SIN_and_IN,airplane5-chair3.png,airplane,chair,texture,876,tub,chair,0.00038946387940086424,0.003864640835672617,0.0
shape_resnet50_SIN_and_IN,airplane5-dog3.png,airplane,dog,texture,207,golden_retriever,dog,2.4360118914046325e-05,0.0056398422457277775,0.0
shape_resnet50_SIN_and_IN,airplane5-knife1.png,airplane,knife,neither,696,paintbrush,bottle,2.8593489332706667e-05,0.0017521929694339633,0.20621202886104584
shape_resnet50_SIN_and_IN,airplane5-oven3.png,airplane,oven,neither,713,photocopier,clock,4.3337942770449445e-05,0.00018600194016471505,0.3635255992412567
shape_resnet50_SIN_and_IN,airplane6-bear3.png,airplane,bear,neither,76,tarantula,elephant,1.232741487910971e-05,0.00505789602175355,0.35629117488861084
shape_resnet50_SIN_and_IN,airplane6-bottle2.png,airplane,bottle,texture,711,perfume,bottle,2.6961290977567387e-09,0.03651966527104378,0.0
shape_resnet50_SIN_and_IN,airplane6-chair3.png,airplane,chair,texture,896,washbasin,chair,0.00014423907850869,0.0007391648250631988,0.0
shape_resnet50_SIN_and_IN,airplane6-keyboard3.png,airplane,keyboard,shape,148,killer_whale,airplane,0.009327012114226818,0.00026638165581971407,0.0
shape_resnet50_SIN_and_IN,airplane6-knife1.png,airplane,knife,neither,691,oxygen_mask,bottle,4.785662895301357e-06,0.0004074406169820577,0.14213231205940247
shape_resnet50_SIN_and_IN,airplane7-bird3.png,airplane,bird,texture,7,cock,bird,9.439526911592111e-05,0.002672444796189666,0.0
shape_resnet50_SIN_and_IN,airplane7-boat2.png,airplane,boat,texture,536,dock,boat,0.0006009271601215005,0.030172953382134438,0.0
shape_resnet50_SIN_and_IN,airplane7-bottle3.png,airplane,bottle,texture,737,pop_bottle,bottle,1.0435820207987945e-08,0.13742776215076447,0.0
shape_resnet50_SIN_and_IN,airplane7-car1.png,airplane,car,neither,865,toyshop,bottle,1.4236515198717825e-05,0.00024652958381921053,0.20765851438045502
shape_resnet50_SIN_and_IN,airplane7-cat3.png,airplane,cat,texture,382,squirrel_monkey,cat,2.2989133867667988e-05,0.002464768709614873,0.0
shape_resnet50_SIN_and_IN,airplane7-clock3.png,airplane,clock,texture,847,tank,clock,7.482575256290147e-06,0.006930158939212561,0.0
shape_resnet50_SIN_and_IN,airplane7-keyboard1.png,airplane,keyboard,neither,499,cleaver,knife,1.878474904515315e-05,0.004186633974313736,0.09410034120082855
shape_resnet50_SIN_and_IN,airplane7-truck1.png,airplane,truck,neither,711,perfume,bottle,2.603228949737968e-06,0.00016485013475175947,0.4094441533088684
shape_resnet50_SIN_and_IN,airplane8-bicycle3.png,airplane,bicycle,neither,509,confectionery,bottle,6.933833446964854e-06,8.562247967347503e-05,0.480555921792984
shape_resnet50_SIN_and_IN,airplane8-bird1.png,airplane,bird,neither,17,jay,bottle,0.00023844337556511164,0.0019826970528811216,0.2902246117591858
shape_resnet50_SIN_and_IN,airplane8-chair1.png,airplane,chair,neither,511,convertible,car,0.00034390034852549434,0.0006221801741048694,0.25439882278442383
shape_resnet50_SIN_and_IN,airplane8-clock2.png,airplane,clock,texture,719,piggy_bank,clock,0.000732006155885756,0.0029370172414928675,0.0
shape_resnet50_SIN_and_IN,airplane8-elephant3.png,airplane,elephant,texture,386,African_elephant,elephant,1.862072622316191e-06,0.39134177565574646,0.0
shape_resnet50_SIN_and_IN,airplane8-oven2.png,airplane,oven,neither,534,dishwasher,bottle,2.229523943242384e-06,0.00012147645611548796,0.7186015248298645
shape_resnet50_SIN_and_IN,airplane8-truck3.png,airplane,truck,neither,711,perfume,car,0.0009791639167815447,0.0009877760894596577,0.12235086411237717
shape_resnet50_SIN_and_IN,airplane9-boat1.png,airplane,boat,texture,696,paintbrush,boat,0.00019804095791187137,0.0037042642943561077,0.0
shape_resnet50_SIN_and_IN,airplane9-car2.png,airplane,car,neither,709,pencil_box,bottle,1.917257577588316e-05,0.00013722256699111313,0.1530102640390396
shape_resnet50_SIN_and_IN,airplane9-clock1.png,airplane,clock,neither,529,diaper,bottle,1.9357132714503678e-06,0.001493601012043655,0.12246295809745789
shape_resnet50_SIN_and_IN,airplane9-keyboard2.png,airplane,keyboard,texture,534,dishwasher,keyboard,0.0004889403935521841,0.002828430850058794,0.0
shape_resnet50_SIN_and_IN,airplane9-knife3.png,airplane,knife,texture,696,paintbrush,knife,1.5898813217063434e-05,0.009760502725839615,0.0
shape_resnet50_SIN_and_IN,airplane9-oven2.png,airplane,oven,texture,760,refrigerator,oven,1.999301639443729e-05,0.007658817805349827,0.0
shape_resnet50_SIN_and_IN,airplane9-truck1.png,airplane,truck,neither,711,perfume,bottle,1.3870077964384109e-05,0.0001969099830603227,0.6904920339584351
shape_resnet50_SIN_and_IN,bear1-airplane3.png,bear,airplane,shape,296,ice_bear,bear,0.0323713980615139,0.0006085258210077882,0.0
shape_resnet50_SIN_and_IN,bear1-bicycle3.png,bear,bicycle,neither,917,comic_book,elephant,0.001836969517171383,0.0002795617328956723,0.045858122408390045
shape_resnet50_SIN_and_IN,bear1-bird2.png,bear,bird,shape,286,cougar,bear,0.0309598371386528,0.00046786636812612414,0.0
shape_resnet50_SIN_and_IN,bear1-chair2.png,bear,chair,neither,711,perfume,bottle,6.368083268171176e-05,0.00231966283172369,0.13024850189685822
shape_resnet50_SIN_and_IN,bear1-clock2.png,bear,clock,texture,570,gasmask,clock,6.129140092525631e-05,0.0014923118287697434,0.0
shape_resnet50_SIN_and_IN,bear1-elephant1.png,bear,elephant,texture,386,African_elephant,elephant,0.000509926991071552,0.4184300899505615,0.0
shape_resnet50_SIN_and_IN,bear10-bottle1.png,bear,bottle,texture,865,toyshop,bottle,3.2885154723771848e-06,0.012280606664717197,0.0
shape_resnet50_SIN_and_IN,bear10-car2.png,bear,car,neither,477,carpenter's_kit,bottle,1.574244151925086e-06,0.0008011313038878143,0.1568261981010437
shape_resnet50_SIN_and_IN,bear10-cat2.png,bear,cat,texture,287,lynx,cat,9.020379366120324e-06,0.0009797390084713697,0.0
shape_resnet50_SIN_and_IN,bear10-chair2.png,bear,chair,texture,698,palace,chair,4.981438542017713e-05,0.023408645763993263,0.0
shape_resnet50_SIN_and_IN,bear10-clock1.png,bear,clock,texture,748,purse,clock,1.5429359336849302e-05,0.009582987986505032,0.0
shape_resnet50_SIN_and_IN,bear10-elephant1.png,bear,elephant,texture,386,African_elephant,elephant,3.218650090275332e-05,0.4148704409599304,0.0
shape_resnet50_SIN_and_IN,bear10-keyboard3.png,bear,keyboard,neither,761,remote_control,bottle,0.0014072584453970194,0.0026268353685736656,0.038744062185287476
shape_resnet50_SIN_and_IN,bear10-knife2.png,bear,knife,texture,696,paintbrush,knife,9.531660907668993e-06,0.0147493164986372,0.0
shape_resnet50_SIN_and_IN,bear10-oven1.png,bear,oven,neither,713,photocopier,keyboard,1.3992892490932718e-05,0.0012363798450678587,0.31364989280700684
shape_resnet50_SIN_and_IN,bear10-truck1.png,bear,truck,neither,692,packet,bottle,1.3560418665292673e-05,0.0019893613643944263,0.11561422049999237
shape_resnet50_SIN_and_IN,bear2-airplane1.png,bear,airplane,neither,895,warplane,clock,3.924227348761633e-05,0.004120645113289356,0.4957835376262665
shape_resnet50_SIN_and_IN,bear2-bird3.png,bear,bird,shape,23,vulture,bear,0.009290164336562157,0.0020819255150854588,0.0
shape_resnet50_SIN_and_IN,bear2-car2.png,bear,car,neither,971,bubble,bottle,1.0619628483254928e-06,2.1758134607807733e-05,0.40349096059799194
shape_resnet50_SIN_and_IN,bear2-cat2.png,bear,cat,texture,287,lynx,cat,0.0005577802076004446,0.0021256248001009226,0.0
shape_resnet50_SIN_and_IN,bear2-dog1.png,bear,dog,shape,294,brown_bear,bear,0.0592510849237442,0.004252820275723934,0.0
shape_resnet50_SIN_and_IN,bear2-elephant1.png,bear,elephant,texture,386,African_elephant,elephant,0.00015597273886669427,0.41341906785964966,0.0
shape_resnet50_SIN_and_IN,bear2-keyboard2.png,bear,keyboard,neither,898,water_bottle,bottle,0.00019121090008411556,0.0012076827697455883,0.06689397245645523
shape_resnet50_SIN_and_IN,bear2-knife2.png,bear,knife,neither,636,mailbag,bottle,5.955128654022701e-05,0.0014990695053711534,0.040449656546115875
shape_resnet50_SIN_and_IN,bear2-oven1.png,bear,oven,neither,713,photocopier,keyboard,2.306046553712804e-06,0.0004510816652327776,0.44248586893081665
shape_resnet50_SIN_and_IN,bear3-airplane1.png,bear,airplane,texture,403,aircraft_carrier,airplane,5.052457709098235e-06,0.0029627440962940454,0.0
shape_resnet50_SIN_and_IN,bear3-bicycle2.png,bear,bicycle,neither,898,water_bottle,bottle,1.6180318198166788e-05,0.0006048364448361099,0.1707264631986618
shape_resnet50_SIN_and_IN,bear3-bird3.png,bear,bird,neither,205,flat-coated_retriever,dog,0.0034230120945721865,0.0006641970830969512,0.1413278877735138
shape_resnet50_SIN_and_IN,bear3-car2.png,bear,car,neither,788,shoe_shop,bottle,2.707875410123961e-06,0.0005334680317901075,0.15308517217636108
shape_resnet50_SIN_and_IN,bear3-cat1.png,bear,cat,shape,213,Irish_setter,bear,0.00834507867693901,0.002640113001689315,0.0
shape_resnet50_SIN_and_IN,bear3-chair2.png,bear,chair,texture,532,dining_table,chair,2.6053894544020295e-05,0.03698943927884102,0.0
shape_resnet50_SIN_and_IN,bear3-dog3.png,bear,dog,texture,255,Leonberg,dog,0.0022331441286951303,0.0076536694541573524,0.0
shape_resnet50_SIN_and_IN,bear3-keyboard2.png,bear,keyboard,texture,898,water_bottle,keyboard,0.00023547964519821107,0.03206924721598625,0.0
shape_resnet50_SIN_and_IN,bear3-truck3.png,bear,truck,neither,423,barber_chair,chair,5.117188629810698e-05,0.0026816539466381073,0.28388679027557373
shape_resnet50_SIN_and_IN,bear4-boat2.png,bear,boat,texture,625,lifeboat,boat,3.8436523027485237e-05,0.04888925328850746,0.0
shape_resnet50_SIN_and_IN,bear4-car3.png,bear,car,neither,760,refrigerator,truck,4.318069386499701e-06,0.0005583015736192465,0.4819383919239044
shape_resnet50_SIN_and_IN,bear4-cat3.png,bear,cat,shape,382,squirrel_monkey,bear,0.003005769569426775,0.0022867254447191954,0.0
shape_resnet50_SIN_and_IN,bear4-clock3.png,bear,clock,texture,892,wall_clock,clock,3.078806912526488e-05,0.05680287256836891,0.0
shape_resnet50_SIN_and_IN,bear4-elephant2.png,bear,elephant,texture,386,African_elephant,elephant,0.00017052945622708648,0.3139907121658325,0.0
shape_resnet50_SIN_and_IN,bear4-keyboard3.png,bear,keyboard,neither,960,chocolate_sauce,bottle,0.0010444994550198317,0.000280035164905712,0.15615031123161316
shape_resnet50_SIN_and_IN,bear4-knife1.png,bear,knife,neither,760,refrigerator,bottle,3.2896998163778335e-05,0.0011491620680317283,0.14008000493049622
shape_resnet50_SIN_and_IN,bear4-oven2.png,bear,oven,texture,760,refrigerator,oven,6.62710408505518e-06,0.0013341420562937856,0.0
shape_resnet50_SIN_and_IN,bear4-truck3.png,bear,truck,neither,760,refrigerator,elephant,6.538646994158626e-05,0.0002227934601251036,0.8390207886695862
shape_resnet50_SIN_and_IN,bear5-airplane3.png,bear,airplane,neither,865,toyshop,clock,0.0016606750432401896,0.0003388232726138085,0.09849940240383148
shape_resnet50_SIN_and_IN,bear5-bicycle3.png,bear,bicycle,neither,865,toyshop,oven,0.0012106439098715782,0.001090478734113276,0.12602464854717255
shape_resnet50_SIN_and_IN,bear5-bird1.png,bear,bird,shape,106,wombat,bear,0.008793879300355911,0.004435194190591574,0.0
shape_resnet50_SIN_and_IN,bear5-boat2.png,bear,boat,texture,865,toyshop,boat,5.097995017422363e-05,0.011133062653243542,0.0
shape_resnet50_SIN_and_IN,bear5-bottle1.png,bear,bottle,neither,788,shoe_shop,clock,1.8282505607203348e-06,0.002322498243302107,0.4422667920589447
shape_resnet50_SIN_and_IN,bear5-chair1.png,bear,chair,neither,819,stage,bottle,1.3685800695384387e-05,0.0005114965024404228,0.16107693314552307
shape_resnet50_SIN_and_IN,bear5-oven3.png,bear,oven,neither,707,pay-phone,clock,2.7822268748423085e-05,0.00046294659841805696,0.4874937832355499
shape_resnet50_SIN_and_IN,bear6-bird2.png,bear,bird,shape,728,plastic_bag,bear,0.033051442354917526,0.0016763603780418634,0.0
shape_resnet50_SIN_and_IN,bear6-boat3.png,bear,boat,neither,562,fountain,clock,2.261866939079482e-06,0.00011929690663237125,0.2150140106678009
shape_resnet50_SIN_and_IN,bear6-bottle3.png,bear,bottle,texture,737,pop_bottle,bottle,3.134366721724291e-08,0.13691172003746033,0.0
shape_resnet50_SIN_and_IN,bear6-car2.png,bear,car,neither,971,bubble,bottle,5.400246209319448e-06,0.00014571748033631593,0.24629822373390198
shape_resnet50_SIN_and_IN,bear6-cat3.png,bear,cat,texture,299,meerkat,cat,0.0002017890365095809,0.0011615153634920716,0.0
shape_resnet50_SIN_and_IN,bear6-chair1.png,bear,chair,neither,459,brassiere,bottle,5.079180027678376e-06,0.0003861977602355182,0.2683514356613159
shape_resnet50_SIN_and_IN,bear6-clock1.png,bear,clock,texture,711,perfume,clock,8.03550449290924e-07,0.011805002577602863,0.0
shape_resnet50_SIN_and_IN,bear7-bicycle2.png,bear,bicycle,neither,863,totem_pole,bottle,0.00013276185200084,0.0008093492360785604,0.11129824817180634
shape_resnet50_SIN_and_IN,bear7-clock1.png,bear,clock,texture,892,wall_clock,clock,3.1815111469768453e-06,0.15519455075263977,0.0
shape_resnet50_SIN_and_IN,bear7-dog3.png,bear,dog,shape,294,brown_bear,bear,0.19847123324871063,0.0007312289089895785,0.0
shape_resnet50_SIN_and_IN,bear7-oven3.png,bear,oven,texture,480,cash_machine,oven,7.004057351878146e-06,0.0026333522982895374,0.0
shape_resnet50_SIN_and_IN,bear7-truck1.png,bear,truck,neither,737,pop_bottle,bottle,4.160226308158599e-05,0.0009182225330732763,0.09673091024160385
shape_resnet50_SIN_and_IN,bear8-airplane1.png,bear,airplane,neither,895,warplane,clock,4.269759665476158e-05,0.0013581733219325542,0.2464238852262497
shape_resnet50_SIN_and_IN,bear8-bicycle3.png,bear,bicycle,neither,534,dishwasher,oven,5.512686038855463e-05,0.00011486790026538074,0.0740102082490921
shape_resnet50_SIN_and_IN,bear8-boat2.png,bear,boat,texture,625,lifeboat,boat,7.747211202513427e-05,0.022776665166020393,0.0
shape_resnet50_SIN_and_IN,bear8-bottle1.png,bear,bottle,neither,865,toyshop,clock,1.6498100876560784e-06,0.00031713765929453075,0.6478311419487
shape_resnet50_SIN_and_IN,bear8-dog1.png,bear,dog,shape,294,brown_bear,bear,0.11853184551000595,0.0010465994710102677,0.0
shape_resnet50_SIN_and_IN,bear8-elephant2.png,bear,elephant,texture,386,African_elephant,elephant,4.79286172776483e-05,0.429970920085907,0.0
shape_resnet50_SIN_and_IN,bear8-knife3.png,bear,knife,neither,51,triceratops,elephant,4.605295544024557e-05,0.0031315062660723925,0.06588993966579437
shape_resnet50_SIN_and_IN,bear8-truck3.png,bear,truck,texture,867,trailer_truck,truck,2.41938469116576e-05,0.03390734642744064,0.0
shape_resnet50_SIN_and_IN,bear9-boat2.png,bear,boat,texture,625,lifeboat,boat,2.8774957172572613e-06,0.15288951992988586,0.0
shape_resnet50_SIN_and_IN,bear9-bottle2.png,bear,bottle,texture,971,bubble,bottle,1.7944378782885906e-07,0.07161370664834976,0.0
shape_resnet50_SIN_and_IN,bear9-dog1.png,bear,dog,shape,294,brown_bear,bear,0.16273845732212067,0.0018819073447957635,0.0
shape_resnet50_SIN_and_IN,bear9-keyboard3.png,bear,keyboard,texture,438,beaker,keyboard,0.0003370187769178301,0.017452413216233253,0.0
shape_resnet50_SIN_and_IN,bear9-knife2.png,bear,knife,texture,524,cuirass,knife,0.00010825821664184332,0.007824722677469254,0.0
shape_resnet50_SIN_and_IN,bicycle1-airplane2.png,bicycle,airplane,shape,801,snorkel,bicycle,0.03854922950267792,3.660020956886001e-05,0.0
shape_resnet50_SIN_and_IN,bicycle1-bear1.png,bicycle,bear,texture,76,tarantula,bear,8.523771248292178e-05,0.010615231469273567,0.0
shape_resnet50_SIN_and_IN,bicycle1-bird1.png,bicycle,bird,neither,107,jellyfish,bottle,1.2909533325000666e-05,3.390422534721438e-06,0.8499343991279602
shape_resnet50_SIN_and_IN,bicycle1-boat3.png,bicycle,boat,neither,870,tricycle,clock,0.009954876266419888,0.00010827013466041535,0.2937798500061035
shape_resnet50_SIN_and_IN,bicycle1-bottle3.png,bicycle,bottle,texture,737,pop_bottle,bottle,0.023976372554898262,0.06668232381343842,0.0
shape_resnet50_SIN_and_IN,bicycle1-chair1.png,bicycle,chair,texture,760,refrigerator,chair,0.00022969642304815352,0.00925574079155922,0.0
shape_resnet50_SIN_and_IN,bicycle1-clock3.png,bicycle,clock,texture,826,stopwatch,clock,0.007264133542776108,0.0802992507815361,0.0
shape_resnet50_SIN_and_IN,bicycle1-dog3.png,bicycle,dog,neither,76,tarantula,cat,0.0005975440144538879,0.0002997008559759706,0.6663758158683777
shape_resnet50_SIN_and_IN,bicycle1-elephant2.png,bicycle,elephant,texture,386,African_elephant,elephant,1.2801859156752471e-05,0.41696375608444214,0.0
shape_resnet50_SIN_and_IN,bicycle1-knife3.png,bicycle,knife,texture,813,spatula,knife,0.00031042975024320185,0.008936001919209957,0.0
shape_resnet50_SIN_and_IN,bicycle1-oven1.png,bicycle,oven,neither,823,stethoscope,chair,0.002428758889436722,0.003439114661887288,0.10600915551185608
shape_resnet50_SIN_and_IN,bicycle1-truck1.png,bicycle,truck,neither,711,perfume,bottle,0.0020750798285007477,0.0008120271377265453,0.20496465265750885
shape_resnet50_SIN_and_IN,bicycle10-airplane2.png,bicycle,airplane,neither,870,tricycle,chair,0.004217744804918766,0.00023928919108584523,0.14679589867591858
shape_resnet50_SIN_and_IN,bicycle10-boat3.png,bicycle,boat,neither,711,perfume,truck,0.001604779507033527,0.0004321231972426176,0.13150833547115326
shape_resnet50_SIN_and_IN,bicycle10-clock2.png,bicycle,clock,texture,892,wall_clock,clock,0.0011926384177058935,0.253058522939682,0.0
shape_resnet50_SIN_and_IN,bicycle10-dog3.png,bicycle,dog,neither,284,Siamese_cat,cat,9.530072566121817e-05,0.0007546786800958216,0.11599263548851013
shape_resnet50_SIN_and_IN,bicycle10-elephant2.png,bicycle,elephant,texture,386,African_elephant,elephant,9.832960131461732e-06,0.40457242727279663,0.0
shape_resnet50_SIN_and_IN,bicycle2-bird3.png,bicycle,bird,neither,876,tub,knife,0.00043202174128964543,6.698988727293909e-05,0.08340787142515182
shape_resnet50_SIN_and_IN,bicycle2-bottle1.png,bicycle,bottle,neither,865,toyshop,clock,0.008709938265383244,0.0011788234114646912,0.37844476103782654
shape_resnet50_SIN_and_IN,bicycle2-car2.png,bicycle,car,neither,823,stethoscope,bottle,0.0004042398068122566,3.9815779018681496e-05,0.14691267907619476
shape_resnet50_SIN_and_IN,bicycle2-dog1.png,bicycle,dog,neither,291,lion,bear,5.060710464022122e-05,0.002779998816549778,0.07745464146137238
shape_resnet50_SIN_and_IN,bicycle2-keyboard2.png,bicycle,keyboard,neither,662,modem,bottle,7.319341966649517e-05,0.0002838019863702357,0.066757932305336
shape_resnet50_SIN_and_IN,bicycle2-knife2.png,bicycle,knife,texture,647,measuring_cup,knife,0.00014293461572378874,0.06535526365041733,0.0
shape_resnet50_SIN_and_IN,bicycle3-bird1.png,bicycle,bird,texture,17,jay,bird,8.307843927468639e-06,0.0026159347034990788,0.0
shape_resnet50_SIN_and_IN,bicycle3-elephant2.png,bicycle,elephant,texture,556,fire_screen,elephant,5.511564449989237e-05,0.004076099488884211,0.0
shape_resnet50_SIN_and_IN,bicycle3-keyboard1.png,bicycle,keyboard,shape,783,screw,bicycle,0.010051888413727283,0.0006038586725480855,0.0
shape_resnet50_SIN_and_IN,bicycle3-oven3.png,bicycle,oven,neither,760,refrigerator,bottle,0.0006978844758123159,0.00046581041533499956,0.2940496802330017
shape_resnet50_SIN_and_IN,bicycle3-truck3.png,bicycle,truck,neither,760,refrigerator,bottle,0.0004823388298973441,0.00010403751366538927,0.22780422866344452
shape_resnet50_SIN_and_IN,bicycle4-airplane1.png,bicycle,airplane,neither,409,analog_clock,clock,0.003548996290192008,0.00017919814854394644,0.32801124453544617
shape_resnet50_SIN_and_IN,bicycle4-boat1.png,bicycle,boat,shape,444,bicycle-built-for-two,bicycle,0.16225679218769073,0.00022077179164625704,0.0
shape_resnet50_SIN_and_IN,bicycle4-bottle1.png,bicycle,bottle,shape,455,bottlecap,bicycle,0.02470167726278305,0.00013407199003268033,0.0
shape_resnet50_SIN_and_IN,bicycle4-car2.png,bicycle,car,shape,671,mountain_bike,bicycle,0.14233483374118805,0.0001860277116065845,0.0
shape_resnet50_SIN_and_IN,bicycle4-cat1.png,bicycle,cat,texture,274,dhole,cat,0.0007926402031444013,0.03658616542816162,0.0
shape_resnet50_SIN_and_IN,bicycle4-chair2.png,bicycle,chair,texture,870,tricycle,chair,0.011603869497776031,0.017939196899533272,0.0
shape_resnet50_SIN_and_IN,bicycle4-clock3.png,bicycle,clock,texture,409,analog_clock,clock,0.001158065628260374,0.16538693010807037,0.0
shape_resnet50_SIN_and_IN,bicycle4-keyboard3.png,bicycle,keyboard,neither,635,magnetic_compass,clock,0.0004935972974635661,9.531122486805543e-05,0.11395289748907089
shape_resnet50_SIN_and_IN,bicycle4-knife3.png,bicycle,knife,texture,813,spatula,knife,0.00010681617277441546,0.005020470824092627,0.0
shape_resnet50_SIN_and_IN,bicycle4-oven3.png,bicycle,oven,neither,880,unicycle,clock,0.003753428580239415,8.956171222962439e-05,0.3415839374065399
shape_resnet50_SIN_and_IN,bicycle4-truck3.png,bicycle,truck,neither,861,toilet_seat,bottle,0.00018881616415455937,0.0007776872953400016,0.1881595253944397
shape_resnet50_SIN_and_IN,bicycle5-bear1.png,bicycle,bear,neither,76,tarantula,cat,8.819308277452365e-06,0.0014592187944799662,0.4467470049858093
shape_resnet50_SIN_and_IN,bicycle5-bottle3.png,bicycle,bottle,texture,635,magnetic_compass,bottle,0.008249414153397083,0.023166391998529434,0.0
shape_resnet50_SIN_and_IN,bicycle5-car3.png,bicycle,car,shape,612,jinrikisha,bicycle,0.02464251033961773,0.00327816023491323,0.0
shape_resnet50_SIN_and_IN,bicycle5-cat1.png,bicycle,cat,neither,156,Blenheim_spaniel,dog,6.0173566453158855e-05,0.004121733363717794,0.0935770720243454
shape_resnet50_SIN_and_IN,bicycle5-chair2.png,bicycle,chair,neither,562,fountain,boat,0.001822859514504671,0.00433480367064476,0.09378015995025635
shape_resnet50_SIN_and_IN,bicycle5-dog2.png,bicycle,dog,neither,169,borzoi,cat,0.0011829023715108633,0.001843936974182725,0.0848817527294159
shape_resnet50_SIN_and_IN,bicycle5-elephant1.png,bicycle,elephant,shape,721,pillow,bicycle,0.023019593209028244,0.0012660326901823282,0.0
shape_resnet50_SIN_and_IN,bicycle5-keyboard3.png,bicycle,keyboard,neither,711,perfume,bottle,1.9416223949519917e-05,0.0006137838936410844,0.05729572847485542
shape_resnet50_SIN_and_IN,bicycle5-oven3.png,bicycle,oven,neither,897,washer,knife,0.0001163855631602928,0.0007576664793305099,0.12424823641777039
shape_resnet50_SIN_and_IN,bicycle6-airplane2.png,bicycle,airplane,neither,795,ski,car,0.0002562460140325129,0.0005621669115498662,0.21318504214286804
shape_resnet50_SIN_and_IN,bicycle6-boat2.png,bicycle,boat,texture,865,toyshop,boat,0.005208937451243401,0.01886604167521,0.0
shape_resnet50_SIN_and_IN,bicycle6-car2.png,bicycle,car,neither,760,refrigerator,bottle,0.00020239228615537286,0.0008699508034624159,0.06651926040649414
shape_resnet50_SIN_and_IN,bicycle6-cat1.png,bicycle,cat,neither,215,Brittany_spaniel,dog,1.1510700232975069e-06,0.0010657169623300433,0.17090001702308655
shape_resnet50_SIN_and_IN,bicycle6-dog2.png,bicycle,dog,neither,76,tarantula,bottle,0.0002705575607251376,0.0014916186919435859,0.27280351519584656
shape_resnet50_SIN_and_IN,bicycle7-bear2.png,bicycle,bear,texture,296,ice_bear,bear,0.0004913260927423835,0.03645683079957962,0.0
shape_resnet50_SIN_and_IN,bicycle7-cat1.png,bicycle,cat,texture,76,tarantula,cat,3.988632670370862e-05,0.004247391130775213,0.0
shape_resnet50_SIN_and_IN,bicycle7-clock3.png,bicycle,clock,texture,826,stopwatch,clock,0.000139573952765204,0.12955348193645477,0.0
shape_resnet50_SIN_and_IN,bicycle7-elephant2.png,bicycle,elephant,texture,884,vault,elephant,0.0017352660652250051,0.06662844121456146,0.0
shape_resnet50_SIN_and_IN,bicycle7-knife2.png,bicycle,knife,neither,635,magnetic_compass,clock,0.003453092649579048,0.004321943037211895,0.21415787935256958
shape_resnet50_SIN_and_IN,bicycle7-oven1.png,bicycle,oven,shape,444,bicycle-built-for-two,bicycle,0.1382794976234436,5.0992468459298834e-05,0.0
shape_resnet50_SIN_and_IN,bicycle7-truck3.png,bicycle,truck,neither,861,toilet_seat,bottle,0.0004893617006018758,2.132494410034269e-05,0.5622737407684326
shape_resnet50_SIN_and_IN,bicycle8-bear2.png,bicycle,bear,shape,671,mountain_bike,bicycle,0.1431742012500763,0.00233424617908895,0.0
shape_resnet50_SIN_and_IN,bicycle8-bird2.png,bicycle,bird,shape,671,mountain_bike,bicycle,0.4904326796531677,4.095107897228445e-07,0.0
shape_resnet50_SIN_and_IN,bicycle8-boat1.png,bicycle,boat,shape,671,mountain_bike,bicycle,0.3433341979980469,1.339700429525692e-05,0.0
shape_resnet50_SIN_and_IN,bicycle8-chair2.png,bicycle,chair,texture,880,unicycle,chair,0.010005992837250233,0.010854311287403107,0.0
shape_resnet50_SIN_and_IN,bicycle8-clock3.png,bicycle,clock,texture,826,stopwatch,clock,0.0003397029358893633,0.15135358273983002,0.0
shape_resnet50_SIN_and_IN,bicycle8-truck1.png,bicycle,truck,shape,665,moped,bicycle,0.008387944661080837,0.0004428710089996457,0.0
shape_resnet50_SIN_and_IN,bicycle9-airplane2.png,bicycle,airplane,shape,870,tricycle,bicycle,0.006884767673909664,8.977949619293213e-06,0.0
shape_resnet50_SIN_and_IN,bicycle9-bear1.png,bicycle,bear,texture,76,tarantula,bear,2.3729089662083425e-06,0.002021133666858077,0.0
shape_resnet50_SIN_and_IN,bicycle9-bird3.png,bicycle,bird,shape,870,tricycle,bicycle,0.03389541059732437,1.2462220183806494e-05,0.0
shape_resnet50_SIN_and_IN,bicycle9-bottle1.png,bicycle,bottle,shape,611,jigsaw_puzzle,bicycle,0.06147366017103195,0.00041153718484565616,0.0
shape_resnet50_SIN_and_IN,bicycle9-car1.png,bicycle,car,shape,481,cassette,bicycle,0.007652373984456062,0.0005839216173626482,0.0
shape_resnet50_SIN_and_IN,bicycle9-cat3.png,bicycle,cat,texture,76,tarantula,cat,8.549492486054078e-05,0.002149048959836364,0.0
shape_resnet50_SIN_and_IN,bicycle9-chair1.png,bicycle,chair,texture,861,toilet_seat,chair,5.6584696721984074e-05,0.04630725458264351,0.0
shape_resnet50_SIN_and_IN,bicycle9-keyboard3.png,bicycle,keyboard,neither,712,Petri_dish,bottle,3.5693165045813657e-06,0.00026401079958304763,0.3342796862125397
shape_resnet50_SIN_and_IN,bicycle9-knife3.png,bicycle,knife,neither,792,shovel,chair,8.853097097016871e-05,0.0008133696392178535,0.11188240349292755
shape_resnet50_SIN_and_IN,bird1-airplane2.png,bird,airplane,neither,450,bobsled,boat,2.628688662298373e-06,0.00010899492190219462,0.5831413865089417
shape_resnet50_SIN_and_IN,bird1-bear1.png,bird,bear,texture,76,tarantula,bear,8.381529914913699e-05,0.01591012254357338,0.0
shape_resnet50_SIN_and_IN,bird1-bicycle2.png,bird,bicycle,neither,85,quail,bottle,0.0009257267811335623,0.00042122986633330584,0.23047301173210144
shape_resnet50_SIN_and_IN,bird1-boat1.png,bird,boat,texture,625,lifeboat,boat,1.0230204679828603e-05,0.04799964278936386,0.0
shape_resnet50_SIN_and_IN,bird1-chair2.png,bird,chair,texture,562,fountain,chair,1.0066892173199449e-05,0.010052329860627651,0.0
shape_resnet50_SIN_and_IN,bird1-clock3.png,bird,clock,texture,443,bib,clock,1.6515667766725528e-06,0.08160203695297241,0.0
shape_resnet50_SIN_and_IN,bird1-elephant2.png,bird,elephant,texture,386,African_elephant,elephant,2.9531906875490677e-06,0.4709680676460266,0.0
shape_resnet50_SIN_and_IN,bird1-keyboard3.png,bird,keyboard,neither,876,tub,cat,0.00012894342944491655,0.0013557412894442677,0.24778738617897034
shape_resnet50_SIN_and_IN,bird1-knife3.png,bird,knife,neither,562,fountain,bottle,0.00013616704382002354,0.001234856084920466,0.1235588788986206
shape_resnet50_SIN_and_IN,bird1-oven1.png,bird,oven,texture,713,photocopier,oven,1.871136191766709e-06,0.001404519542120397,0.0
shape_resnet50_SIN_and_IN,bird1-truck1.png,bird,truck,neither,898,water_bottle,bottle,1.65629126058775e-06,1.6085930838016793e-05,0.3174453377723694
shape_resnet50_SIN_and_IN,bird10-bear2.png,bird,bear,texture,296,ice_bear,bear,0.000251579302130267,0.10156233608722687,0.0
shape_resnet50_SIN_and_IN,bird10-bicycle1.png,bird,bicycle,neither,534,dishwasher,bottle,6.064732588129118e-05,0.0021465166937559843,0.34018734097480774
shape_resnet50_SIN_and_IN,bird10-cat1.png,bird,cat,neither,274,dhole,dog,0.00017115543596446514,0.0032784361392259598,0.18153035640716553
shape_resnet50_SIN_and_IN,bird10-chair1.png,bird,chair,neither,760,refrigerator,car,2.2173859179019928e-05,0.003109424840658903,0.15136569738388062
shape_resnet50_SIN_and_IN,bird10-clock1.png,bird,clock,texture,892,wall_clock,clock,1.7413382011000067e-05,0.17345882952213287,0.0
shape_resnet50_SIN_and_IN,bird10-elephant2.png,bird,elephant,texture,386,African_elephant,elephant,4.981940037396271e-06,0.42070472240448,0.0
shape_resnet50_SIN_and_IN,bird2-airplane3.png,bird,airplane,texture,895,warplane,airplane,2.779895658022724e-05,0.002311775228008628,0.0
shape_resnet50_SIN_and_IN,bird2-car3.png,bird,car,neither,791,shopping_cart,bottle,2.1598780222120695e-05,0.0017914120107889175,0.18839381635189056
shape_resnet50_SIN_and_IN,bird2-clock3.png,bird,clock,texture,535,disk_brake,clock,1.3115251931594685e-05,0.005075852852314711,0.0
shape_resnet50_SIN_and_IN,bird2-dog2.png,bird,dog,texture,212,English_setter,dog,1.6439424143754877e-05,0.008829811587929726,0.0
shape_resnet50_SIN_and_IN,bird2-knife1.png,bird,knife,texture,597,holster,knife,3.7038582831883105e-06,0.001127246068790555,0.0
shape_resnet50_SIN_and_IN,bird3-bear3.png,bird,bear,texture,360,otter,bear,0.0001612204359844327,0.03848593309521675,0.0
shape_resnet50_SIN_and_IN,bird3-boat3.png,bird,boat,neither,917,comic_book,truck,0.00031096042948774993,0.0002906843728851527,0.1496143937110901
shape_resnet50_SIN_and_IN,bird3-bottle2.png,bird,bottle,texture,971,bubble,bottle,5.333111516847566e-07,0.023798329755663872,0.0
shape_resnet50_SIN_and_IN,bird3-cat1.png,bird,cat,texture,299,meerkat,cat,0.002116972114890814,0.011013251729309559,0.0
shape_resnet50_SIN_and_IN,bird3-dog1.png,bird,dog,texture,299,meerkat,dog,2.377570308453869e-05,0.0007576061761938035,0.0
shape_resnet50_SIN_and_IN,bird3-knife3.png,bird,knife,texture,696,paintbrush,knife,0.00024365440185647458,0.016304861754179,0.0
shape_resnet50_SIN_and_IN,bird3-oven1.png,bird,oven,texture,760,refrigerator,oven,1.1695380635501351e-05,0.0005770950228907168,0.0
shape_resnet50_SIN_and_IN,bird3-truck3.png,bird,truck,neither,93,hornbill,bottle,0.0020936576183885336,0.0004104754189029336,0.06378622353076935
shape_resnet50_SIN_and_IN,bird4-airplane1.png,bird,airplane,neither,403,aircraft_carrier,clock,1.923180570884142e-05,0.0016457100864499807,0.42661505937576294
shape_resnet50_SIN_and_IN,bird4-bicycle2.png,bird,bicycle,neither,791,shopping_cart,bottle,3.852681766147725e-05,4.68008074676618e-05,0.6132063865661621
shape_resnet50_SIN_and_IN,bird4-cat3.png,bird,cat,neither,382,squirrel_monkey,dog,6.344208668451756e-05,0.000996889197267592,0.15788081288337708
shape_resnet50_SIN_and_IN,bird4-clock1.png,bird,clock,texture,748,purse,clock,5.669876372849103e-06,0.02603873610496521,0.0
shape_resnet50_SIN_and_IN,bird4-dog3.png,bird,dog,texture,247,Saint_Bernard,dog,1.9324947061249986e-05,0.007194539997726679,0.0
shape_resnet50_SIN_and_IN,bird5-airplane3.png,bird,airplane,texture,895,warplane,airplane,0.000979106524027884,0.018771523609757423,0.0
shape_resnet50_SIN_and_IN,bird5-bear3.png,bird,bear,shape,99,goose,bird,0.015446556732058525,0.0004323764587752521,0.0
shape_resnet50_SIN_and_IN,bird5-bicycle1.png,bird,bicycle,texture,791,shopping_cart,bicycle,0.002170449122786522,0.004820899106562138,0.0
shape_resnet50_SIN_and_IN,bird5-car2.png,bird,car,neither,477,carpenter's_kit,bottle,7.068774721119553e-05,0.0012467599008232355,0.11696327477693558
shape_resnet50_SIN_and_IN,bird5-cat2.png,bird,cat,shape,12,house_finch,bird,0.01161925494670868,0.010746206156909466,0.0
shape_resnet50_SIN_and_IN,bird5-chair1.png,bird,chair,neither,511,convertible,car,2.1208383259363472e-05,0.0017829786520451307,0.1032235324382782
shape_resnet50_SIN_and_IN,bird5-dog2.png,bird,dog,texture,212,English_setter,dog,0.00022894132416695356,0.008277134038507938,0.0
shape_resnet50_SIN_and_IN,bird5-keyboard2.png,bird,keyboard,neither,438,beaker,bottle,0.0003251682792324573,0.001684242975898087,0.3097836673259735
shape_resnet50_SIN_and_IN,bird5-oven3.png,bird,oven,texture,760,refrigerator,oven,1.8014738088822924e-05,0.004549781326204538,0.0
shape_resnet50_SIN_and_IN,bird5-truck2.png,bird,truck,neither,581,grille,car,7.459072548954282e-06,0.024946965277194977,0.4383440315723419
shape_resnet50_SIN_and_IN,bird6-airplane2.png,bird,airplane,texture,895,warplane,airplane,4.523686220636591e-05,0.0016770215006545186,0.0
shape_resnet50_SIN_and_IN,bird6-boat2.png,bird,boat,texture,625,lifeboat,boat,1.5870176866883412e-05,0.14734552800655365,0.0
shape_resnet50_SIN_and_IN,bird6-bottle3.png,bird,bottle,texture,440,beer_bottle,bottle,1.3249406549675768e-07,0.135049968957901,0.0
shape_resnet50_SIN_and_IN,bird6-car3.png,bird,car,neither,534,dishwasher,bottle,1.931018596224021e-05,0.0005738122272305191,0.19871936738491058
shape_resnet50_SIN_and_IN,bird6-elephant2.png,bird,elephant,texture,386,African_elephant,elephant,2.554007005528547e-05,0.36759069561958313,0.0
shape_resnet50_SIN_and_IN,bird6-oven1.png,bird,oven,neither,473,can_opener,chair,8.299437467940152e-05,0.00019789674843195826,0.3868905305862427
shape_resnet50_SIN_and_IN,bird6-truck2.png,bird,truck,neither,424,barbershop,chair,6.235131149878725e-05,0.0016083965310826898,0.1279267966747284
shape_resnet50_SIN_and_IN,bird7-boat1.png,bird,boat,texture,625,lifeboat,boat,4.054095552419312e-05,0.08364861458539963,0.0
shape_resnet50_SIN_and_IN,bird7-bottle1.png,bird,bottle,neither,509,confectionery,clock,2.1785224646464485e-07,0.00040600422653369606,0.6377184391021729
shape_resnet50_SIN_and_IN,bird7-car2.png,bird,car,neither,784,screwdriver,bottle,8.53712554089725e-05,0.00011419809743529186,0.39829033613204956
shape_resnet50_SIN_and_IN,bird7-cat3.png,bird,cat,neither,341,hog,oven,0.0010312242666259408,0.0017364855157211423,0.1690305471420288
shape_resnet50_SIN_and_IN,bird7-keyboard3.png,bird,keyboard,texture,876,tub,keyboard,0.00042567847413010895,0.002763287164270878,0.0
shape_resnet50_SIN_and_IN,bird7-knife2.png,bird,knife,texture,696,paintbrush,knife,0.0014804821694269776,0.00652435515075922,0.0
shape_resnet50_SIN_and_IN,bird7-oven3.png,bird,oven,texture,760,refrigerator,oven,3.862091944029089e-06,0.0019007563823834062,0.0
shape_resnet50_SIN_and_IN,bird7-truck2.png,bird,truck,neither,711,perfume,bottle,0.000151691390783526,0.0011291025439277291,0.26561906933784485
shape_resnet50_SIN_and_IN,bird8-boat3.png,bird,boat,neither,595,harvester,bottle,5.256063013803214e-05,0.0014992080396041274,0.2191956788301468
shape_resnet50_SIN_and_IN,bird8-bottle1.png,bird,bottle,neither,509,confectionery,chair,2.525442141632084e-06,0.0024528945796191692,0.23999789357185364
shape_resnet50_SIN_and_IN,bird8-car2.png,bird,car,neither,971,bubble,bottle,2.1719539290643297e-05,6.875782855786383e-05,0.1422940343618393
shape_resnet50_SIN_and_IN,bird8-chair1.png,bird,chair,neither,511,convertible,car,1.8777325294649927e-06,0.018092196434736252,0.10659020394086838
shape_resnet50_SIN_and_IN,bird8-clock1.png,bird,clock,texture,591,handkerchief,clock,3.010671889569494e-06,0.005051746498793364,0.0
shape_resnet50_SIN_and_IN,bird8-elephant1.png,bird,elephant,texture,386,African_elephant,elephant,0.0005841270321980119,0.33894264698028564,0.0
shape_resnet50_SIN_and_IN,bird8-keyboard2.png,bird,keyboard,texture,534,dishwasher,keyboard,9.159462206298485e-05,0.0006411958020180464,0.0
shape_resnet50_SIN_and_IN,bird8-knife2.png,bird,knife,texture,499,cleaver,knife,0.0003919311275240034,0.2243562638759613,0.0
shape_resnet50_SIN_and_IN,bird9-bear3.png,bird,bear,texture,360,otter,bear,0.00028882897458970547,0.015753239393234253,0.0
shape_resnet50_SIN_and_IN,bird9-bicycle3.png,bird,bicycle,neither,15,robin,chair,0.005403338465839624,0.00013915044837631285,0.07653071731328964
shape_resnet50_SIN_and_IN,bird9-bottle3.png,bird,bottle,texture,440,beer_bottle,bottle,0.0042067659087479115,0.05435130372643471,0.0
shape_resnet50_SIN_and_IN,bird9-chair1.png,bird,chair,texture,760,refrigerator,chair,8.443475053354632e-06,0.0185443926602602,0.0
shape_resnet50_SIN_and_IN,bird9-dog2.png,bird,dog,texture,212,English_setter,dog,6.468156061600894e-05,0.008915288373827934,0.0
shape_resnet50_SIN_and_IN,bird9-elephant2.png,bird,elephant,texture,386,African_elephant,elephant,0.00014642602764070034,0.4308147132396698,0.0
shape_resnet50_SIN_and_IN,bird9-keyboard1.png,bird,keyboard,neither,728,plastic_bag,knife,8.831486775306985e-05,0.0032226573675870895,0.31078293919563293
shape_resnet50_SIN_and_IN,boat1-bear1.png,boat,bear,neither,299,meerkat,cat,1.7653193935984746e-05,0.003651784732937813,0.30037668347358704
shape_resnet50_SIN_and_IN,boat1-bicycle2.png,boat,bicycle,neither,534,dishwasher,bottle,1.7258909792872146e-05,0.0004328592331148684,0.5213668346405029
shape_resnet50_SIN_and_IN,boat1-bird3.png,boat,bird,neither,499,cleaver,knife,0.00047729542711749673,0.0002253578568343073,0.22412481904029846
shape_resnet50_SIN_and_IN,boat1-car2.png,boat,car,neither,784,screwdriver,bottle,0.00033200703910551965,0.00034264070563949645,0.10839252173900604
shape_resnet50_SIN_and_IN,boat1-chair3.png,boat,chair,shape,794,shower_curtain,boat,0.001203636173158884,0.0010118394857272506,0.0
shape_resnet50_SIN_and_IN,boat1-elephant3.png,boat,elephant,texture,386,African_elephant,elephant,7.467813816219859e-07,0.4643736183643341,0.0
shape_resnet50_SIN_and_IN,boat1-keyboard3.png,boat,keyboard,neither,983,scuba_diver,bottle,0.0004921386134810746,0.0008684725034981966,0.13811886310577393
shape_resnet50_SIN_and_IN,boat1-oven1.png,boat,oven,neither,760,refrigerator,knife,0.0008307545213028789,0.0029473367612808943,0.5529533624649048
shape_resnet50_SIN_and_IN,boat1-truck3.png,boat,truck,neither,760,refrigerator,bottle,0.00011718254245352,0.0003193349111825228,0.8289441466331482
shape_resnet50_SIN_and_IN,boat10-bear3.png,boat,bear,texture,360,otter,bear,5.967134711681865e-06,0.02206423133611679,0.0
shape_resnet50_SIN_and_IN,boat10-cat1.png,boat,cat,texture,274,dhole,cat,0.00012264971155673265,0.011666547507047653,0.0
shape_resnet50_SIN_and_IN,boat10-oven1.png,boat,oven,texture,760,refrigerator,oven,0.00010442136408528313,0.007947190664708614,0.0
shape_resnet50_SIN_and_IN,boat10-truck1.png,boat,truck,shape,711,perfume,boat,0.01588291861116886,0.0012874617241322994,0.0
shape_resnet50_SIN_and_IN,boat2-airplane1.png,boat,airplane,shape,830,stretcher,boat,0.010271735489368439,0.010117221623659134,0.0
shape_resnet50_SIN_and_IN,boat2-bear3.png,boat,bear,texture,360,otter,bear,3.6677872685686452e-06,0.0012354725040495396,0.0
shape_resnet50_SIN_and_IN,boat2-bird1.png,boat,bird,neither,17,jay,bottle,0.0014163703890517354,0.002084688050672412,0.27118778228759766
shape_resnet50_SIN_and_IN,boat2-bottle2.png,boat,bottle,texture,711,perfume,bottle,8.244234095400316e-08,0.0044098603539168835,0.0
shape_resnet50_SIN_and_IN,boat2-keyboard1.png,boat,keyboard,neither,692,packet,bottle,7.915844616945833e-05,0.0005978732369840145,0.1323462724685669
shape_resnet50_SIN_and_IN,boat2-oven3.png,boat,oven,texture,760,refrigerator,oven,5.7397315686102957e-05,0.008582411333918571,0.0
shape_resnet50_SIN_and_IN,boat3-airplane2.png,boat,airplane,neither,760,refrigerator,knife,0.004004310350865126,0.0002802955568768084,0.13856272399425507
shape_resnet50_SIN_and_IN,boat3-bicycle2.png,boat,bicycle,neither,565,freight_car,bottle,8.198027353500947e-05,0.0011874912306666374,0.09359677881002426
shape_resnet50_SIN_and_IN,boat3-car3.png,boat,car,shape,554,fireboat,boat,0.027823854237794876,0.009031099267303944,0.0
shape_resnet50_SIN_and_IN,boat3-cat3.png,boat,cat,texture,282,tiger_cat,cat,6.459174619521946e-05,0.06509073823690414,0.0
shape_resnet50_SIN_and_IN,boat3-chair3.png,boat,chair,shape,477,carpenter's_kit,boat,0.003923931159079075,0.0032228792551904917,0.0
shape_resnet50_SIN_and_IN,boat3-clock3.png,boat,clock,texture,868,tray,clock,7.346966594923288e-05,0.007204179186373949,0.0
shape_resnet50_SIN_and_IN,boat3-dog3.png,boat,dog,neither,276,hyena,bear,4.793530752067454e-05,0.0019523890223354101,0.3015293776988983
shape_resnet50_SIN_and_IN,boat3-keyboard2.png,boat,keyboard,neither,592,hard_disc,car,0.0004428757820278406,0.0018766833236441016,0.1903517097234726
shape_resnet50_SIN_and_IN,boat4-bicycle3.png,boat,bicycle,neither,791,shopping_cart,bottle,5.185385816730559e-06,0.00017275364371016622,0.388336181640625
shape_resnet50_SIN_and_IN,boat4-bird1.png,boat,bird,neither,17,jay,bottle,7.323610770981759e-05,0.00633974326774478,0.19121335446834564
shape_resnet50_SIN_and_IN,boat4-bottle2.png,boat,bottle,texture,711,perfume,bottle,2.5923813495865033e-07,0.07004471868276596,0.0
shape_resnet50_SIN_and_IN,boat4-car3.png,boat,car,neither,917,comic_book,truck,0.0016640210524201393,0.009932680986821651,0.2405063658952713
shape_resnet50_SIN_and_IN,boat4-chair2.png,boat,chair,neither,441,beer_glass,bottle,3.5206048778491095e-05,0.00013970138388685882,0.3648379147052765
shape_resnet50_SIN_and_IN,boat4-dog2.png,boat,dog,neither,794,shower_curtain,bottle,8.826357952784747e-05,0.0017176771070808172,0.12410133332014084
shape_resnet50_SIN_and_IN,boat4-elephant2.png,boat,elephant,texture,386,African_elephant,elephant,3.2841483061929466e-06,0.43890446424484253,0.0
shape_resnet50_SIN_and_IN,boat4-knife2.png,boat,knife,texture,893,wallet,knife,0.00033606504439376295,0.004527618642896414,0.0
shape_resnet50_SIN_and_IN,boat5-airplane1.png,boat,airplane,texture,895,warplane,airplane,0.0007739904685877264,0.0057846419513225555,0.0
shape_resnet50_SIN_and_IN,boat5-bicycle3.png,boat,bicycle,neither,791,shopping_cart,bottle,4.6426190237980336e-05,0.0010632917983457446,0.1918022185564041
shape_resnet50_SIN_and_IN,boat5-car3.png,boat,car,neither,791,shopping_cart,truck,0.0021872667130082846,0.00372418318875134,0.1838451474905014
shape_resnet50_SIN_and_IN,boat5-clock3.png,boat,clock,texture,591,handkerchief,clock,7.24156343494542e-05,0.004053034819662571,0.0
shape_resnet50_SIN_and_IN,boat5-knife2.png,boat,knife,texture,565,freight_car,knife,0.0002904063439927995,0.0039137182757258415,0.0
shape_resnet50_SIN_and_IN,boat6-airplane2.png,boat,airplane,shape,450,bobsled,boat,0.03317589685320854,0.0005970306810922921,0.0
shape_resnet50_SIN_and_IN,boat6-bear1.png,boat,bear,neither,286,cougar,cat,2.557311290729558e-06,0.002548217074945569,0.31169557571411133
shape_resnet50_SIN_and_IN,boat6-bicycle2.png,boat,bicycle,neither,898,water_bottle,bottle,0.00011903468111995608,0.004059518687427044,0.10327034443616867
shape_resnet50_SIN_and_IN,boat6-bottle2.png,boat,bottle,texture,711,perfume,bottle,4.035992517970044e-08,0.0028557211626321077,0.0
shape_resnet50_SIN_and_IN,boat6-car1.png,boat,car,shape,696,paintbrush,boat,0.00648209685459733,6.250396836549044e-05,0.0
shape_resnet50_SIN_and_IN,boat6-cat1.png,boat,cat,neither,218,Welsh_springer_spaniel,dog,6.995570583967492e-05,0.002501601120457053,0.22175437211990356
shape_resnet50_SIN_and_IN,boat6-clock2.png,boat,clock,neither,786,sewing_machine,bottle,0.0009462448069825768,0.0014277518494054675,0.07346328347921371
shape_resnet50_SIN_and_IN,boat6-dog1.png,boat,dog,texture,216,clumber,dog,1.5988272934919223e-05,0.007603134494274855,0.0
shape_resnet50_SIN_and_IN,boat6-elephant2.png,boat,elephant,texture,386,African_elephant,elephant,9.782348570297472e-06,0.3663184344768524,0.0
shape_resnet50_SIN_and_IN,boat6-knife2.png,boat,knife,texture,549,envelope,knife,0.00016079063061624765,0.014555171132087708,0.0
shape_resnet50_SIN_and_IN,boat6-truck3.png,boat,truck,texture,760,refrigerator,truck,0.0005777591140940785,0.0009303016122430563,0.0
shape_resnet50_SIN_and_IN,boat7-bottle1.png,boat,bottle,neither,865,toyshop,chair,3.7169811548665166e-06,0.0006071183015592396,0.48880064487457275
shape_resnet50_SIN_and_IN,boat7-cat3.png,boat,cat,texture,371,patas,cat,6.6592401708476245e-06,0.002564256312325597,0.0
shape_resnet50_SIN_and_IN,boat7-chair1.png,boat,chair,neither,876,tub,bottle,6.972211122047156e-05,0.003156635444611311,0.12968480587005615
shape_resnet50_SIN_and_IN,boat7-clock3.png,boat,clock,texture,868,tray,clock,0.00010886516247410327,0.014955412596464157,0.0
shape_resnet50_SIN_and_IN,boat7-elephant3.png,boat,elephant,texture,386,African_elephant,elephant,1.0004254363593645e-05,0.2964973449707031,0.0
shape_resnet50_SIN_and_IN,boat7-keyboard3.png,boat,keyboard,neither,664,monitor,bottle,2.147804480046034e-05,0.0006224984535947442,0.101639024913311
shape_resnet50_SIN_and_IN,boat7-oven3.png,boat,oven,texture,760,refrigerator,oven,4.13392081100028e-05,0.002904981840401888,0.0
shape_resnet50_SIN_and_IN,boat7-truck2.png,boat,truck,neither,770,running_shoe,bottle,0.0002675537543836981,0.001191017683595419,0.10032359510660172
shape_resnet50_SIN_and_IN,boat8-bird2.png,boat,bird,neither,394,sturgeon,bottle,0.0001302453165408224,0.00045798710198141634,0.5646615028381348
shape_resnet50_SIN_and_IN,boat8-bottle1.png,boat,bottle,texture,440,beer_bottle,bottle,2.8834849672421115e-06,0.044027455151081085,0.0
shape_resnet50_SIN_and_IN,boat8-dog3.png,boat,dog,texture,207,golden_retriever,dog,5.090881677460857e-05,0.007508437614887953,0.0
shape_resnet50_SIN_and_IN,boat8-elephant1.png,boat,elephant,texture,386,African_elephant,elephant,2.2738697225577198e-05,0.14470529556274414,0.0
shape_resnet50_SIN_and_IN,boat8-knife1.png,boat,knife,neither,898,water_bottle,bottle,1.5409776096930727e-05,0.0009884426835924387,0.17256076633930206
shape_resnet50_SIN_and_IN,boat8-oven1.png,boat,oven,shape,895,warplane,boat,0.009412351064383984,1.9982711819466203e-05,0.0
shape_resnet50_SIN_and_IN,boat8-truck2.png,boat,truck,neither,791,shopping_cart,car,0.0010236205998808146,0.00825297087430954,0.13838006556034088
shape_resnet50_SIN_and_IN,boat9-airplane2.png,boat,airplane,neither,830,stretcher,knife,0.001594598637893796,0.0027168041560798883,0.07605412602424622
shape_resnet50_SIN_and_IN,boat9-bear3.png,boat,bear,texture,76,tarantula,bear,0.00014157098485156894,0.0017820295179262757,0.0
shape_resnet50_SIN_and_IN,boat9-bird1.png,boat,bird,neither,669,mosquito_net,bottle,0.00010600313544273376,0.00035971312900073826,0.49839815497398376
shape_resnet50_SIN_and_IN,boat9-cat3.png,boat,cat,texture,277,red_fox,cat,3.649776408565231e-05,0.004930088762193918,0.0
shape_resnet50_SIN_and_IN,boat9-chair2.png,boat,chair,shape,724,pirate,boat,0.002584469271823764,0.0013524189125746489,0.0
shape_resnet50_SIN_and_IN,boat9-clock1.png,boat,clock,texture,565,freight_car,clock,9.476570266997442e-05,0.00637848163023591,0.0
shape_resnet50_SIN_and_IN,boat9-dog2.png,boat,dog,neither,76,tarantula,bottle,8.398589125135913e-05,0.0016038860194385052,0.08905353397130966
shape_resnet50_SIN_and_IN,boat9-keyboard2.png,boat,keyboard,neither,760,refrigerator,bottle,0.00020132237114012241,0.0013832993572577834,0.23115083575248718
shape_resnet50_SIN_and_IN,boat9-knife2.png,boat,knife,texture,467,butcher_shop,knife,0.00029446242842823267,0.02874426729977131,0.0
shape_resnet50_SIN_and_IN,bottle1-bear1.png,bottle,bear,texture,299,meerkat,bear,0.0001032763029797934,0.0008951842319220304,0.0
shape_resnet50_SIN_and_IN,bottle1-bird3.png,bottle,bird,shape,794,shower_curtain,bottle,0.0016321149887517095,8.199512376450002e-05,0.0
shape_resnet50_SIN_and_IN,bottle1-car1.png,bottle,car,shape,971,bubble,bottle,0.008263932541012764,9.430771569896024e-06,0.0
shape_resnet50_SIN_and_IN,bottle1-cat3.png,bottle,cat,shape,299,meerkat,bottle,0.007166577968746424,0.001234104041941464,0.0
shape_resnet50_SIN_and_IN,bottle1-chair2.png,bottle,chair,neither,711,perfume,oven,0.0019001576583832502,0.0010006572119891644,0.3796209990978241
shape_resnet50_SIN_and_IN,bottle1-clock1.png,bottle,clock,shape,898,water_bottle,bottle,0.028524672612547874,0.005019905511289835,0.0
shape_resnet50_SIN_and_IN,bottle1-dog2.png,bottle,dog,texture,299,meerkat,dog,0.0005903583369217813,0.0032780542969703674,0.0
shape_resnet50_SIN_and_IN,bottle1-keyboard3.png,bottle,keyboard,shape,756,rain_barrel,bottle,0.013220084831118584,1.7786856915336102e-05,0.0
shape_resnet50_SIN_and_IN,bottle10-bear2.png,bottle,bear,texture,296,ice_bear,bear,0.00030845822766423225,0.23139391839504242,0.0
shape_resnet50_SIN_and_IN,bottle10-boat3.png,bottle,boat,shape,737,pop_bottle,bottle,0.10173390060663223,9.484217116551008e-06,0.0
shape_resnet50_SIN_and_IN,bottle10-car1.png,bottle,car,shape,898,water_bottle,bottle,0.07932038605213165,9.77949548541801e-06,0.0
shape_resnet50_SIN_and_IN,bottle10-clock2.png,bottle,clock,shape,907,wine_bottle,bottle,0.03880215063691139,0.013650684617459774,0.0
shape_resnet50_SIN_and_IN,bottle10-dog1.png,bottle,dog,neither,299,meerkat,bear,3.997368548880331e-05,6.112403207225725e-05,0.739766538143158
shape_resnet50_SIN_and_IN,bottle10-truck3.png,bottle,truck,shape,898,water_bottle,bottle,0.08431725203990936,4.5500375563278794e-05,0.0
shape_resnet50_SIN_and_IN,bottle2-car2.png,bottle,car,shape,898,water_bottle,bottle,0.018081998452544212,4.8093468649312854e-05,0.0
shape_resnet50_SIN_and_IN,bottle2-chair3.png,bottle,chair,texture,648,medicine_chest,chair,0.001538413460366428,0.0027646315284073353,0.0
shape_resnet50_SIN_and_IN,bottle2-clock1.png,bottle,clock,texture,592,hard_disc,clock,0.018248675391077995,0.033735353499650955,0.0
shape_resnet50_SIN_and_IN,bottle2-elephant1.png,bottle,elephant,texture,386,African_elephant,elephant,0.0005761054344475269,0.22879262268543243,0.0
shape_resnet50_SIN_and_IN,bottle2-knife3.png,bottle,knife,shape,899,water_jug,bottle,0.05806497111916542,0.0011376102920621634,0.0
shape_resnet50_SIN_and_IN,bottle3-airplane2.png,bottle,airplane,shape,760,refrigerator,bottle,0.04288243502378464,0.00016715898527763784,0.0
shape_resnet50_SIN_and_IN,bottle3-bear2.png,bottle,bear,texture,296,ice_bear,bear,0.0002917870006058365,0.12299515306949615,0.0
shape_resnet50_SIN_and_IN,bottle3-bicycle3.png,bottle,bicycle,shape,509,confectionery,bottle,0.022600499913096428,3.075434506172314e-05,0.0
shape_resnet50_SIN_and_IN,bottle3-bird1.png,bottle,bird,shape,898,water_bottle,bottle,0.04536142200231552,0.0006069946102797985,0.0
shape_resnet50_SIN_and_IN,bottle3-boat3.png,bottle,boat,shape,737,pop_bottle,bottle,0.10360272973775864,2.917129677371122e-05,0.0
shape_resnet50_SIN_and_IN,bottle3-cat3.png,bottle,cat,texture,299,meerkat,cat,0.0003710926102939993,0.0046549513936042786,0.0
shape_resnet50_SIN_and_IN,bottle3-chair3.png,bottle,chair,texture,920,traffic_light,chair,0.0009832587093114853,0.0024273355957120657,0.0
shape_resnet50_SIN_and_IN,bottle3-knife3.png,bottle,knife,shape,794,shower_curtain,bottle,0.010389392264187336,0.0005586904007941484,0.0
shape_resnet50_SIN_and_IN,bottle4-airplane1.png,bottle,airplane,neither,892,wall_clock,clock,0.00021578105224762112,0.00013486358511727303,0.11180717498064041
shape_resnet50_SIN_and_IN,bottle4-bicycle1.png,bottle,bicycle,shape,898,water_bottle,bottle,0.07116318494081497,0.001375049352645874,0.0
shape_resnet50_SIN_and_IN,bottle4-car3.png,bottle,car,shape,760,refrigerator,bottle,0.0016731347423046827,0.00017787981778383255,0.0
shape_resnet50_SIN_and_IN,bottle4-dog2.png,bottle,dog,shape,299,meerkat,bottle,0.019273683428764343,0.003274282906204462,0.0
shape_resnet50_SIN_and_IN,bottle4-oven2.png,bottle,oven,shape,760,refrigerator,bottle,0.06455451250076294,6.854272942291573e-05,0.0
shape_resnet50_SIN_and_IN,bottle4-truck1.png,bottle,truck,shape,737,pop_bottle,bottle,0.12649303674697876,7.887062565714587e-06,0.0
shape_resnet50_SIN_and_IN,bottle5-airplane1.png,bottle,airplane,neither,895,warplane,clock,0.0012684905668720603,0.0004679559788201004,0.1160300001502037
shape_resnet50_SIN_and_IN,bottle5-bird3.png,bottle,bird,shape,711,perfume,bottle,0.0279072392731905,0.00015320941747631878,0.0
shape_resnet50_SIN_and_IN,bottle5-boat1.png,bottle,boat,shape,711,perfume,bottle,0.003911512438207865,2.4313441826961935e-05,0.0
shape_resnet50_SIN_and_IN,bottle5-cat1.png,bottle,cat,neither,276,hyena,bear,0.0013149612350389361,0.006343195680528879,0.21123795211315155
shape_resnet50_SIN_and_IN,bottle5-chair1.png,bottle,chair,shape,543,dumbbell,bottle,0.010661780834197998,0.0016002377960830927,0.0
shape_resnet50_SIN_and_IN,bottle5-clock3.png,bottle,clock,texture,464,buckle,clock,0.00074175646295771,0.00574793666601181,0.0
shape_resnet50_SIN_and_IN,bottle5-elephant1.png,bottle,elephant,texture,386,African_elephant,elephant,0.0009606382227502763,0.22512395679950714,0.0
shape_resnet50_SIN_and_IN,bottle5-keyboard2.png,bottle,keyboard,shape,760,refrigerator,bottle,0.011353813111782074,0.0007285156170837581,0.0
shape_resnet50_SIN_and_IN,bottle5-knife1.png,bottle,knife,shape,711,perfume,bottle,0.018170440569519997,0.00012024234456475824,0.0
shape_resnet50_SIN_and_IN,bottle5-oven2.png,bottle,oven,shape,760,refrigerator,bottle,0.015097985975444317,0.0004298948624636978,0.0
shape_resnet50_SIN_and_IN,bottle5-truck1.png,bottle,truck,shape,711,perfume,bottle,0.022696878761053085,2.8449501769500785e-05,0.0
shape_resnet50_SIN_and_IN,bottle6-airplane1.png,bottle,airplane,neither,647,measuring_cup,clock,0.002707201521843672,0.001523869694210589,0.07512934505939484
shape_resnet50_SIN_and_IN,bottle6-bear2.png,bottle,bear,texture,296,ice_bear,bear,0.00023886155395302922,0.21776419878005981,0.0
shape_resnet50_SIN_and_IN,bottle6-bicycle3.png,bottle,bicycle,shape,711,perfume,bottle,0.015782741829752922,1.1980722774751484e-05,0.0
shape_resnet50_SIN_and_IN,bottle6-bird1.png,bottle,bird,shape,898,water_bottle,bottle,0.065850630402565,0.0020249669905751944,0.0
shape_resnet50_SIN_and_IN,bottle6-boat3.png,bottle,boat,shape,438,beaker,bottle,0.042107414454221725,1.3508341908163857e-05,0.0
shape_resnet50_SIN_and_IN,bottle6-chair2.png,bottle,chair,shape,711,perfume,bottle,0.009349084459245205,0.0021665149834007025,0.0
shape_resnet50_SIN_and_IN,bottle6-dog3.png,bottle,dog,texture,219,cocker_spaniel,dog,6.734905764460564e-05,0.008130686357617378,0.0
shape_resnet50_SIN_and_IN,bottle6-knife3.png,bottle,knife,shape,550,espresso_maker,bottle,0.025411996990442276,0.0003873519890476018,0.0
shape_resnet50_SIN_and_IN,bottle6-oven3.png,bottle,oven,shape,760,refrigerator,bottle,0.0005802816594950855,0.00010738652781583369,0.0
shape_resnet50_SIN_and_IN,bottle7-airplane3.png,bottle,airplane,shape,794,shower_curtain,bottle,0.001330171013250947,1.593795786902774e-05,0.0
shape_resnet50_SIN_and_IN,bottle7-bear1.png,bottle,bear,neither,299,meerkat,cat,8.309848635690287e-05,0.006768342107534409,0.5095495581626892
shape_resnet50_SIN_and_IN,bottle7-boat3.png,bottle,boat,shape,711,perfume,bottle,0.009143425151705742,0.0002965818566735834,0.0
shape_resnet50_SIN_and_IN,bottle7-cat2.png,bottle,cat,texture,299,meerkat,cat,1.5219921806419734e-05,0.019886305555701256,0.0
shape_resnet50_SIN_and_IN,bottle7-clock1.png,bottle,clock,texture,892,wall_clock,clock,0.0033789288718253374,0.12331485748291016,0.0
shape_resnet50_SIN_and_IN,bottle7-elephant2.png,bottle,elephant,texture,386,African_elephant,elephant,0.000814887520391494,0.3997248113155365,0.0
shape_resnet50_SIN_and_IN,bottle7-keyboard2.png,bottle,keyboard,shape,534,dishwasher,bottle,0.003084880765527487,0.00047372153494507074,0.0
shape_resnet50_SIN_and_IN,bottle7-oven2.png,bottle,oven,shape,898,water_bottle,bottle,0.11203175783157349,1.921747298183618e-06,0.0
shape_resnet50_SIN_and_IN,bottle7-truck2.png,bottle,truck,shape,711,perfume,bottle,0.024950768798589706,0.0002467013255227357,0.0
shape_resnet50_SIN_and_IN,bottle8-bicycle1.png,bottle,bicycle,shape,737,pop_bottle,bottle,0.12865294516086578,1.9717523173312657e-05,0.0
shape_resnet50_SIN_and_IN,bottle8-bird1.png,bottle,bird,shape,898,water_bottle,bottle,0.10740258544683456,8.787867409409955e-05,0.0
shape_resnet50_SIN_and_IN,bottle8-dog2.png,bottle,dog,shape,212,English_setter,bottle,0.02847469225525856,0.005074171349406242,0.0
shape_resnet50_SIN_and_IN,bottle8-elephant3.png,bottle,elephant,texture,386,African_elephant,elephant,0.0005417654756456614,0.20263879001140594,0.0
shape_resnet50_SIN_and_IN,bottle8-keyboard3.png,bottle,keyboard,shape,773,saltshaker,bottle,0.011010250076651573,0.0002625372144393623,0.0
shape_resnet50_SIN_and_IN,bottle8-knife1.png,bottle,knife,shape,898,water_bottle,bottle,0.10778875648975372,2.1424435544759035e-05,0.0
shape_resnet50_SIN_and_IN,bottle9-bicycle1.png,bottle,bicycle,shape,898,water_bottle,bottle,0.04931848496198654,7.471373464795761e-06,0.0
shape_resnet50_SIN_and_IN,bottle9-car3.png,bottle,car,shape,711,perfume,bottle,0.0234355591237545,9.100151510210708e-05,0.0
shape_resnet50_SIN_and_IN,bottle9-cat2.png,bottle,cat,texture,287,lynx,cat,0.0009297101059928536,0.006041552405804396,0.0
shape_resnet50_SIN_and_IN,bottle9-elephant2.png,bottle,elephant,texture,385,Indian_elephant,elephant,0.0010289527708664536,0.34664952754974365,0.0
shape_resnet50_SIN_and_IN,bottle9-keyboard1.png,bottle,keyboard,shape,626,lighter,bottle,0.004954937379807234,0.000886020774487406,0.0
shape_resnet50_SIN_and_IN,bottle9-oven2.png,bottle,oven,shape,760,refrigerator,bottle,0.026968400925397873,0.0011377541813999414,0.0
shape_resnet50_SIN_and_IN,bottle9-truck1.png,bottle,truck,shape,898,water_bottle,bottle,0.12545914947986603,4.8103374865604565e-06,0.0
shape_resnet50_SIN_and_IN,car1-airplane1.png,car,airplane,neither,895,warplane,truck,0.0036514252424240112,0.0015834399964660406,0.2276366502046585
shape_resnet50_SIN_and_IN,car1-chair3.png,car,chair,shape,471,cannon,car,0.001451760996133089,0.0002665606152731925,0.0
shape_resnet50_SIN_and_IN,car1-clock2.png,car,clock,shape,670,motor_scooter,car,0.004424243699759245,0.0015362794511020184,0.0
shape_resnet50_SIN_and_IN,car1-dog2.png,car,dog,neither,76,tarantula,bottle,4.524011455941945e-05,0.001092677703127265,0.05160273239016533
shape_resnet50_SIN_and_IN,car1-keyboard2.png,car,keyboard,neither,686,oil_filter,bottle,0.0031326727475970984,0.010215417481958866,0.0963703915476799
shape_resnet50_SIN_and_IN,car1-oven3.png,car,oven,neither,897,washer,truck,0.0014648443320766091,0.00029701858875341713,0.4513799846172333
shape_resnet50_SIN_and_IN,car10-bicycle2.png,car,bicycle,shape,791,shopping_cart,car,0.02028323896229267,0.0014422796666622162,0.0
shape_resnet50_SIN_and_IN,car10-bottle3.png,car,bottle,texture,737,pop_bottle,bottle,0.0005343450466170907,0.0989721491932869,0.0
shape_resnet50_SIN_and_IN,car10-chair1.png,car,chair,shape,511,convertible,car,0.1358850598335266,0.0005693073035217822,0.0
shape_resnet50_SIN_and_IN,car10-dog1.png,car,dog,neither,299,meerkat,bottle,7.580118108307943e-05,0.0018621525960043073,0.13255374133586884
shape_resnet50_SIN_and_IN,car10-elephant2.png,car,elephant,texture,386,African_elephant,elephant,1.3860189937986434e-06,0.4584874212741852,0.0
shape_resnet50_SIN_and_IN,car10-keyboard2.png,car,keyboard,neither,760,refrigerator,bottle,0.0006114821298979223,0.0022793770767748356,0.19024458527565002
shape_resnet50_SIN_and_IN,car2-bird3.png,car,bird,neither,314,cockroach,oven,0.00025532100698910654,0.0008145938627421856,0.08070339262485504
shape_resnet50_SIN_and_IN,car2-cat3.png,car,cat,texture,382,squirrel_monkey,cat,3.303428820800036e-05,0.021787814795970917,0.0
shape_resnet50_SIN_and_IN,car2-chair1.png,car,chair,shape,511,convertible,car,0.23932470381259918,4.106319465790875e-05,0.0
shape_resnet50_SIN_and_IN,car2-knife3.png,car,knife,neither,535,disk_brake,bottle,0.00016187518485821784,0.0014940900728106499,0.24594640731811523
shape_resnet50_SIN_and_IN,car3-airplane3.png,car,airplane,shape,817,sports_car,car,0.18974606692790985,0.0016004842473194003,0.0
shape_resnet50_SIN_and_IN,car3-bird2.png,car,bird,texture,391,coho,bird,0.004299334716051817,0.0047884052619338036,0.0
shape_resnet50_SIN_and_IN,car3-boat1.png,car,boat,shape,817,sports_car,car,0.12054304033517838,0.012258541770279408,0.0
shape_resnet50_SIN_and_IN,car3-bottle3.png,car,bottle,texture,737,pop_bottle,bottle,9.855094162958267e-08,0.1404617726802826,0.0
shape_resnet50_SIN_and_IN,car3-dog2.png,car,dog,neither,76,tarantula,cat,0.00033994103432632983,0.0017361021600663662,0.0332225076854229
shape_resnet50_SIN_and_IN,car3-elephant3.png,car,elephant,texture,386,African_elephant,elephant,0.0008014070917852223,0.14006657898426056,0.0
shape_resnet50_SIN_and_IN,car3-oven3.png,car,oven,texture,760,refrigerator,oven,0.00015948004147503525,0.001814113580621779,0.0
shape_resnet50_SIN_and_IN,car3-truck1.png,car,truck,shape,817,sports_car,car,0.16217376291751862,0.0019894323777407408,0.0
shape_resnet50_SIN_and_IN,car4-bear3.png,car,bear,texture,360,otter,bear,6.916475285834167e-07,0.0015687445411458611,0.0
shape_resnet50_SIN_and_IN,car4-bicycle3.png,car,bicycle,neither,791,shopping_cart,chair,0.000366709049558267,8.017824438866228e-05,0.3054763674736023
shape_resnet50_SIN_and_IN,car4-bird1.png,car,bird,neither,728,plastic_bag,bottle,1.8542488760431297e-05,0.0005125808529555798,0.579364001750946
shape_resnet50_SIN_and_IN,car4-boat1.png,car,boat,texture,536,dock,boat,0.0008702402119524777,0.009335687384009361,0.0
shape_resnet50_SIN_and_IN,car4-bottle1.png,car,bottle,texture,455,bottlecap,bottle,2.825050614774227e-06,0.009734509512782097,0.0
shape_resnet50_SIN_and_IN,car4-cat3.png,car,cat,texture,382,squirrel_monkey,cat,2.9780645149912743e-07,0.008604994975030422,0.0
shape_resnet50_SIN_and_IN,car4-clock1.png,car,clock,texture,748,purse,clock,0.0011415081098675728,0.001748143695294857,0.0
shape_resnet50_SIN_and_IN,car4-elephant3.png,car,elephant,texture,69,trilobite,elephant,1.0190206921834033e-05,0.0057790447026491165,0.0
shape_resnet50_SIN_and_IN,car4-oven2.png,car,oven,texture,745,projector,oven,0.0008433398324996233,0.011320295743644238,0.0
shape_resnet50_SIN_and_IN,car5-airplane3.png,car,airplane,shape,817,sports_car,car,0.10279250890016556,0.001283549820072949,0.0
shape_resnet50_SIN_and_IN,car5-bear3.png,car,bear,texture,360,otter,bear,6.51392838335596e-06,0.006856080144643784,0.0
shape_resnet50_SIN_and_IN,car5-bottle1.png,car,bottle,neither,455,bottlecap,keyboard,7.806548819644377e-05,0.0018786080181598663,0.536145031452179
shape_resnet50_SIN_and_IN,car5-cat1.png,car,cat,texture,355,llama,cat,7.960780203575268e-05,0.005468005780130625,0.0
shape_resnet50_SIN_and_IN,car5-keyboard3.png,car,keyboard,neither,518,crash_helmet,bottle,0.0004681916907429695,0.0002944043662864715,0.09696390479803085
shape_resnet50_SIN_and_IN,car5-knife2.png,car,knife,neither,864,tow_truck,truck,0.01923011615872383,0.00017705625214148313,0.12057515233755112
shape_resnet50_SIN_and_IN,car5-oven2.png,car,oven,neither,717,pickup,truck,0.016004685312509537,0.002710650209337473,0.1190650463104248
shape_resnet50_SIN_and_IN,car5-truck3.png,car,truck,shape,468,cab,car,0.04213332757353783,0.026149511337280273,0.0
shape_resnet50_SIN_and_IN,car6-bear1.png,car,bear,neither,343,warthog,cat,2.181294576075743e-06,0.0007501451764255762,0.16369152069091797
shape_resnet50_SIN_and_IN,car6-bicycle3.png,car,bicycle,shape,479,car_wheel,car,0.007246520835906267,0.0009986236691474915,0.0
shape_resnet50_SIN_and_IN,car6-boat1.png,car,boat,texture,536,dock,boat,0.008450720459222794,0.011037634685635567,0.0
shape_resnet50_SIN_and_IN,car6-bottle1.png,car,bottle,neither,865,toyshop,clock,2.730688038354856e-06,0.000559477019123733,0.6974446177482605
shape_resnet50_SIN_and_IN,car6-chair3.png,car,chair,shape,866,tractor,car,0.006475919391959906,0.0014975713565945625,0.0
shape_resnet50_SIN_and_IN,car6-elephant3.png,car,elephant,texture,51,triceratops,elephant,2.2886406441102736e-06,0.11360625177621841,0.0
shape_resnet50_SIN_and_IN,car6-knife1.png,car,knife,neither,867,trailer_truck,truck,0.005615610163658857,0.0002697528398130089,0.2551487982273102
shape_resnet50_SIN_and_IN,car6-truck3.png,car,truck,texture,760,refrigerator,truck,0.0008321361965499818,0.01464599184691906,0.0
shape_resnet50_SIN_and_IN,car7-airplane2.png,car,airplane,shape,450,bobsled,car,0.011875077150762081,0.00026785387308336794,0.0
shape_resnet50_SIN_and_IN,car7-bear1.png,car,bear,texture,360,otter,bear,3.897161604982102e-06,0.02837809920310974,0.0
shape_resnet50_SIN_and_IN,car7-bird3.png,car,bird,neither,760,refrigerator,knife,0.00039289394044317305,6.328848394332454e-05,0.1327030062675476
shape_resnet50_SIN_and_IN,car7-boat3.png,car,boat,neither,760,refrigerator,truck,0.0014301324263215065,0.0021109669469296932,0.3100507855415344
shape_resnet50_SIN_and_IN,car7-clock1.png,car,clock,texture,826,stopwatch,clock,0.0015658927150070667,0.037077825516462326,0.0
shape_resnet50_SIN_and_IN,car7-dog3.png,car,dog,texture,212,English_setter,dog,6.404685336747207e-06,0.007231059018522501,0.0
shape_resnet50_SIN_and_IN,car7-elephant3.png,car,elephant,texture,386,African_elephant,elephant,4.024116424261592e-05,0.1365075558423996,0.0
shape_resnet50_SIN_and_IN,car7-keyboard3.png,car,keyboard,shape,882,vacuum,car,0.012637156993150711,0.000890050083398819,0.0
shape_resnet50_SIN_and_IN,car7-oven2.png,car,oven,neither,760,refrigerator,truck,0.0020436502527445555,0.0036968919448554516,0.41492897272109985
shape_resnet50_SIN_and_IN,car8-airplane3.png,car,airplane,shape,606,iron,car,0.019151117652654648,0.008025161921977997,0.0
shape_resnet50_SIN_and_IN,car8-bear1.png,car,bear,texture,342,wild_boar,bear,1.961527004823438e-06,0.010974189266562462,0.0
shape_resnet50_SIN_and_IN,car8-bicycle2.png,car,bicycle,shape,751,racer,car,0.09866615384817123,0.0011321303900331259,0.0
shape_resnet50_SIN_and_IN,car8-boat3.png,car,boat,shape,408,amphibian,car,0.042426157742738724,0.000945417326875031,0.0
shape_resnet50_SIN_and_IN,car8-cat1.png,car,cat,texture,276,hyena,cat,1.4775636373087764e-05,0.032916758209466934,0.0
shape_resnet50_SIN_and_IN,car8-chair1.png,car,chair,shape,511,convertible,car,0.28084734082221985,0.00012617622269317508,0.0
shape_resnet50_SIN_and_IN,car8-clock2.png,car,clock,shape,817,sports_car,car,0.26747867465019226,7.229179755086079e-05,0.0
shape_resnet50_SIN_and_IN,car8-dog1.png,car,dog,texture,298,mongoose,dog,5.306246293912409e-06,0.0029961091931909323,0.0
shape_resnet50_SIN_and_IN,car8-knife2.png,car,knife,shape,408,amphibian,car,0.0045183333568274975,0.0016444037901237607,0.0
shape_resnet50_SIN_and_IN,car8-truck3.png,car,truck,texture,717,pickup,truck,0.014841961674392223,0.06266748160123825,0.0
shape_resnet50_SIN_and_IN,car9-bicycle2.png,car,bicycle,shape,511,convertible,car,0.14096243679523468,0.000539662258233875,0.0
shape_resnet50_SIN_and_IN,car9-bird1.png,car,bird,neither,696,paintbrush,bear,0.00010163748083868995,0.002083039376884699,0.08675605803728104
shape_resnet50_SIN_and_IN,car9-cat1.png,car,cat,texture,215,Brittany_spaniel,cat,4.6251475396275055e-06,0.007039448246359825,0.0
shape_resnet50_SIN_and_IN,car9-clock2.png,car,clock,shape,817,sports_car,car,0.051780227571725845,0.004229456651955843,0.0
shape_resnet50_SIN_and_IN,car9-keyboard2.png,car,keyboard,neither,622,lens_cap,bottle,0.00040821198490448296,0.0011317909229546785,0.17556267976760864
shape_resnet50_SIN_and_IN,car9-knife1.png,car,knife,neither,609,jeep,truck,0.0072346278466284275,0.00016947431140579283,0.1359216272830963
shape_resnet50_SIN_and_IN,car9-truck3.png,car,truck,texture,468,cab,truck,0.02522735856473446,0.03014853037893772,0.0
shape_resnet50_SIN_and_IN,cat1-airplane1.png,cat,airplane,neither,643,mask,clock,0.003928006161004305,0.0007445341907441616,0.11591537296772003
shape_resnet50_SIN_and_IN,cat1-bird1.png,cat,bird,shape,728,plastic_bag,cat,0.012989025563001633,0.0004254617088008672,0.0
shape_resnet50_SIN_and_IN,cat1-boat1.png,cat,boat,neither,711,perfume,bottle,2.6186911782133393e-05,0.00045834184857085347,0.21171317994594574
shape_resnet50_SIN_and_IN,cat1-car2.png,cat,car,neither,788,shoe_shop,bottle,0.00012073496327502653,6.558231689268723e-05,0.21312670409679413
shape_resnet50_SIN_and_IN,cat1-chair2.png,cat,chair,texture,765,rocking_chair,chair,4.994716800865717e-05,0.08538798987865448,0.0
shape_resnet50_SIN_and_IN,cat1-dog1.png,cat,dog,shape,182,Border_terrier,cat,0.014055997133255005,0.002657699165865779,0.0
shape_resnet50_SIN_and_IN,cat1-keyboard3.png,cat,keyboard,neither,473,can_opener,bottle,0.0019780059810727835,0.00129505037330091,0.12787188589572906
shape_resnet50_SIN_and_IN,cat1-oven1.png,cat,oven,shape,742,printer,cat,0.026538146659731865,0.0015986072830855846,0.0
shape_resnet50_SIN_and_IN,cat10-airplane3.png,cat,airplane,neither,895,warplane,bottle,0.00012019107089145109,0.0018121108878403902,0.3275369107723236
shape_resnet50_SIN_and_IN,cat10-bear1.png,cat,bear,texture,294,brown_bear,bear,0.0028744658920913935,0.1208992525935173,0.0
shape_resnet50_SIN_and_IN,cat10-bicycle1.png,cat,bicycle,texture,412,ashcan,bicycle,4.2198520532110706e-05,0.0023762877099215984,0.0
shape_resnet50_SIN_and_IN,cat10-bird2.png,cat,bird,shape,283,Persian_cat,cat,0.138437882065773,4.783606345881708e-05,0.0
shape_resnet50_SIN_and_IN,cat10-bottle1.png,cat,bottle,neither,788,shoe_shop,clock,2.638635123730637e-06,0.000908668793272227,0.6614428162574768
shape_resnet50_SIN_and_IN,cat10-clock1.png,cat,clock,texture,748,purse,clock,0.00010779532749438658,0.009780975989997387,0.0
shape_resnet50_SIN_and_IN,cat10-elephant3.png,cat,elephant,texture,386,African_elephant,elephant,0.0027749279979616404,0.12646916508674622,0.0
shape_resnet50_SIN_and_IN,cat10-keyboard1.png,cat,keyboard,texture,783,screw,keyboard,2.4197588572860695e-05,0.007681094575673342,0.0
shape_resnet50_SIN_and_IN,cat10-oven2.png,cat,oven,neither,534,dishwasher,truck,8.416855962423142e-06,0.0012287513818591833,0.40814971923828125
shape_resnet50_SIN_and_IN,cat2-boat2.png,cat,boat,neither,865,toyshop,clock,0.00014312304847408086,0.0006219657370820642,0.11532660573720932
shape_resnet50_SIN_and_IN,cat2-bottle3.png,cat,bottle,texture,794,shower_curtain,bottle,0.00039318623021245003,0.014123717322945595,0.0
shape_resnet50_SIN_and_IN,cat2-car3.png,cat,car,neither,760,refrigerator,bottle,0.0004482098447624594,0.00010496861068531871,0.34026607871055603
shape_resnet50_SIN_and_IN,cat2-elephant1.png,cat,elephant,shape,283,Persian_cat,cat,0.14606860280036926,0.0014983497094362974,0.0
shape_resnet50_SIN_and_IN,cat2-knife3.png,cat,knife,neither,784,screwdriver,bottle,4.059806451550685e-05,0.0005817824858240783,0.18275977671146393
shape_resnet50_SIN_and_IN,cat2-truck3.png,cat,truck,neither,760,refrigerator,bottle,9.038565622176975e-06,2.267432864755392e-05,0.7413389682769775
shape_resnet50_SIN_and_IN,cat3-bear2.png,cat,bear,texture,296,ice_bear,bear,0.008245754987001419,0.17940813302993774,0.0
shape_resnet50_SIN_and_IN,cat3-bicycle1.png,cat,bicycle,shape,518,crash_helmet,cat,0.0036661659833043814,0.0036019606050103903,0.0
shape_resnet50_SIN_and_IN,cat3-elephant2.png,cat,elephant,texture,386,African_elephant,elephant,0.001525034080259502,0.36404407024383545,0.0
shape_resnet50_SIN_and_IN,cat3-oven2.png,cat,oven,neither,534,dishwasher,truck,4.710273969976697e-06,0.00034229957964271307,0.6483902931213379
shape_resnet50_SIN_and_IN,cat3-truck3.png,cat,truck,neither,534,dishwasher,keyboard,5.1492901548044756e-05,0.0013191578909754753,0.16986849904060364
shape_resnet50_SIN_and_IN,cat4-airplane1.png,cat,airplane,neither,685,odometer,clock,8.66349000716582e-06,0.0013756739208474755,0.1396312713623047
shape_resnet50_SIN_and_IN,cat4-bird2.png,cat,bird,shape,728,plastic_bag,cat,0.009525573812425137,0.00018384163558948785,0.0
shape_resnet50_SIN_and_IN,cat4-car2.png,cat,car,neither,917,comic_book,boat,1.812381924537476e-05,0.00010213589848717675,0.7032962441444397
shape_resnet50_SIN_and_IN,cat4-chair2.png,cat,chair,texture,438,beaker,chair,1.3190576282795519e-05,0.0040536546148359776,0.0
shape_resnet50_SIN_and_IN,cat4-clock2.png,cat,clock,texture,786,sewing_machine,clock,3.894729525200091e-05,0.039780039340257645,0.0
shape_resnet50_SIN_and_IN,cat4-dog3.png,cat,dog,texture,202,soft-coated_wheaten_terrier,dog,0.0012156077427789569,0.007887251675128937,0.0
shape_resnet50_SIN_and_IN,cat4-keyboard2.png,cat,keyboard,texture,435,bathtub,keyboard,0.00024344211851712316,0.00160575145855546,0.0
shape_resnet50_SIN_and_IN,cat4-knife1.png,cat,knife,neither,691,oxygen_mask,bottle,5.78288636461366e-05,0.00026149608311243355,0.25325238704681396
shape_resnet50_SIN_and_IN,cat4-oven1.png,cat,oven,texture,713,photocopier,oven,0.00011444286064943299,0.0006556158768944442,0.0
shape_resnet50_SIN_and_IN,cat4-truck3.png,cat,truck,texture,760,refrigerator,truck,2.8760923669324256e-06,0.0019157790811732411,0.0
shape_resnet50_SIN_and_IN,cat5-airplane2.png,cat,airplane,neither,802,snowmobile,car,9.028020031109918e-06,0.0003474194963928312,0.7734912037849426
shape_resnet50_SIN_and_IN,cat5-bear2.png,cat,bear,texture,700,paper_towel,bear,0.015528406947851181,0.03493744507431984,0.0
shape_resnet50_SIN_and_IN,cat5-bicycle3.png,cat,bicycle,shape,509,confectionery,cat,0.028283193707466125,3.5940589441452175e-05,0.0
shape_resnet50_SIN_and_IN,cat5-boat1.png,cat,boat,texture,760,refrigerator,boat,5.27710908500012e-05,0.0013132102321833372,0.0
shape_resnet50_SIN_and_IN,cat5-bottle1.png,cat,bottle,neither,865,toyshop,clock,3.7951813283143565e-06,0.000872474571224302,0.5343863368034363
shape_resnet50_SIN_and_IN,cat5-car2.png,cat,car,neither,692,packet,bottle,0.0013673766516149044,4.330836600274779e-05,0.07181885838508606
shape_resnet50_SIN_and_IN,cat5-chair3.png,cat,chair,neither,51,triceratops,elephant,9.582746315572876e-06,0.0020859860815107822,0.323763370513916
shape_resnet50_SIN_and_IN,cat5-dog3.png,cat,dog,shape,284,Siamese_cat,cat,0.048632699996232986,0.0017716859001666307,0.0
shape_resnet50_SIN_and_IN,cat5-elephant2.png,cat,elephant,texture,386,African_elephant,elephant,0.0007251165807247162,0.3162763714790344,0.0
shape_resnet50_SIN_and_IN,cat5-keyboard3.png,cat,keyboard,shape,438,beaker,cat,0.0070162583142519,0.0016088702250272036,0.0
shape_resnet50_SIN_and_IN,cat5-knife2.png,cat,knife,texture,760,refrigerator,knife,0.002242665272206068,0.020993035286664963,0.0
shape_resnet50_SIN_and_IN,cat6-bear1.png,cat,bear,shape,299,meerkat,cat,0.024121597409248352,0.0014175450196489692,0.0
shape_resnet50_SIN_and_IN,cat6-chair3.png,cat,chair,texture,876,tub,chair,2.281722663610708e-05,0.0051283156499266624,0.0
shape_resnet50_SIN_and_IN,cat6-clock3.png,cat,clock,neither,861,toilet_seat,bottle,0.00011951578926527873,0.003210449358448386,0.10499811172485352
shape_resnet50_SIN_and_IN,cat6-keyboard3.png,cat,keyboard,neither,876,tub,bottle,0.00247562094591558,0.0008874173508957028,0.0901818722486496
shape_resnet50_SIN_and_IN,cat6-oven1.png,cat,oven,neither,742,printer,keyboard,0.00017683120677247643,0.00026016903575509787,0.36529219150543213
shape_resnet50_SIN_and_IN,cat7-airplane2.png,cat,airplane,neither,895,warplane,knife,2.4468683477607556e-05,0.00046521477634087205,0.12557122111320496
shape_resnet50_SIN_and_IN,cat7-boat3.png,cat,boat,neither,865,toyshop,bottle,2.001059147005435e-05,0.0002930845657829195,0.23578378558158875
shape_resnet50_SIN_and_IN,cat7-bottle1.png,cat,bottle,neither,788,shoe_shop,clock,9.673402928456198e-06,0.001405441085807979,0.4290555715560913
shape_resnet50_SIN_and_IN,cat7-clock3.png,cat,clock,neither,61,boa_constrictor,bottle,6.93734036758542e-05,0.002060686005279422,0.1904321312904358
shape_resnet50_SIN_and_IN,cat7-dog3.png,cat,dog,shape,282,tiger_cat,cat,0.03644726797938347,0.002085689455270767,0.0
shape_resnet50_SIN_and_IN,cat7-elephant1.png,cat,elephant,texture,363,armadillo,elephant,0.0003748144954442978,0.05930560082197189,0.0
shape_resnet50_SIN_and_IN,cat7-knife2.png,cat,knife,texture,784,screwdriver,knife,5.0643528084037825e-05,0.1227879747748375,0.0
shape_resnet50_SIN_and_IN,cat7-truck2.png,cat,truck,texture,760,refrigerator,truck,5.033074921811931e-05,0.013277399353682995,0.0
shape_resnet50_SIN_and_IN,cat8-bear1.png,cat,bear,texture,294,brown_bear,bear,0.005260845646262169,0.09909795224666595,0.0
shape_resnet50_SIN_and_IN,cat8-bicycle3.png,cat,bicycle,neither,868,tray,bottle,0.00016928394325077534,0.00015531670942436904,0.12991240620613098
shape_resnet50_SIN_and_IN,cat8-bird2.png,cat,bird,shape,728,plastic_bag,cat,0.025938203558325768,6.112521077739075e-05,0.0
shape_resnet50_SIN_and_IN,cat8-car2.png,cat,car,neither,709,pencil_box,bottle,5.018321462557651e-05,2.1258476408547722e-05,0.18531540036201477
shape_resnet50_SIN_and_IN,cat9-bicycle1.png,cat,bicycle,neither,412,ashcan,bottle,3.142216883134097e-05,0.0015035674441605806,0.2181551158428192
shape_resnet50_SIN_and_IN,cat9-bird3.png,cat,bird,shape,876,tub,cat,0.004266770090907812,0.0002942638529930264,0.0
shape_resnet50_SIN_and_IN,cat9-boat2.png,cat,boat,texture,865,toyshop,boat,5.10346180817578e-05,0.004347536712884903,0.0
shape_resnet50_SIN_and_IN,cat9-bottle2.png,cat,bottle,texture,711,perfume,bottle,7.836965743024393e-09,0.012083337642252445,0.0
shape_resnet50_SIN_and_IN,cat9-chair2.png,cat,chair,texture,562,fountain,chair,1.1659969459287822e-05,0.002202446572482586,0.0
shape_resnet50_SIN_and_IN,cat9-clock2.png,cat,clock,neither,849,teapot,bottle,5.3404717618832365e-05,0.0010882187634706497,0.1414116472005844
shape_resnet50_SIN_and_IN,cat9-dog2.png,cat,dog,shape,216,clumber,cat,0.026325346902012825,0.00429221335798502,0.0
shape_resnet50_SIN_and_IN,cat9-knife2.png,cat,knife,neither,760,refrigerator,bottle,3.902734533767216e-05,0.0013388984370976686,0.6571918725967407
shape_resnet50_SIN_and_IN,cat9-truck1.png,cat,truck,neither,711,perfume,bottle,3.2348816603189334e-06,0.00015071546658873558,0.33206871151924133
shape_resnet50_SIN_and_IN,chair1-airplane2.png,chair,airplane,neither,830,stretcher,car,0.0006996188894845545,0.0017597852274775505,0.46277475357055664
shape_resnet50_SIN_and_IN,chair1-bear1.png,chair,bear,neither,299,meerkat,cat,5.143806447449606e-06,5.0739898142637685e-05,0.7774341106414795
shape_resnet50_SIN_and_IN,chair1-cat3.png,chair,cat,texture,371,patas,cat,4.594030178850517e-05,0.00041865286766551435,0.0
shape_resnet50_SIN_and_IN,chair1-clock2.png,chair,clock,texture,570,gasmask,clock,0.0020824980456382036,0.00426011998206377,0.0
shape_resnet50_SIN_and_IN,chair1-dog1.png,chair,dog,neither,299,meerkat,bottle,0.00016740418504923582,0.0003401737776584923,0.5421243906021118
shape_resnet50_SIN_and_IN,chair1-elephant1.png,chair,elephant,texture,386,African_elephant,elephant,0.0005164577742107213,0.09835849702358246,0.0
shape_resnet50_SIN_and_IN,chair1-oven3.png,chair,oven,texture,760,refrigerator,oven,0.00010411145922262222,0.002830268582329154,0.0
shape_resnet50_SIN_and_IN,chair1-truck3.png,chair,truck,neither,550,espresso_maker,bottle,0.0009539792663417757,0.000467597070382908,0.15527130663394928
shape_resnet50_SIN_and_IN,chair10-airplane2.png,chair,airplane,shape,830,stretcher,chair,0.007071802392601967,0.00019644637359306216,0.0
shape_resnet50_SIN_and_IN,chair10-bicycle1.png,chair,bicycle,neither,845,syringe,bottle,0.0005618821014650166,0.006938707083463669,0.09904014319181442
shape_resnet50_SIN_and_IN,chair10-bird3.png,chair,bird,neither,696,paintbrush,knife,0.0006434931419789791,0.00031809561187401414,0.07665807753801346
shape_resnet50_SIN_and_IN,chair10-bottle3.png,chair,bottle,texture,737,pop_bottle,bottle,0.0012740917736664414,0.07882622629404068,0.0
shape_resnet50_SIN_and_IN,chair10-car2.png,chair,car,neither,696,paintbrush,bottle,2.9301769245648757e-05,5.393596438807435e-05,0.41044026613235474
shape_resnet50_SIN_and_IN,chair10-cat1.png,chair,cat,neither,156,Blenheim_spaniel,dog,1.2217364201205783e-05,0.0015223418595269322,0.16367198526859283
shape_resnet50_SIN_and_IN,chair10-clock1.png,chair,clock,texture,861,toilet_seat,clock,0.00030971068190410733,0.012712977826595306,0.0
shape_resnet50_SIN_and_IN,chair10-dog1.png,chair,dog,texture,182,Border_terrier,dog,0.0002480347757227719,0.004373226314783096,0.0
shape_resnet50_SIN_and_IN,chair10-oven1.png,chair,oven,texture,651,microwave,oven,0.0022675725631415844,0.016876254230737686,0.0
shape_resnet50_SIN_and_IN,chair2-bear2.png,chair,bear,texture,299,meerkat,bear,6.041319647920318e-05,0.04970749095082283,0.0
shape_resnet50_SIN_and_IN,chair2-boat1.png,chair,boat,shape,559,folding_chair,chair,0.03436388820409775,0.0004027700051665306,0.0
shape_resnet50_SIN_and_IN,chair2-keyboard2.png,chair,keyboard,neither,760,refrigerator,bottle,0.00033077376428991556,0.0011470613535493612,0.15185867249965668
shape_resnet50_SIN_and_IN,chair2-knife1.png,chair,knife,neither,764,rifle,truck,0.0004717916890513152,0.004257419612258673,0.07622559368610382
shape_resnet50_SIN_and_IN,chair3-airplane2.png,chair,airplane,neither,446,binder,knife,0.0008963671862147748,0.00023482988763134927,0.20148389041423798
shape_resnet50_SIN_and_IN,chair3-bicycle3.png,chair,bicycle,shape,791,shopping_cart,chair,0.01238255575299263,5.238122867012862e-06,0.0
shape_resnet50_SIN_and_IN,chair3-bottle3.png,chair,bottle,texture,737,pop_bottle,bottle,7.344778714468703e-05,0.11590775102376938,0.0
shape_resnet50_SIN_and_IN,chair3-car3.png,chair,car,texture,917,comic_book,car,0.0010022417409345508,0.008478108793497086,0.0
shape_resnet50_SIN_and_IN,chair3-dog2.png,chair,dog,texture,299,meerkat,dog,2.6850782887777314e-05,0.0016616174252703786,0.0
shape_resnet50_SIN_and_IN,chair3-knife1.png,chair,knife,texture,592,hard_disc,knife,0.00021196078159846365,0.005077324341982603,0.0
shape_resnet50_SIN_and_IN,chair4-bear2.png,chair,bear,texture,296,ice_bear,bear,5.625135599984787e-06,0.2177666276693344,0.0
shape_resnet50_SIN_and_IN,chair4-cat2.png,chair,cat,texture,299,meerkat,cat,2.4321223463630304e-05,0.011547084897756577,0.0
shape_resnet50_SIN_and_IN,chair4-keyboard2.png,chair,keyboard,neither,662,modem,bottle,0.00022540270583704114,0.0010035810992121696,0.05739773437380791
shape_resnet50_SIN_and_IN,chair4-oven2.png,chair,oven,neither,760,refrigerator,bottle,0.0014999351697042584,0.0020281439647078514,0.34469732642173767
shape_resnet50_SIN_and_IN,chair4-truck2.png,chair,truck,neither,711,perfume,bottle,0.0008162666927091777,0.00024553813273087144,0.41002172231674194
shape_resnet50_SIN_and_IN,chair5-bicycle1.png,chair,bicycle,neither,791,shopping_cart,bottle,0.00016888075333554298,0.008005683310329914,0.6700354814529419
shape_resnet50_SIN_and_IN,chair5-bird1.png,chair,bird,neither,84,peacock,bottle,4.3754618673119694e-05,0.001153449178673327,0.27259477972984314
shape_resnet50_SIN_and_IN,chair5-boat3.png,chair,boat,shape,562,fountain,chair,0.002366424072533846,6.711568858008832e-05,0.0
shape_resnet50_SIN_and_IN,chair5-bottle3.png,chair,bottle,texture,971,bubble,bottle,0.0006241119117476046,0.052945952862501144,0.0
shape_resnet50_SIN_and_IN,chair5-car1.png,chair,car,neither,865,toyshop,bottle,0.0004580243839882314,0.000418225274188444,0.20450279116630554
shape_resnet50_SIN_and_IN,chair5-cat3.png,chair,cat,texture,1,goldfish,cat,7.714598177699372e-05,0.0042831432074308395,0.0
shape_resnet50_SIN_and_IN,chair5-clock2.png,chair,clock,texture,869,trench_coat,clock,0.0018171812407672405,0.015725119039416313,0.0
shape_resnet50_SIN_and_IN,chair5-keyboard2.png,chair,keyboard,texture,592,hard_disc,keyboard,8.459186210529879e-05,0.0013620136305689812,0.0
shape_resnet50_SIN_and_IN,chair5-knife3.png,chair,knife,texture,473,can_opener,knife,0.0006701141246594489,0.021601680666208267,0.0
shape_resnet50_SIN_and_IN,chair5-oven2.png,chair,oven,shape,423,barber_chair,chair,0.10506429523229599,0.0026432438753545284,0.0
shape_resnet50_SIN_and_IN,chair5-truck3.png,chair,truck,texture,760,refrigerator,truck,0.00040472534601576626,0.0006740828393958509,0.0
shape_resnet50_SIN_and_IN,chair6-bird2.png,chair,bird,neither,728,plastic_bag,bottle,0.0005150230135768652,0.002177146030589938,0.2875370979309082
shape_resnet50_SIN_and_IN,chair6-dog1.png,chair,dog,texture,299,meerkat,dog,8.101513958536088e-05,0.00011274366988800466,0.0
shape_resnet50_SIN_and_IN,chair6-elephant2.png,chair,elephant,texture,385,Indian_elephant,elephant,2.3758002498652786e-06,0.48027536273002625,0.0
shape_resnet50_SIN_and_IN,chair6-truck2.png,chair,truck,neither,791,shopping_cart,bottle,0.00048629354569129646,0.003701217472553253,0.16971994936466217
shape_resnet50_SIN_and_IN,chair7-airplane1.png,chair,airplane,texture,713,photocopier,airplane,7.987166463863105e-05,0.0008440428064204752,0.0
shape_resnet50_SIN_and_IN,chair7-bird1.png,chair,bird,neither,696,paintbrush,bottle,0.0003719983506016433,0.0009957776637747884,0.1252192109823227
shape_resnet50_SIN_and_IN,chair7-boat3.png,chair,boat,shape,791,shopping_cart,chair,0.00032927709980867803,1.6216119547607377e-05,0.0
shape_resnet50_SIN_and_IN,chair7-bottle1.png,chair,bottle,texture,492,chest,bottle,0.009940712712705135,0.017485236749053,0.0
shape_resnet50_SIN_and_IN,chair7-car2.png,chair,car,neither,477,carpenter's_kit,bottle,3.7276190596458036e-06,3.06907131744083e-05,0.5047968626022339
shape_resnet50_SIN_and_IN,chair7-cat1.png,chair,cat,texture,274,dhole,cat,0.0004142201505601406,0.0033878630492836237,0.0
shape_resnet50_SIN_and_IN,chair7-clock3.png,chair,clock,texture,592,hard_disc,clock,0.0004293936362955719,0.015982089564204216,0.0
shape_resnet50_SIN_and_IN,chair7-elephant1.png,chair,elephant,shape,556,fire_screen,chair,0.007306395098567009,0.0013265181332826614,0.0
shape_resnet50_SIN_and_IN,chair7-knife2.png,chair,knife,texture,499,cleaver,knife,0.0015347425360232592,0.4127967655658722,0.0
shape_resnet50_SIN_and_IN,chair7-truck3.png,chair,truck,shape,526,desk,chair,0.015215970575809479,0.0017545507289469242,0.0
shape_resnet50_SIN_and_IN,chair8-airplane1.png,chair,airplane,neither,830,stretcher,truck,0.0006523500196635723,0.00040118853212334216,0.27406877279281616
shape_resnet50_SIN_and_IN,chair8-bear1.png,chair,bear,neither,354,Arabian_camel,bottle,0.00045277949539013207,0.000761696370318532,0.19558928906917572
shape_resnet50_SIN_and_IN,chair8-bicycle3.png,chair,bicycle,shape,868,tray,chair,0.0031882307957857847,7.67341953178402e-06,0.0
shape_resnet50_SIN_and_IN,chair8-boat1.png,chair,boat,neither,760,refrigerator,bottle,0.0036644302308559418,6.542463961523026e-05,0.14429409801959991
shape_resnet50_SIN_and_IN,chair8-car1.png,chair,car,neither,865,toyshop,bottle,0.0006274887709878385,0.0006457893177866936,0.1934974044561386
shape_resnet50_SIN_and_IN,chair8-clock3.png,chair,clock,texture,748,purse,clock,8.140671707224101e-05,0.0007451760466210544,0.0
shape_resnet50_SIN_and_IN,chair8-elephant1.png,chair,elephant,texture,904,window_screen,elephant,0.000131802458781749,0.009352955967187881,0.0
shape_resnet50_SIN_and_IN,chair8-keyboard3.png,chair,keyboard,neither,971,bubble,bottle,2.768697595456615e-05,0.0006257090717554092,0.049532514065504074
shape_resnet50_SIN_and_IN,chair8-knife2.png,chair,knife,neither,696,paintbrush,bottle,0.00045796571066603065,0.006929377093911171,0.30828484892845154
shape_resnet50_SIN_and_IN,chair8-oven1.png,chair,oven,neither,760,refrigerator,bottle,8.388299465877935e-05,6.0569127526832744e-05,0.7890028953552246
shape_resnet50_SIN_and_IN,chair9-bear1.png,chair,bear,texture,299,meerkat,bear,9.606189451005775e-06,0.0026989285834133625,0.0
shape_resnet50_SIN_and_IN,chair9-bicycle3.png,chair,bicycle,neither,509,confectionery,bottle,0.0008436442003585398,4.493776577874087e-05,0.29766717553138733
shape_resnet50_SIN_and_IN,chair9-bird3.png,chair,bird,neither,568,fur_coat,oven,0.0001441945496480912,0.00010164944978896528,0.34414437413215637
shape_resnet50_SIN_and_IN,chair9-boat2.png,chair,boat,texture,830,stretcher,boat,0.0013884329237043858,0.017084386199712753,0.0
shape_resnet50_SIN_and_IN,chair9-bottle3.png,chair,bottle,texture,737,pop_bottle,bottle,4.051761789014563e-05,0.07385086268186569,0.0
shape_resnet50_SIN_and_IN,chair9-dog2.png,chair,dog,texture,215,Brittany_spaniel,dog,0.0003766193985939026,0.005340613424777985,0.0
shape_resnet50_SIN_and_IN,chair9-elephant1.png,chair,elephant,texture,386,African_elephant,elephant,5.249627793091349e-05,0.17728951573371887,0.0
shape_resnet50_SIN_and_IN,chair9-keyboard2.png,chair,keyboard,neither,876,tub,clock,0.0001012389111565426,0.0006621393840759993,0.3491182327270508
shape_resnet50_SIN_and_IN,clock1-bear1.png,clock,bear,neither,286,cougar,cat,5.589093780145049e-05,0.0016779691213741899,0.27838969230651855
shape_resnet50_SIN_and_IN,clock1-boat3.png,clock,boat,shape,879,umbrella,clock,0.02021992765367031,0.0018272452289238572,0.0
shape_resnet50_SIN_and_IN,clock1-car1.png,clock,car,neither,696,paintbrush,bottle,0.0002557621046435088,0.000605516426730901,0.0829164981842041
shape_resnet50_SIN_and_IN,clock1-dog2.png,clock,dog,neither,794,shower_curtain,bottle,0.000364236650057137,0.0013632667250931263,0.117593914270401
shape_resnet50_SIN_and_IN,clock1-elephant2.png,clock,elephant,texture,386,African_elephant,elephant,7.862248025958252e-07,0.4738920331001282,0.0
shape_resnet50_SIN_and_IN,clock1-truck3.png,clock,truck,neither,760,refrigerator,bottle,0.0001536646013846621,0.002098909579217434,0.4074200391769409
shape_resnet50_SIN_and_IN,clock10-airplane1.png,clock,airplane,shape,409,analog_clock,clock,0.14577126502990723,0.0007628598832525313,0.0
shape_resnet50_SIN_and_IN,clock10-bird3.png,clock,bird,neither,966,red_wine,knife,0.00010441698395879939,0.00012301602691877633,0.08235093951225281
shape_resnet50_SIN_and_IN,clock10-boat2.png,clock,boat,shape,865,toyshop,clock,0.02560378611087799,0.002219934482127428,0.0
shape_resnet50_SIN_and_IN,clock10-bottle1.png,clock,bottle,shape,865,toyshop,clock,0.006172750610858202,0.0008122258586809039,0.0
shape_resnet50_SIN_and_IN,clock10-cat1.png,clock,cat,neither,215,Brittany_spaniel,dog,1.2724804037134163e-06,0.00017025094712153077,0.3148564398288727
shape_resnet50_SIN_and_IN,clock10-dog3.png,clock,dog,neither,296,ice_bear,bear,2.015593599935528e-05,0.0038061924278736115,0.17080183327198029
shape_resnet50_SIN_and_IN,clock10-knife3.png,clock,knife,neither,606,iron,bottle,0.00021586821821983904,0.0003027120837941766,0.10130495578050613
shape_resnet50_SIN_and_IN,clock10-oven2.png,clock,oven,neither,534,dishwasher,bottle,0.00022925740631762892,0.00852501392364502,0.3258034288883209
shape_resnet50_SIN_and_IN,clock10-truck2.png,clock,truck,texture,534,dishwasher,truck,0.00021129260130692273,0.021674180403351784,0.0
shape_resnet50_SIN_and_IN,clock2-bear2.png,clock,bear,shape,426,barometer,clock,0.11297392100095749,0.0004365429631434381,0.0
shape_resnet50_SIN_and_IN,clock2-bicycle1.png,clock,bicycle,shape,409,analog_clock,clock,0.20677952468395233,4.7284443098760676e-06,0.0
shape_resnet50_SIN_and_IN,clock2-bottle3.png,clock,bottle,shape,409,analog_clock,clock,0.1966947317123413,0.0001382927584927529,0.0
shape_resnet50_SIN_and_IN,clock2-dog1.png,clock,dog,shape,426,barometer,clock,0.026010772213339806,0.00019618973601609468,0.0
shape_resnet50_SIN_and_IN,clock2-elephant2.png,clock,elephant,shape,426,barometer,clock,0.062163740396499634,0.006402457598596811,0.0
shape_resnet50_SIN_and_IN,clock2-knife1.png,clock,knife,shape,409,analog_clock,clock,0.30896806716918945,2.1188520804571453e-07,0.0
shape_resnet50_SIN_and_IN,clock3-bear3.png,clock,bear,neither,360,otter,elephant,0.0006269887089729309,0.0014333633007481694,0.1426277905702591
shape_resnet50_SIN_and_IN,clock3-bicycle2.png,clock,bicycle,shape,640,manhole_cover,clock,0.00435861898586154,1.5167017409112304e-05,0.0
shape_resnet50_SIN_and_IN,clock3-bird1.png,clock,bird,shape,409,analog_clock,clock,0.17501163482666016,0.0003786751185543835,0.0
shape_resnet50_SIN_and_IN,clock3-car2.png,clock,car,shape,409,analog_clock,clock,0.1379590779542923,0.00012510766100604087,0.0
shape_resnet50_SIN_and_IN,clock3-cat1.png,clock,cat,shape,892,wall_clock,clock,0.13199520111083984,0.005154935177415609,0.0
shape_resnet50_SIN_and_IN,clock3-dog2.png,clock,dog,shape,892,wall_clock,clock,0.05962119624018669,0.0008508850587531924,0.0
shape_resnet50_SIN_and_IN,clock3-elephant3.png,clock,elephant,texture,808,sombrero,elephant,0.012174747884273529,0.033752650022506714,0.0
shape_resnet50_SIN_and_IN,clock3-keyboard3.png,clock,keyboard,shape,551,face_powder,clock,0.02069014124572277,0.00020327723177615553,0.0
shape_resnet50_SIN_and_IN,clock4-airplane1.png,clock,airplane,shape,409,analog_clock,clock,0.2065666913986206,8.433544280705974e-05,0.0
shape_resnet50_SIN_and_IN,clock4-bird3.png,clock,bird,shape,892,wall_clock,clock,0.3167048394680023,3.8916553535273124e-07,0.0
shape_resnet50_SIN_and_IN,clock4-boat3.png,clock,boat,shape,448,birdhouse,clock,0.012155138887465,0.00019027410598937422,0.0
shape_resnet50_SIN_and_IN,clock4-bottle3.png,clock,bottle,shape,835,sundial,clock,0.08655840158462524,0.00013405611389316618,0.0
shape_resnet50_SIN_and_IN,clock4-car2.png,clock,car,shape,635,magnetic_compass,clock,0.044737935066223145,0.00047378125600516796,0.0
shape_resnet50_SIN_and_IN,clock4-chair1.png,clock,chair,neither,520,crib,car,0.011305387131869793,0.00033910825732164085,0.11191928386688232
shape_resnet50_SIN_and_IN,clock4-elephant2.png,clock,elephant,texture,835,sundial,elephant,0.022162510082125664,0.04324083402752876,0.0
shape_resnet50_SIN_and_IN,clock4-knife1.png,clock,knife,shape,835,sundial,clock,0.005173875484615564,1.0949447641905863e-05,0.0
shape_resnet50_SIN_and_IN,clock4-oven1.png,clock,oven,shape,409,analog_clock,clock,0.1398555040359497,0.00022120331414043903,0.0
shape_resnet50_SIN_and_IN,clock5-airplane1.png,clock,airplane,shape,426,barometer,clock,0.05140987038612366,1.2930746379424818e-05,0.0
shape_resnet50_SIN_and_IN,clock5-bicycle1.png,clock,bicycle,shape,635,magnetic_compass,clock,0.03832558915019035,7.895932867540978e-06,0.0
shape_resnet50_SIN_and_IN,clock5-chair3.png,clock,chair,shape,545,electric_fan,clock,0.008487141691148281,0.0008584536262787879,0.0
shape_resnet50_SIN_and_IN,clock5-elephant2.png,clock,elephant,shape,892,wall_clock,clock,0.1101912185549736,0.04376731067895889,0.0
shape_resnet50_SIN_and_IN,clock5-keyboard1.png,clock,keyboard,shape,783,screw,clock,0.026680827140808105,0.00018171322881244123,0.0
shape_resnet50_SIN_and_IN,clock5-oven1.png,clock,oven,shape,892,wall_clock,clock,0.31718435883522034,0.00018143544730264693,0.0
shape_resnet50_SIN_and_IN,clock6-bicycle1.png,clock,bicycle,shape,635,magnetic_compass,clock,0.020946083590388298,8.163457823684439e-05,0.0
shape_resnet50_SIN_and_IN,clock6-bird3.png,clock,bird,shape,892,wall_clock,clock,0.24782609939575195,1.648107536311727e-05,0.0
shape_resnet50_SIN_and_IN,clock6-bottle1.png,clock,bottle,shape,611,jigsaw_puzzle,clock,0.03437528759241104,0.00016947786207310855,0.0
shape_resnet50_SIN_and_IN,clock6-car2.png,clock,car,shape,409,analog_clock,clock,0.11119583994150162,0.00036849730531685054,0.0
shape_resnet50_SIN_and_IN,clock6-chair3.png,clock,chair,shape,646,maze,clock,0.02958609163761139,0.0011889649322256446,0.0
shape_resnet50_SIN_and_IN,clock6-knife2.png,clock,knife,shape,685,odometer,clock,0.08315961807966232,0.00018154554709326476,0.0
shape_resnet50_SIN_and_IN,clock6-oven1.png,clock,oven,texture,897,washer,oven,0.0007016807212494314,0.009370260871946812,0.0
shape_resnet50_SIN_and_IN,clock6-truck3.png,clock,truck,shape,435,bathtub,clock,0.002420283854007721,0.0007078346679918468,0.0
shape_resnet50_SIN_and_IN,clock7-bear2.png,clock,bear,shape,868,tray,clock,0.018928058445453644,0.0027820486575365067,0.0
shape_resnet50_SIN_and_IN,clock7-bicycle1.png,clock,bicycle,shape,892,wall_clock,clock,0.2468123883008957,3.1736194614495616e-06,0.0
shape_resnet50_SIN_and_IN,clock7-boat3.png,clock,boat,shape,868,tray,clock,0.005137233063578606,4.822729351872113e-06,0.0
shape_resnet50_SIN_and_IN,clock7-bottle2.png,clock,bottle,shape,868,tray,clock,0.00465393764898181,0.0019811734091490507,0.0
shape_resnet50_SIN_and_IN,clock7-car1.png,clock,car,shape,790,shopping_basket,clock,0.12884797155857086,0.0005902673583477736,0.0
shape_resnet50_SIN_and_IN,clock7-cat2.png,clock,cat,shape,426,barometer,clock,0.02843504212796688,0.015899287536740303,0.0
shape_resnet50_SIN_and_IN,clock7-dog2.png,clock,dog,shape,892,wall_clock,clock,0.2527323067188263,2.6997489840141498e-05,0.0
shape_resnet50_SIN_and_IN,clock7-keyboard2.png,clock,keyboard,shape,409,analog_clock,clock,0.10716772079467773,0.0004980936646461487,0.0
shape_resnet50_SIN_and_IN,clock7-truck3.png,clock,truck,neither,859,toaster,car,0.0015864912420511246,0.002657832344993949,0.6895767450332642
shape_resnet50_SIN_and_IN,clock8-airplane2.png,clock,airplane,shape,409,analog_clock,clock,0.22778092324733734,0.00050875055603683,0.0
shape_resnet50_SIN_and_IN,clock8-bear2.png,clock,bear,shape,826,stopwatch,clock,0.019677847623825073,0.006288554519414902,0.0
shape_resnet50_SIN_and_IN,clock8-boat1.png,clock,boat,shape,409,analog_clock,clock,0.15303973853588104,0.00022830026864539832,0.0
shape_resnet50_SIN_and_IN,clock8-cat1.png,clock,cat,shape,884,vault,clock,0.00609160540625453,0.0035801527556031942,0.0
shape_resnet50_SIN_and_IN,clock8-chair2.png,clock,chair,shape,711,perfume,clock,0.018889963626861572,0.0017428476130589843,0.0
shape_resnet50_SIN_and_IN,clock8-keyboard1.png,clock,keyboard,shape,826,stopwatch,clock,0.04198697209358215,5.991035868646577e-05,0.0
shape_resnet50_SIN_and_IN,clock8-knife1.png,clock,knife,shape,826,stopwatch,clock,0.0959656611084938,3.4349617635598406e-05,0.0
shape_resnet50_SIN_and_IN,clock8-oven3.png,clock,oven,shape,480,cash_machine,clock,0.010418065823614597,0.0003419045533519238,0.0
shape_resnet50_SIN_and_IN,clock8-truck2.png,clock,truck,neither,581,grille,car,0.0025054013822227716,0.011044404469430447,0.37505099177360535
shape_resnet50_SIN_and_IN,clock9-airplane1.png,clock,airplane,shape,892,wall_clock,clock,0.17269940674304962,5.704034265363589e-05,0.0
shape_resnet50_SIN_and_IN,clock9-bird2.png,clock,bird,shape,892,wall_clock,clock,0.07345656305551529,0.00012105656787753105,0.0
shape_resnet50_SIN_and_IN,clock9-cat1.png,clock,cat,texture,76,tarantula,cat,0.00026374589651823044,0.011909104883670807,0.0
shape_resnet50_SIN_and_IN,clock9-chair3.png,clock,chair,shape,694,paddlewheel,clock,0.004992869216948748,0.0027933763340115547,0.0
shape_resnet50_SIN_and_IN,clock9-keyboard2.png,clock,keyboard,neither,435,bathtub,bottle,0.0004977572243660688,0.0006142834899947047,0.20776484906673431
shape_resnet50_SIN_and_IN,dog1-airplane3.png,dog,airplane,neither,786,sewing_machine,bottle,8.999252167996019e-05,0.0017444225959479809,0.4732562005519867
shape_resnet50_SIN_and_IN,dog1-bear1.png,dog,bear,shape,208,Labrador_retriever,dog,0.005874808877706528,0.004904734902083874,0.0
shape_resnet50_SIN_and_IN,dog1-bird1.png,dog,bird,shape,222,kuvasz,dog,0.00819710548967123,6.222132651600987e-05,0.0
shape_resnet50_SIN_and_IN,dog1-boat3.png,dog,boat,neither,971,bubble,bottle,8.274389983853325e-06,3.423672751523554e-05,0.4371151030063629
shape_resnet50_SIN_and_IN,dog1-car2.png,dog,car,neither,971,bubble,bottle,4.52934909844771e-06,0.0001533045433461666,0.39301174879074097
shape_resnet50_SIN_and_IN,dog1-cat3.png,dog,cat,shape,216,clumber,dog,0.007726592011749744,7.209790783235803e-05,0.0
shape_resnet50_SIN_and_IN,dog1-chair1.png,dog,chair,neither,711,perfume,bottle,2.6958254238707013e-05,0.000445341516751796,0.15541259944438934
shape_resnet50_SIN_and_IN,dog1-knife3.png,dog,knife,texture,728,plastic_bag,knife,0.00019217132648918778,0.0036426701117306948,0.0
shape_resnet50_SIN_and_IN,dog10-airplane1.png,dog,airplane,neither,403,aircraft_carrier,knife,2.395682349742856e-05,0.0013145197881385684,0.3374749422073364
shape_resnet50_SIN_and_IN,dog10-bicycle1.png,dog,bicycle,neither,917,comic_book,bottle,6.458367715822533e-05,0.00034657184733077884,0.21822024881839752
shape_resnet50_SIN_and_IN,dog10-bottle1.png,dog,bottle,texture,865,toyshop,bottle,8.212627108150627e-06,0.018363535404205322,0.0
shape_resnet50_SIN_and_IN,dog10-car3.png,dog,car,neither,917,comic_book,bottle,5.362796855479246e-06,0.00018561114848125726,0.4703816771507263
shape_resnet50_SIN_and_IN,dog10-clock1.png,dog,clock,texture,549,envelope,clock,4.2337319428042974e-06,0.02881128340959549,0.0
shape_resnet50_SIN_and_IN,dog10-elephant1.png,dog,elephant,texture,344,hippopotamus,elephant,3.0248733310145326e-05,0.07465377449989319,0.0
shape_resnet50_SIN_and_IN,dog10-keyboard2.png,dog,keyboard,texture,592,hard_disc,keyboard,4.002791683888063e-05,0.0037270928733050823,0.0
shape_resnet50_SIN_and_IN,dog10-oven2.png,dog,oven,neither,234,Rottweiler,truck,0.002323262393474579,0.0008944385917857289,0.11118816584348679
shape_resnet50_SIN_and_IN,dog10-truck2.png,dog,truck,texture,791,shopping_cart,truck,3.470628143986687e-05,0.0210342425853014,0.0
shape_resnet50_SIN_and_IN,dog2-airplane2.png,dog,airplane,neither,802,snowmobile,car,6.842763866643509e-08,7.5985022704117e-05,0.8470956683158875
shape_resnet50_SIN_and_IN,dog2-bicycle2.png,dog,bicycle,neither,562,fountain,bottle,0.0005690332618542016,0.0007237308891490102,0.18742145597934723
shape_resnet50_SIN_and_IN,dog2-bottle2.png,dog,bottle,texture,711,perfume,bottle,7.964160886331229e-08,0.007475473452359438,0.0
shape_resnet50_SIN_and_IN,dog2-cat1.png,dog,cat,shape,216,clumber,dog,0.009151780977845192,1.152008394456061e-06,0.0
shape_resnet50_SIN_and_IN,dog2-knife3.png,dog,knife,texture,643,mask,knife,7.258778350660577e-05,0.004969277884811163,0.0
shape_resnet50_SIN_and_IN,dog3-bear3.png,dog,bear,texture,207,golden_retriever,bear,0.005984833464026451,0.022336384281516075,0.0
shape_resnet50_SIN_and_IN,dog3-bird2.png,dog,bird,shape,208,Labrador_retriever,dog,0.0072265747003257275,0.0003296089416835457,0.0
shape_resnet50_SIN_and_IN,dog3-boat1.png,dog,boat,texture,802,snowmobile,boat,1.0978955288010184e-05,0.008173828013241291,0.0
shape_resnet50_SIN_and_IN,dog3-clock1.png,dog,clock,texture,592,hard_disc,clock,2.3822634830139577e-05,0.007848002016544342,0.0
shape_resnet50_SIN_and_IN,dog3-elephant2.png,dog,elephant,texture,386,African_elephant,elephant,3.5181354178348556e-05,0.3732755780220032,0.0
shape_resnet50_SIN_and_IN,dog3-keyboard1.png,dog,keyboard,shape,208,Labrador_retriever,dog,0.0017971929628401995,0.0005911318585276604,0.0
shape_resnet50_SIN_and_IN,dog3-knife3.png,dog,knife,shape,178,Weimaraner,dog,0.0061568934470415115,0.0006014119135215878,0.0
shape_resnet50_SIN_and_IN,dog3-truck2.png,dog,truck,texture,534,dishwasher,truck,1.704294299997855e-05,0.006816997658461332,0.0
shape_resnet50_SIN_and_IN,dog4-airplane3.png,dog,airplane,texture,691,oxygen_mask,airplane,7.4516642598609906e-06,0.0006357546662911773,0.0
shape_resnet50_SIN_and_IN,dog4-bicycle1.png,dog,bicycle,neither,791,shopping_cart,bottle,1.1036627256544307e-05,0.0015899301506578922,0.14204367995262146
shape_resnet50_SIN_and_IN,dog4-bird1.png,dog,bird,neither,296,ice_bear,bear,0.001193698961287737,0.0030886789318174124,0.06976067274808884
shape_resnet50_SIN_and_IN,dog4-bottle2.png,dog,bottle,texture,971,bubble,bottle,2.0867643968358607e-07,0.0014688114169985056,0.0
shape_resnet50_SIN_and_IN,dog4-cat3.png,dog,cat,texture,356,weasel,cat,0.002075375057756901,0.020372377708554268,0.0
shape_resnet50_SIN_and_IN,dog4-chair1.png,dog,chair,neither,760,refrigerator,car,2.6953883207170293e-05,0.0011151335202157497,0.1804652065038681
shape_resnet50_SIN_and_IN,dog4-clock1.png,dog,clock,texture,592,hard_disc,clock,4.541112502920441e-06,0.0013799144653603435,0.0
shape_resnet50_SIN_and_IN,dog4-elephant2.png,dog,elephant,texture,385,Indian_elephant,elephant,1.3258124454296194e-05,0.44239673018455505,0.0
shape_resnet50_SIN_and_IN,dog4-keyboard2.png,dog,keyboard,texture,760,refrigerator,keyboard,0.0006946900393813848,0.0041663022711873055,0.0
shape_resnet50_SIN_and_IN,dog4-oven1.png,dog,oven,texture,713,photocopier,oven,4.9867035158968065e-06,0.0008025531424209476,0.0
shape_resnet50_SIN_and_IN,dog4-truck2.png,dog,truck,texture,711,perfume,truck,1.1868866749864537e-05,0.006608054973185062,0.0
shape_resnet50_SIN_and_IN,dog5-bear3.png,dog,bear,texture,360,otter,bear,0.0003372330975253135,0.006886088754981756,0.0
shape_resnet50_SIN_and_IN,dog5-boat3.png,dog,boat,neither,865,toyshop,bottle,6.5096141952381e-06,0.00035618117544800043,0.4133550822734833
shape_resnet50_SIN_and_IN,dog5-car3.png,dog,car,neither,917,comic_book,bottle,1.1673369044729043e-05,0.0004001534543931484,0.6279855370521545
shape_resnet50_SIN_and_IN,dog5-elephant1.png,dog,elephant,texture,228,komondor,elephant,0.0037988610565662384,0.0758594200015068,0.0
shape_resnet50_SIN_and_IN,dog5-knife2.png,dog,knife,texture,696,paintbrush,knife,8.146148502419237e-06,0.015494091436266899,0.0
shape_resnet50_SIN_and_IN,dog5-oven1.png,dog,oven,texture,760,refrigerator,oven,0.0003273716429248452,0.0009979617316275835,0.0
shape_resnet50_SIN_and_IN,dog5-truck2.png,dog,truck,neither,760,refrigerator,bottle,2.4967417630250566e-05,0.002731611719354987,0.08542351424694061
shape_resnet50_SIN_and_IN,dog6-bicycle1.png,dog,bicycle,neither,412,ashcan,bottle,0.0005871856119483709,0.00047300595906563103,0.06837970018386841
shape_resnet50_SIN_and_IN,dog6-bird1.png,dog,bird,neither,245,French_bulldog,cat,0.003532672766596079,0.0017193383537232876,0.2299846112728119
shape_resnet50_SIN_and_IN,dog6-cat1.png,dog,cat,shape,215,Brittany_spaniel,dog,0.008605760522186756,0.0003926251083612442,0.0
shape_resnet50_SIN_and_IN,dog6-clock1.png,dog,clock,texture,443,bib,clock,2.7283613235340454e-05,0.014133627526462078,0.0
shape_resnet50_SIN_and_IN,dog6-elephant2.png,dog,elephant,texture,386,African_elephant,elephant,9.55759605858475e-06,0.44157934188842773,0.0
shape_resnet50_SIN_and_IN,dog6-truck2.png,dog,truck,texture,555,fire_engine,truck,3.3018273825291544e-05,0.05379980430006981,0.0
shape_resnet50_SIN_and_IN,dog7-bird3.png,dog,bird,shape,215,Brittany_spaniel,dog,0.007528384681791067,0.00015645654639229178,0.0
shape_resnet50_SIN_and_IN,dog7-car2.png,dog,car,neither,788,shoe_shop,bottle,2.033415512414649e-06,0.0001973949692910537,0.40474891662597656
shape_resnet50_SIN_and_IN,dog7-chair2.png,dog,chair,texture,562,fountain,chair,4.103036189917475e-05,0.017264854162931442,0.0
shape_resnet50_SIN_and_IN,dog7-keyboard3.png,dog,keyboard,neither,528,dial_telephone,bottle,8.672336844028905e-05,0.0012435157550498843,0.06949885934591293
shape_resnet50_SIN_and_IN,dog7-knife3.png,dog,knife,shape,164,bluetick,dog,0.00415373221039772,0.003075771266594529,0.0
shape_resnet50_SIN_and_IN,dog7-oven2.png,dog,oven,neither,707,pay-phone,keyboard,5.4060560614743736e-06,0.0010208903113380075,0.31803184747695923
shape_resnet50_SIN_and_IN,dog8-bear3.png,dog,bear,texture,360,otter,bear,0.0007398342713713646,0.02673593908548355,0.0
shape_resnet50_SIN_and_IN,dog8-boat3.png,dog,boat,neither,971,bubble,truck,1.680534660408739e-05,4.911375435767695e-05,0.3058859705924988
shape_resnet50_SIN_and_IN,dog8-bottle2.png,dog,bottle,texture,711,perfume,bottle,2.69236716121668e-06,0.02098759636282921,0.0
shape_resnet50_SIN_and_IN,dog8-chair3.png,dog,chair,neither,691,oxygen_mask,elephant,5.844797124154866e-05,0.0035285460762679577,0.15485025942325592
shape_resnet50_SIN_and_IN,dog8-clock2.png,dog,clock,texture,691,oxygen_mask,clock,3.016314803971909e-05,0.0013624822022393346,0.0
shape_resnet50_SIN_and_IN,dog8-keyboard3.png,dog,keyboard,neither,412,ashcan,bottle,0.00011640763113973662,0.0001408562675351277,0.08762945979833603
shape_resnet50_SIN_and_IN,dog8-oven3.png,dog,oven,neither,707,pay-phone,knife,4.9508321353641804e-06,0.00021933586685918272,0.5073083639144897
shape_resnet50_SIN_and_IN,dog9-airplane3.png,dog,airplane,neither,794,shower_curtain,bottle,5.6249915360240266e-05,4.5426357246469706e-05,0.1380670815706253
shape_resnet50_SIN_and_IN,dog9-bear3.png,dog,bear,texture,294,brown_bear,bear,0.0028175031766295433,0.07131707668304443,0.0
shape_resnet50_SIN_and_IN,dog9-bicycle3.png,dog,bicycle,neither,534,dishwasher,bottle,2.7509284336701967e-05,6.075584678910673e-05,0.13159944117069244
shape_resnet50_SIN_and_IN,dog9-boat1.png,dog,boat,neither,795,ski,bottle,2.399700179012143e-06,0.0002480896655470133,0.2804683744907379
shape_resnet50_SIN_and_IN,dog9-bottle1.png,dog,bottle,neither,611,jigsaw_puzzle,clock,5.454824531625491e-06,0.00010382231266703457,0.6517261862754822
shape_resnet50_SIN_and_IN,dog9-car1.png,dog,car,neither,917,comic_book,boat,7.170450771809556e-06,0.00011514880316099152,0.3279108703136444
shape_resnet50_SIN_and_IN,dog9-cat1.png,dog,cat,shape,213,Irish_setter,dog,0.009027623571455479,3.993528298451565e-05,0.0
shape_resnet50_SIN_and_IN,dog9-chair2.png,dog,chair,texture,711,perfume,chair,2.3922224499983713e-05,0.0259757861495018,0.0
shape_resnet50_SIN_and_IN,elephant1-airplane2.png,elephant,airplane,neither,760,refrigerator,car,0.00017115147784352303,0.00020051955652888864,0.13487839698791504
shape_resnet50_SIN_and_IN,elephant1-bear2.png,elephant,bear,texture,296,ice_bear,bear,0.026344452053308487,0.22180399298667908,0.0
shape_resnet50_SIN_and_IN,elephant1-boat2.png,elephant,boat,neither,865,toyshop,clock,0.0007148829754441977,0.0019745887257158756,0.18409240245819092
shape_resnet50_SIN_and_IN,elephant1-bottle1.png,elephant,bottle,texture,865,toyshop,bottle,0.0007369214436039329,0.004474889487028122,0.0
shape_resnet50_SIN_and_IN,elephant1-car3.png,elephant,car,texture,917,comic_book,car,0.0003721413086168468,0.030713101848959923,0.0
shape_resnet50_SIN_and_IN,elephant1-chair1.png,elephant,chair,neither,861,toilet_seat,car,6.851973739685491e-05,0.003972433507442474,0.09158840030431747
shape_resnet50_SIN_and_IN,elephant1-dog2.png,elephant,dog,texture,212,English_setter,dog,0.00020632563973776996,0.006970937829464674,0.0
shape_resnet50_SIN_and_IN,elephant1-keyboard3.png,elephant,keyboard,neither,876,tub,bottle,5.20385401614476e-05,0.0010736517142504454,0.10836707055568695
shape_resnet50_SIN_and_IN,elephant1-oven2.png,elephant,oven,neither,534,dishwasher,truck,0.0012415205128490925,0.0009262507664971054,0.441914439201355
shape_resnet50_SIN_and_IN,elephant10-bear1.png,elephant,bear,texture,294,brown_bear,bear,0.0008652559481561184,0.21348512172698975,0.0
shape_resnet50_SIN_and_IN,elephant10-keyboard1.png,elephant,keyboard,neither,898,water_bottle,bottle,0.004151447210460901,0.0009182172361761332,0.1442788690328598
shape_resnet50_SIN_and_IN,elephant10-knife3.png,elephant,knife,neither,897,washer,bottle,0.0031615071929991245,0.0017346324166283011,0.13418199121952057
shape_resnet50_SIN_and_IN,elephant2-airplane3.png,elephant,airplane,neither,691,oxygen_mask,bottle,7.678295514779165e-05,0.0010930497664958239,0.20936208963394165
shape_resnet50_SIN_and_IN,elephant2-bear3.png,elephant,bear,texture,294,brown_bear,bear,0.0014298881869763136,0.10673779249191284,0.0
shape_resnet50_SIN_and_IN,elephant2-bird1.png,elephant,bird,neither,728,plastic_bag,bottle,0.0013757182750850916,0.0028864790219813585,0.13754943013191223
shape_resnet50_SIN_and_IN,elephant2-boat1.png,elephant,boat,neither,696,paintbrush,bottle,6.503392796730623e-05,0.00018434975936543196,0.20193278789520264
shape_resnet50_SIN_and_IN,elephant2-bottle3.png,elephant,bottle,texture,737,pop_bottle,bottle,5.2967763622291386e-05,0.11602704972028732,0.0
shape_resnet50_SIN_and_IN,elephant2-cat1.png,elephant,cat,neither,276,hyena,bear,1.636315937503241e-05,0.005777555052191019,0.15534494817256927
shape_resnet50_SIN_and_IN,elephant2-clock1.png,elephant,clock,texture,591,handkerchief,clock,1.6546675396966748e-05,0.00614648824557662,0.0
shape_resnet50_SIN_and_IN,elephant2-keyboard3.png,elephant,keyboard,neither,528,dial_telephone,bottle,0.0004735990078188479,0.00029162413557060063,0.10555843263864517
shape_resnet50_SIN_and_IN,elephant2-truck2.png,elephant,truck,texture,791,shopping_cart,truck,0.00010018604370998219,0.010216636583209038,0.0
shape_resnet50_SIN_and_IN,elephant3-cat2.png,elephant,cat,texture,287,lynx,cat,3.0447111498688173e-07,0.00865072850137949,0.0
shape_resnet50_SIN_and_IN,elephant3-chair1.png,elephant,chair,texture,615,knee_pad,chair,3.9759626815794036e-05,0.014168874360620975,0.0
shape_resnet50_SIN_and_IN,elephant3-keyboard2.png,elephant,keyboard,neither,534,dishwasher,bottle,1.6858910385053605e-05,0.00012806746235582978,0.8377107977867126
shape_resnet50_SIN_and_IN,elephant3-knife1.png,elephant,knife,neither,898,water_bottle,bottle,0.00011759472545236349,0.000537383311893791,0.23870381712913513
shape_resnet50_SIN_and_IN,elephant3-oven1.png,elephant,oven,neither,713,photocopier,bottle,3.4406928079988575e-06,0.00045894368668086827,0.5589903593063354
shape_resnet50_SIN_and_IN,elephant3-truck1.png,elephant,truck,neither,898,water_bottle,bottle,2.2244943465921097e-05,1.2051234079990536e-05,0.2914830148220062
shape_resnet50_SIN_and_IN,elephant4-bicycle2.png,elephant,bicycle,neither,791,shopping_cart,bottle,2.0960214897058904e-05,8.684954809723422e-05,0.37655386328697205
shape_resnet50_SIN_and_IN,elephant4-bird1.png,elephant,bird,shape,17,jay,elephant,0.13394798338413239,0.004074422642588615,0.0
shape_resnet50_SIN_and_IN,elephant4-boat3.png,elephant,boat,shape,728,plastic_bag,elephant,0.010702135041356087,0.00019384028564672917,0.0
shape_resnet50_SIN_and_IN,elephant4-car3.png,elephant,car,neither,917,comic_book,bottle,0.000231174286454916,0.0009269698639400303,0.3010576069355011
shape_resnet50_SIN_and_IN,elephant4-chair3.png,elephant,chair,shape,51,triceratops,elephant,0.015356188639998436,0.0031503764912486076,0.0
shape_resnet50_SIN_and_IN,elephant4-clock3.png,elephant,clock,texture,514,cowboy_boot,clock,7.26104190107435e-05,0.003800534876063466,0.0
shape_resnet50_SIN_and_IN,elephant4-oven1.png,elephant,oven,texture,713,photocopier,oven,0.0004836171865463257,0.0020866363774985075,0.0
shape_resnet50_SIN_and_IN,elephant5-bear2.png,elephant,bear,texture,296,ice_bear,bear,0.11623023450374603,0.11682482808828354,0.0
shape_resnet50_SIN_and_IN,elephant5-bicycle3.png,elephant,bicycle,shape,385,Indian_elephant,elephant,0.06248660758137703,0.00012975757999811321,0.0
shape_resnet50_SIN_and_IN,elephant5-bottle2.png,elephant,bottle,texture,737,pop_bottle,bottle,2.3967326342244633e-05,0.06383486092090607,0.0
shape_resnet50_SIN_and_IN,elephant5-car1.png,elephant,car,neither,971,bubble,bottle,4.301142325857654e-05,0.0001515162002760917,0.4109073877334595
shape_resnet50_SIN_and_IN,elephant5-chair3.png,elephant,chair,texture,423,barber_chair,chair,0.0014373718295246363,0.034051354974508286,0.0
shape_resnet50_SIN_and_IN,elephant5-truck1.png,elephant,truck,neither,971,bubble,bottle,7.210446347016841e-05,4.280413850210607e-05,0.35689350962638855
shape_resnet50_SIN_and_IN,elephant6-bicycle1.png,elephant,bicycle,neither,971,bubble,bottle,0.00020033883629366755,0.0007643194403499365,0.12760721147060394
shape_resnet50_SIN_and_IN,elephant6-bird1.png,elephant,bird,texture,144,pelican,bird,0.0025708882603794336,0.012249882332980633,0.0
shape_resnet50_SIN_and_IN,elephant6-bottle2.png,elephant,bottle,texture,737,pop_bottle,bottle,2.9800835363857914e-06,0.064180389046669,0.0
shape_resnet50_SIN_and_IN,elephant6-car3.png,elephant,car,neither,917,comic_book,truck,0.0008640048326924443,0.0011789115378633142,0.6270362138748169
shape_resnet50_SIN_and_IN,elephant6-cat2.png,elephant,cat,texture,287,lynx,cat,2.4035882233874872e-05,0.0038066140841692686,0.0
shape_resnet50_SIN_and_IN,elephant6-dog2.png,elephant,dog,texture,212,English_setter,dog,4.1686576878419146e-05,0.008440863341093063,0.0
shape_resnet50_SIN_and_IN,elephant6-knife2.png,elephant,knife,shape,760,refrigerator,elephant,0.014790442772209644,0.0011636186391115189,0.0
shape_resnet50_SIN_and_IN,elephant6-oven1.png,elephant,oven,texture,760,refrigerator,oven,1.4334433217300102e-05,0.0017617893172428012,0.0
shape_resnet50_SIN_and_IN,elephant6-truck3.png,elephant,truck,texture,760,refrigerator,truck,0.0014294013381004333,0.012555018998682499,0.0
shape_resnet50_SIN_and_IN,elephant7-airplane3.png,elephant,airplane,neither,691,oxygen_mask,truck,0.00024664541706442833,0.00035052045132033527,0.2510075271129608
shape_resnet50_SIN_and_IN,elephant7-bear3.png,elephant,bear,texture,294,brown_bear,bear,0.0047028157860040665,0.12341984361410141,0.0
shape_resnet50_SIN_and_IN,elephant7-bird1.png,elephant,bird,texture,17,jay,bird,8.71684096637182e-05,0.006491471081972122,0.0
shape_resnet50_SIN_and_IN,elephant7-bottle3.png,elephant,bottle,texture,971,bubble,bottle,0.00014680247113574296,0.04194091632962227,0.0
shape_resnet50_SIN_and_IN,elephant7-car3.png,elephant,car,neither,760,refrigerator,truck,2.0245715859346092e-05,8.834752952679992e-05,0.5178899765014648
shape_resnet50_SIN_and_IN,elephant7-cat1.png,elephant,cat,neither,169,borzoi,dog,4.5814576878910884e-06,0.00044692520168609917,0.2170461118221283
shape_resnet50_SIN_and_IN,elephant7-clock2.png,elephant,clock,texture,861,toilet_seat,clock,4.184990393696353e-05,0.012716476805508137,0.0
shape_resnet50_SIN_and_IN,elephant7-dog1.png,elephant,dog,texture,182,Border_terrier,dog,0.0005652426043525338,0.002982356119900942,0.0
shape_resnet50_SIN_and_IN,elephant7-keyboard3.png,elephant,keyboard,neither,859,toaster,bottle,4.9970731197390705e-05,0.0008783201919868588,0.0716739147901535
shape_resnet50_SIN_and_IN,elephant7-knife2.png,elephant,knife,neither,760,refrigerator,oven,0.00042319641215726733,0.0036423453129827976,0.1888415664434433
shape_resnet50_SIN_and_IN,elephant8-airplane3.png,elephant,airplane,texture,895,warplane,airplane,1.1142928997287527e-05,0.008210747502744198,0.0
shape_resnet50_SIN_and_IN,elephant8-bicycle3.png,elephant,bicycle,shape,509,confectionery,elephant,0.0016672522760927677,5.932813655817881e-05,0.0
shape_resnet50_SIN_and_IN,elephant8-bird2.png,elephant,bird,shape,572,goblet,elephant,0.03101125732064247,0.0022921424824744463,0.0
shape_resnet50_SIN_and_IN,elephant8-boat2.png,elephant,boat,texture,625,lifeboat,boat,0.0002778501366265118,0.03472485393285751,0.0
shape_resnet50_SIN_and_IN,elephant8-cat1.png,elephant,cat,neither,213,Irish_setter,dog,2.2985972464084625e-05,0.0008840474183671176,0.14732672274112701
shape_resnet50_SIN_and_IN,elephant8-clock2.png,elephant,clock,texture,643,mask,clock,2.9003906092839316e-05,0.005181819666177034,0.0
shape_resnet50_SIN_and_IN,elephant8-dog1.png,elephant,dog,texture,299,meerkat,dog,7.91736674727872e-05,0.0026941890828311443,0.0
shape_resnet50_SIN_and_IN,elephant8-knife2.png,elephant,knife,texture,696,paintbrush,knife,0.0017593783559277654,0.012771470472216606,0.0
shape_resnet50_SIN_and_IN,elephant8-oven3.png,elephant,oven,shape,760,refrigerator,elephant,0.037696365267038345,0.0005623509641736746,0.0
shape_resnet50_SIN_and_IN,elephant8-truck3.png,elephant,truck,neither,760,refrigerator,bottle,0.0001340310409432277,0.0005083036376163363,0.5586393475532532
shape_resnet50_SIN_and_IN,elephant9-airplane2.png,elephant,airplane,texture,830,stretcher,airplane,5.714451981475577e-05,0.00660138251259923,0.0
shape_resnet50_SIN_and_IN,elephant9-bicycle2.png,elephant,bicycle,neither,572,goblet,bottle,0.00029601893038488925,0.00020378874614834785,0.2487909197807312
shape_resnet50_SIN_and_IN,elephant9-boat3.png,elephant,boat,shape,562,fountain,elephant,0.006076137535274029,0.002927043242380023,0.0
shape_resnet50_SIN_and_IN,elephant9-chair2.png,elephant,chair,neither,711,perfume,bottle,0.0003427352639846504,0.0012492961250245571,0.20104536414146423
shape_resnet50_SIN_and_IN,elephant9-clock3.png,elephant,clock,texture,861,toilet_seat,clock,0.0003097345761489123,0.010905683040618896,0.0
shape_resnet50_SIN_and_IN,elephant9-dog3.png,elephant,dog,texture,207,golden_retriever,dog,0.00113366125151515,0.006876097992062569,0.0
shape_resnet50_SIN_and_IN,keyboard1-airplane2.png,keyboard,airplane,neither,742,printer,car,0.0015191634884104133,0.0012812433997169137,0.21718724071979523
shape_resnet50_SIN_and_IN,keyboard1-bear2.png,keyboard,bear,texture,360,otter,bear,0.000282605760730803,0.04140283167362213,0.0
shape_resnet50_SIN_and_IN,keyboard1-bird2.png,keyboard,bird,neither,572,goblet,bottle,4.728704152512364e-05,0.0028385708574205637,0.14521341025829315
shape_resnet50_SIN_and_IN,keyboard1-car3.png,keyboard,car,neither,555,fire_engine,truck,0.00015156454173848033,0.0013337706914171576,0.2733132243156433
shape_resnet50_SIN_and_IN,keyboard1-chair2.png,keyboard,chair,neither,711,perfume,bottle,0.0004287865594960749,0.00041261949809268117,0.35437268018722534
shape_resnet50_SIN_and_IN,keyboard1-clock1.png,keyboard,clock,texture,748,purse,clock,0.0003674920881167054,0.0017221163725480437,0.0
shape_resnet50_SIN_and_IN,keyboard1-dog3.png,keyboard,dog,texture,212,English_setter,dog,3.249742803745903e-05,0.006182155106216669,0.0
shape_resnet50_SIN_and_IN,keyboard1-elephant3.png,keyboard,elephant,texture,386,African_elephant,elephant,2.832957761711441e-05,0.09311028569936752,0.0
shape_resnet50_SIN_and_IN,keyboard10-airplane3.png,keyboard,airplane,texture,895,warplane,airplane,0.0026106361765414476,0.002656251657754183,0.0
shape_resnet50_SIN_and_IN,keyboard10-boat2.png,keyboard,boat,texture,625,lifeboat,boat,6.870483048260212e-05,0.15303131937980652,0.0
shape_resnet50_SIN_and_IN,keyboard10-car1.png,keyboard,car,texture,751,racer,car,0.00021697126794606447,0.023025399073958397,0.0
shape_resnet50_SIN_and_IN,keyboard10-oven3.png,keyboard,oven,texture,760,refrigerator,oven,0.0007450603297911584,0.00149363128002733,0.0
shape_resnet50_SIN_and_IN,keyboard10-truck1.png,keyboard,truck,neither,509,confectionery,bottle,0.0002708076499402523,0.0002516290114726871,0.24507398903369904
shape_resnet50_SIN_and_IN,keyboard2-bicycle3.png,keyboard,bicycle,neither,509,confectionery,bottle,9.125827091338579e-06,5.5545657232869416e-05,0.46211981773376465
shape_resnet50_SIN_and_IN,keyboard2-bottle1.png,keyboard,bottle,texture,711,perfume,bottle,0.0001209227048093453,0.004757285118103027,0.0
shape_resnet50_SIN_and_IN,keyboard2-clock1.png,keyboard,clock,texture,892,wall_clock,clock,9.528278314974159e-05,0.0537172369658947,0.0
shape_resnet50_SIN_and_IN,keyboard2-elephant1.png,keyboard,elephant,texture,386,African_elephant,elephant,2.3988473003555555e-06,0.39302998781204224,0.0
shape_resnet50_SIN_and_IN,keyboard2-knife1.png,keyboard,knife,neither,760,refrigerator,bottle,0.00033760094083845615,0.001946164877153933,0.29570436477661133
shape_resnet50_SIN_and_IN,keyboard3-bicycle2.png,keyboard,bicycle,neither,898,water_bottle,bottle,7.2688394539e-06,3.124382783425972e-05,0.6324241757392883
shape_resnet50_SIN_and_IN,keyboard3-bird3.png,keyboard,bird,neither,619,lampshade,knife,5.209182563703507e-05,0.0018442835425958037,0.07291428744792938
shape_resnet50_SIN_and_IN,keyboard3-boat1.png,keyboard,boat,neither,760,refrigerator,bottle,0.00045076553942635655,0.0023916030768305063,0.17683574557304382
shape_resnet50_SIN_and_IN,keyboard3-car2.png,keyboard,car,neither,784,screwdriver,bottle,9.624096855986863e-05,7.899748015915975e-05,0.470377653837204
shape_resnet50_SIN_and_IN,keyboard3-cat1.png,keyboard,cat,neither,169,borzoi,dog,3.9708880649413913e-05,0.003974398132413626,0.19429302215576172
shape_resnet50_SIN_and_IN,keyboard3-clock3.png,keyboard,clock,texture,459,brassiere,clock,4.757450369652361e-05,0.0014435563934966922,0.0
shape_resnet50_SIN_and_IN,keyboard3-elephant2.png,keyboard,elephant,texture,386,African_elephant,elephant,3.387226570339408e-07,0.4572027027606964,0.0
shape_resnet50_SIN_and_IN,keyboard4-bird1.png,keyboard,bird,neither,17,jay,bottle,0.00020172556105535477,0.005478160921484232,0.3822874426841736
shape_resnet50_SIN_and_IN,keyboard4-bottle2.png,keyboard,bottle,texture,711,perfume,bottle,8.659002560307272e-06,0.06909673660993576,0.0
shape_resnet50_SIN_and_IN,keyboard4-cat2.png,keyboard,cat,texture,285,Egyptian_cat,cat,1.451372440897103e-06,0.08050062507390976,0.0
shape_resnet50_SIN_and_IN,keyboard4-clock2.png,keyboard,clock,texture,748,purse,clock,0.00026403318042866886,0.013229566626250744,0.0
shape_resnet50_SIN_and_IN,keyboard4-knife2.png,keyboard,knife,neither,696,paintbrush,bottle,0.0005688215023837984,0.0021671121940016747,0.17367273569107056
shape_resnet50_SIN_and_IN,keyboard4-oven2.png,keyboard,oven,texture,760,refrigerator,oven,0.0040002912282943726,0.0053198267705738544,0.0
shape_resnet50_SIN_and_IN,keyboard4-truck3.png,keyboard,truck,neither,760,refrigerator,bottle,0.0007258590194396675,0.00021264834504108876,0.274818480014801
shape_resnet50_SIN_and_IN,keyboard5-airplane3.png,keyboard,airplane,shape,508,computer_keyboard,keyboard,0.1261337846517563,0.0019047991372644901,0.0
shape_resnet50_SIN_and_IN,keyboard5-bear3.png,keyboard,bear,texture,360,otter,bear,4.5406846766127273e-05,0.003946566954255104,0.0
shape_resnet50_SIN_and_IN,keyboard5-bicycle1.png,keyboard,bicycle,neither,791,shopping_cart,bottle,6.047847637091763e-05,4.4540582166519016e-05,0.9296898245811462
shape_resnet50_SIN_and_IN,keyboard5-bird3.png,keyboard,bird,neither,927,trifle,bottle,0.00016419656458310783,4.73541695100721e-05,0.5346202850341797
shape_resnet50_SIN_and_IN,keyboard5-bottle1.png,keyboard,bottle,texture,711,perfume,bottle,6.049540388630703e-05,0.006829197984188795,0.0
shape_resnet50_SIN_and_IN,keyboard5-cat1.png,keyboard,cat,neither,207,golden_retriever,dog,0.00025310865021310747,0.006324548274278641,0.4779709279537201
shape_resnet50_SIN_and_IN,keyboard5-dog3.png,keyboard,dog,texture,212,English_setter,dog,7.899103366071358e-06,0.005886250175535679,0.0
shape_resnet50_SIN_and_IN,keyboard5-knife2.png,keyboard,knife,neither,907,wine_bottle,bottle,0.00017415359616279602,0.007522843778133392,0.2477836310863495
shape_resnet50_SIN_and_IN,keyboard5-oven2.png,keyboard,oven,shape,760,refrigerator,keyboard,0.0028958520852029324,0.0013482498470693827,0.0
shape_resnet50_SIN_and_IN,keyboard6-bear2.png,keyboard,bear,texture,296,ice_bear,bear,1.3384015801420901e-05,0.11741077899932861,0.0
shape_resnet50_SIN_and_IN,keyboard6-bicycle1.png,keyboard,bicycle,neither,791,shopping_cart,bottle,0.00035079201916232705,0.0004581525572575629,0.41474461555480957
shape_resnet50_SIN_and_IN,keyboard6-boat2.png,keyboard,boat,texture,865,toyshop,boat,0.0009019613498821855,0.015679672360420227,0.0
shape_resnet50_SIN_and_IN,keyboard6-bottle2.png,keyboard,bottle,texture,711,perfume,bottle,3.9052250144777645e-07,0.08916866034269333,0.0
shape_resnet50_SIN_and_IN,keyboard6-car2.png,keyboard,car,neither,784,screwdriver,bottle,0.00010629919415805489,4.9666323320707306e-05,0.35392749309539795
shape_resnet50_SIN_and_IN,keyboard6-chair1.png,keyboard,chair,neither,498,cinema,car,0.0005615625414066017,0.003143221139907837,0.4331224858760834
shape_resnet50_SIN_and_IN,keyboard6-dog2.png,keyboard,dog,texture,212,English_setter,dog,0.00013030314585193992,0.005007173866033554,0.0
shape_resnet50_SIN_and_IN,keyboard6-elephant1.png,keyboard,elephant,texture,386,African_elephant,elephant,4.24872268922627e-05,0.1782689094543457,0.0
shape_resnet50_SIN_and_IN,keyboard6-knife2.png,keyboard,knife,texture,499,cleaver,knife,0.0001734504767227918,0.12054354697465897,0.0
shape_resnet50_SIN_and_IN,keyboard7-bear2.png,keyboard,bear,texture,296,ice_bear,bear,9.244045941159129e-06,0.16039641201496124,0.0
shape_resnet50_SIN_and_IN,keyboard7-boat2.png,keyboard,boat,texture,625,lifeboat,boat,3.295798160252161e-05,0.12101191282272339,0.0
shape_resnet50_SIN_and_IN,keyboard7-bottle1.png,keyboard,bottle,texture,695,padlock,bottle,8.175145921995863e-05,0.037071287631988525,0.0
shape_resnet50_SIN_and_IN,keyboard7-car3.png,keyboard,car,texture,555,fire_engine,car,0.00011116381210740656,0.04470792040228844,0.0
shape_resnet50_SIN_and_IN,keyboard7-chair3.png,keyboard,chair,texture,858,tile_roof,chair,0.0003548773820511997,0.0010273288935422897,0.0
shape_resnet50_SIN_and_IN,keyboard7-clock3.png,keyboard,clock,texture,535,disk_brake,clock,0.00023420003708451986,0.004123453050851822,0.0
shape_resnet50_SIN_and_IN,keyboard7-dog1.png,keyboard,dog,neither,299,meerkat,bear,0.0001627645397093147,0.0018090254161506891,0.2261366844177246
shape_resnet50_SIN_and_IN,keyboard7-knife1.png,keyboard,knife,neither,597,holster,bottle,0.0005083515425212681,0.0004655731318052858,0.6143945455551147
shape_resnet50_SIN_and_IN,keyboard7-oven2.png,keyboard,oven,shape,534,dishwasher,keyboard,0.035572342574596405,0.006642763502895832,0.0
shape_resnet50_SIN_and_IN,keyboard7-truck2.png,keyboard,truck,texture,791,shopping_cart,truck,4.728540807263926e-05,0.02734914794564247,0.0
shape_resnet50_SIN_and_IN,keyboard8-airplane2.png,keyboard,airplane,shape,620,laptop,keyboard,0.04724426567554474,0.00014816959446761757,0.0
shape_resnet50_SIN_and_IN,keyboard8-cat3.png,keyboard,cat,texture,277,red_fox,cat,0.0013763712486252189,0.00693058455362916,0.0
shape_resnet50_SIN_and_IN,keyboard8-chair2.png,keyboard,chair,texture,762,restaurant,chair,3.321307303849608e-05,0.0014789144042879343,0.0
shape_resnet50_SIN_and_IN,keyboard8-dog3.png,keyboard,dog,texture,212,English_setter,dog,2.6743182388599962e-05,0.006755191832780838,0.0
shape_resnet50_SIN_and_IN,keyboard8-oven1.png,keyboard,oven,shape,508,computer_keyboard,keyboard,0.17396444082260132,6.156398012535647e-05,0.0
shape_resnet50_SIN_and_IN,keyboard8-truck3.png,keyboard,truck,shape,664,monitor,keyboard,0.01050878781825304,0.0009288904257118702,0.0
shape_resnet50_SIN_and_IN,keyboard9-airplane3.png,keyboard,airplane,texture,895,warplane,airplane,0.0019849296659231186,0.012772656977176666,0.0
shape_resnet50_SIN_and_IN,keyboard9-bear2.png,keyboard,bear,texture,296,ice_bear,bear,8.35402897791937e-06,0.2454446256160736,0.0
shape_resnet50_SIN_and_IN,keyboard9-bicycle2.png,keyboard,bicycle,neither,791,shopping_cart,bottle,7.92117789387703e-05,0.0014141008723527193,0.12038864940404892
shape_resnet50_SIN_and_IN,keyboard9-bird1.png,keyboard,bird,neither,87,African_grey,bottle,0.0043014045804739,0.005459334701299667,0.16930098831653595
shape_resnet50_SIN_and_IN,keyboard9-boat2.png,keyboard,boat,texture,625,lifeboat,boat,0.0001342426403425634,0.0905037596821785,0.0
shape_resnet50_SIN_and_IN,keyboard9-cat1.png,keyboard,cat,texture,207,golden_retriever,cat,0.000435824622400105,0.01884533278644085,0.0
shape_resnet50_SIN_and_IN,keyboard9-chair2.png,keyboard,chair,neither,876,tub,elephant,0.0003581394557841122,0.0044476971961557865,0.06965667754411697
shape_resnet50_SIN_and_IN,keyboard9-elephant2.png,keyboard,elephant,texture,386,African_elephant,elephant,3.116483071607945e-07,0.4399262070655823,0.0
shape_resnet50_SIN_and_IN,keyboard9-truck3.png,keyboard,truck,shape,742,printer,keyboard,0.016136329621076584,0.000859524414408952,0.0
shape_resnet50_SIN_and_IN,knife1-airplane1.png,knife,airplane,texture,403,aircraft_carrier,airplane,0.0006333166384138167,0.0045366412959992886,0.0
shape_resnet50_SIN_and_IN,knife1-bird2.png,knife,bird,texture,87,African_grey,bird,0.0012294898042455316,0.005266526713967323,0.0
shape_resnet50_SIN_and_IN,knife1-car3.png,knife,car,neither,555,fire_engine,truck,1.9293449440738186e-05,0.01215664017945528,0.6183521151542664
shape_resnet50_SIN_and_IN,knife1-chair1.png,knife,chair,neither,511,convertible,car,5.9734102251240984e-05,0.0008841803064569831,0.42690569162368774
shape_resnet50_SIN_and_IN,knife1-clock2.png,knife,clock,texture,748,purse,clock,0.0001866210950538516,0.015557738952338696,0.0
shape_resnet50_SIN_and_IN,knife1-dog1.png,knife,dog,texture,299,meerkat,dog,1.8494829419068992e-05,0.004078978672623634,0.0
shape_resnet50_SIN_and_IN,knife1-elephant1.png,knife,elephant,texture,386,African_elephant,elephant,2.9547747544711456e-05,0.31510624289512634,0.0
shape_resnet50_SIN_and_IN,knife1-keyboard3.png,knife,keyboard,neither,745,projector,bottle,0.000578447652515024,0.0005432044854387641,0.22831745445728302
shape_resnet50_SIN_and_IN,knife1-oven1.png,knife,oven,shape,713,photocopier,knife,0.0019107444677501917,0.00035649604978971183,0.0
shape_resnet50_SIN_and_IN,knife1-truck2.png,knife,truck,texture,555,fire_engine,truck,0.0003169647534377873,0.020952045917510986,0.0
shape_resnet50_SIN_and_IN,knife10-bear3.png,knife,bear,neither,354,Arabian_camel,elephant,2.5269539037253708e-05,0.011859108693897724,0.14442184567451477
shape_resnet50_SIN_and_IN,knife10-chair1.png,knife,chair,neither,575,golfcart,car,0.00042065244633704424,0.002960372483357787,0.08788035809993744
shape_resnet50_SIN_and_IN,knife10-dog1.png,knife,dog,texture,216,clumber,dog,4.6381133870454505e-05,0.00760636804625392,0.0
shape_resnet50_SIN_and_IN,knife10-elephant3.png,knife,elephant,texture,386,African_elephant,elephant,6.744768938915513e-07,0.4821465015411377,0.0
shape_resnet50_SIN_and_IN,knife10-keyboard3.png,knife,keyboard,shape,876,tub,knife,0.006605284288525581,0.0010977920610457659,0.0
shape_resnet50_SIN_and_IN,knife10-oven3.png,knife,oven,texture,760,refrigerator,oven,0.0010140236699953675,0.0012682030210271478,0.0
shape_resnet50_SIN_and_IN,knife2-bear2.png,knife,bear,texture,296,ice_bear,bear,1.1114128938061185e-05,0.06543352454900742,0.0
shape_resnet50_SIN_and_IN,knife2-bicycle3.png,knife,bicycle,neither,791,shopping_cart,bottle,0.0001274621463380754,0.0002783091622404754,0.45660126209259033
shape_resnet50_SIN_and_IN,knife2-bird1.png,knife,bird,neither,17,jay,bottle,1.8541615645517595e-05,0.0019257942913100123,0.28853046894073486
shape_resnet50_SIN_and_IN,knife2-bottle2.png,knife,bottle,texture,711,perfume,bottle,2.68332314590225e-07,0.007266797125339508,0.0
shape_resnet50_SIN_and_IN,knife2-car3.png,knife,car,texture,555,fire_engine,car,6.0062211559852585e-05,0.04787767305970192,0.0
shape_resnet50_SIN_and_IN,knife2-cat3.png,knife,cat,texture,374,langur,cat,4.5154897634347435e-06,0.0038603823632001877,0.0
shape_resnet50_SIN_and_IN,knife2-dog1.png,knife,dog,texture,216,clumber,dog,1.058625912264688e-05,0.006189754232764244,0.0
shape_resnet50_SIN_and_IN,knife2-elephant2.png,knife,elephant,texture,386,African_elephant,elephant,8.30191947898129e-06,0.3375365436077118,0.0
shape_resnet50_SIN_and_IN,knife2-truck2.png,knife,truck,neither,899,water_jug,bottle,2.841975037881639e-05,0.0020236754789948463,0.3299624025821686
shape_resnet50_SIN_and_IN,knife3-bear2.png,knife,bear,texture,296,ice_bear,bear,6.559738721989561e-06,0.2196321189403534,0.0
shape_resnet50_SIN_and_IN,knife3-cat1.png,knife,cat,texture,562,fountain,cat,3.279544034739956e-05,0.010968457907438278,0.0
shape_resnet50_SIN_and_IN,knife3-clock2.png,knife,clock,neither,868,tray,bottle,7.651386840734631e-05,0.006485475692898035,0.08297747373580933
shape_resnet50_SIN_and_IN,knife3-keyboard3.png,knife,keyboard,neither,749,quill,boat,0.001252484624274075,0.00013644507271237671,0.19989489018917084
shape_resnet50_SIN_and_IN,knife4-airplane3.png,knife,airplane,texture,786,sewing_machine,airplane,2.594205034256447e-05,0.06775641441345215,0.0
shape_resnet50_SIN_and_IN,knife4-bear1.png,knife,bear,neither,299,meerkat,cat,5.6384287745459005e-05,0.012458113953471184,0.08168867230415344
shape_resnet50_SIN_and_IN,knife4-boat1.png,knife,boat,texture,760,refrigerator,boat,9.678462811280042e-05,0.013967406935989857,0.0
shape_resnet50_SIN_and_IN,knife4-car2.png,knife,car,neither,784,screwdriver,bottle,0.00023577292449772358,3.869985448545776e-05,0.2135976105928421
shape_resnet50_SIN_and_IN,knife4-cat2.png,knife,cat,texture,287,lynx,cat,5.417823558673263e-07,0.017475886270403862,0.0
shape_resnet50_SIN_and_IN,knife4-clock3.png,knife,clock,texture,606,iron,clock,7.449263648595661e-05,0.0265834778547287,0.0
shape_resnet50_SIN_and_IN,knife4-keyboard1.png,knife,keyboard,texture,692,packet,keyboard,0.002156438771635294,0.009658539667725563,0.0
shape_resnet50_SIN_and_IN,knife4-oven2.png,knife,oven,texture,760,refrigerator,oven,9.316376963397488e-05,0.01139598898589611,0.0
shape_resnet50_SIN_and_IN,knife5-bicycle2.png,knife,bicycle,neither,534,dishwasher,bottle,2.0730614778585732e-05,0.0011925804428756237,0.2844230830669403
shape_resnet50_SIN_and_IN,knife5-cat2.png,knife,cat,texture,287,lynx,cat,6.726467063344899e-07,0.01989687792956829,0.0
shape_resnet50_SIN_and_IN,knife5-clock1.png,knife,clock,texture,748,purse,clock,0.00014390637807082385,0.006614673882722855,0.0
shape_resnet50_SIN_and_IN,knife5-dog1.png,knife,dog,texture,216,clumber,dog,6.502971518784761e-05,0.006047097500413656,0.0
shape_resnet50_SIN_and_IN,knife5-keyboard3.png,knife,keyboard,neither,534,dishwasher,bottle,0.0004495889297686517,0.001771652838215232,0.22026291489601135
shape_resnet50_SIN_and_IN,knife5-oven2.png,knife,oven,neither,534,dishwasher,bottle,9.290732850786299e-05,0.0006948285736143589,0.4952157437801361
shape_resnet50_SIN_and_IN,knife5-truck3.png,knife,truck,neither,760,refrigerator,bottle,2.7197256713407114e-07,8.358813647646457e-05,0.8130993843078613
shape_resnet50_SIN_and_IN,knife6-airplane1.png,knife,airplane,texture,895,warplane,airplane,0.0006457912968471646,0.006535831373184919,0.0
shape_resnet50_SIN_and_IN,knife6-bicycle1.png,knife,bicycle,neither,791,shopping_cart,bottle,1.5600813640048727e-05,0.0015800088876858354,0.2112036794424057
shape_resnet50_SIN_and_IN,knife6-bird1.png,knife,bird,neither,696,paintbrush,bottle,0.000554281345102936,0.0007513067685067654,0.12548449635505676
shape_resnet50_SIN_and_IN,knife6-boat3.png,knife,boat,neither,509,confectionery,bottle,0.0001278705312870443,0.00012440730642993003,0.19639836251735687
shape_resnet50_SIN_and_IN,knife6-bottle3.png,knife,bottle,texture,737,pop_bottle,bottle,9.143555530499725e-07,0.12452224642038345,0.0
shape_resnet50_SIN_and_IN,knife6-chair3.png,knife,chair,texture,876,tub,chair,1.995746060856618e-05,0.008037137798964977,0.0
shape_resnet50_SIN_and_IN,knife6-clock2.png,knife,clock,texture,861,toilet_seat,clock,4.247953984304331e-05,0.02857690118253231,0.0
shape_resnet50_SIN_and_IN,knife6-dog2.png,knife,dog,texture,212,English_setter,dog,6.072350515751168e-06,0.008711420930922031,0.0
shape_resnet50_SIN_and_IN,knife6-oven3.png,knife,oven,texture,760,refrigerator,oven,0.001066364231519401,0.003208212787285447,0.0
shape_resnet50_SIN_and_IN,knife6-truck1.png,knife,truck,neither,711,perfume,bottle,1.322014327342913e-06,8.752045687288046e-05,0.6216351985931396
shape_resnet50_SIN_and_IN,knife7-airplane3.png,knife,airplane,neither,435,bathtub,car,0.0025682798586785793,0.0001835619768826291,0.12989895045757294
shape_resnet50_SIN_and_IN,knife7-bird3.png,knife,bird,neither,157,papillon,dog,0.0004734121903311461,0.0005851670284755528,0.1288445144891739
shape_resnet50_SIN_and_IN,knife7-boat3.png,knife,boat,texture,971,bubble,boat,2.642358776938636e-05,0.0024762791581451893,0.0
shape_resnet50_SIN_and_IN,knife7-bottle3.png,knife,bottle,texture,737,pop_bottle,bottle,9.177402944260393e-07,0.1316382735967636,0.0
shape_resnet50_SIN_and_IN,knife7-car2.png,knife,car,neither,784,screwdriver,bottle,4.009633994428441e-05,5.946241435594857e-05,0.33373144268989563
shape_resnet50_SIN_and_IN,knife7-chair2.png,knife,chair,neither,762,restaurant,bottle,3.864868631353602e-05,0.0006819957634434104,0.3222241997718811
shape_resnet50_SIN_and_IN,knife7-elephant2.png,knife,elephant,texture,386,African_elephant,elephant,4.029260480820085e-08,0.4876440763473511,0.0
shape_resnet50_SIN_and_IN,knife8-bicycle1.png,knife,bicycle,neither,791,shopping_cart,bottle,7.545548578491434e-05,0.0034222505055367947,0.22268608212471008
shape_resnet50_SIN_and_IN,knife8-boat1.png,knife,boat,texture,536,dock,boat,0.0001437970931874588,0.040495168417692184,0.0
shape_resnet50_SIN_and_IN,knife8-bottle3.png,knife,bottle,texture,737,pop_bottle,bottle,4.1431794670643285e-06,0.12259673327207565,0.0
shape_resnet50_SIN_and_IN,knife8-car2.png,knife,car,neither,709,pencil_box,bottle,0.0003011035732924938,0.00038718004361726344,0.19510693848133087
shape_resnet50_SIN_and_IN,knife8-cat2.png,knife,cat,texture,299,meerkat,cat,3.118461222584301e-08,0.009353666566312313,0.0
shape_resnet50_SIN_and_IN,knife8-truck3.png,knife,truck,neither,898,water_bottle,bottle,3.6207979974278715e-06,0.00312177836894989,0.47052815556526184
shape_resnet50_SIN_and_IN,knife9-airplane2.png,knife,airplane,neither,450,bobsled,boat,0.0002545778115745634,0.0009044252219609916,0.41764479875564575
shape_resnet50_SIN_and_IN,knife9-bear3.png,knife,bear,texture,294,brown_bear,bear,5.064390279585496e-06,0.04505360871553421,0.0
shape_resnet50_SIN_and_IN,knife9-bicycle1.png,knife,bicycle,neither,898,water_bottle,bottle,4.964437903254293e-05,0.001926941447891295,0.1719377338886261
shape_resnet50_SIN_and_IN,knife9-bird1.png,knife,bird,texture,669,mosquito_net,bird,1.6801302990643308e-05,0.0019147262210026383,0.0
shape_resnet50_SIN_and_IN,knife9-boat1.png,knife,boat,texture,696,paintbrush,boat,0.00014460337115451694,0.012441073544323444,0.0
shape_resnet50_SIN_and_IN,knife9-bottle2.png,knife,bottle,texture,711,perfume,bottle,6.244433166102681e-07,0.0075682238675653934,0.0
shape_resnet50_SIN_and_IN,knife9-chair1.png,knife,chair,neither,511,convertible,car,2.1737001588917337e-05,0.0008170004584826529,0.4918249249458313
shape_resnet50_SIN_and_IN,knife9-elephant2.png,knife,elephant,texture,386,African_elephant,elephant,3.0212247565941652e-06,0.4556831419467926,0.0
shape_resnet50_SIN_and_IN,oven1-bird3.png,oven,bird,shape,569,garbage_truck,oven,0.02809552289545536,0.00022444034402724355,0.0
shape_resnet50_SIN_and_IN,oven1-boat3.png,oven,boat,texture,554,fireboat,boat,0.0005806043627671897,0.02542094886302948,0.0
shape_resnet50_SIN_and_IN,oven1-cat1.png,oven,cat,texture,213,Irish_setter,cat,9.474475518800318e-05,0.01610504649579525,0.0
shape_resnet50_SIN_and_IN,oven1-clock3.png,oven,clock,texture,847,tank,clock,0.00407878402620554,0.006188961211591959,0.0
shape_resnet50_SIN_and_IN,oven1-dog3.png,oven,dog,texture,156,Blenheim_spaniel,dog,0.001070525380782783,0.0075079104863107204,0.0
shape_resnet50_SIN_and_IN,oven10-airplane2.png,oven,airplane,shape,742,printer,oven,0.018617579713463783,0.0002634238626342267,0.0
shape_resnet50_SIN_and_IN,oven10-bear1.png,oven,bear,texture,298,mongoose,bear,0.0014306463999673724,0.01164841465651989,0.0
shape_resnet50_SIN_and_IN,oven10-bicycle1.png,oven,bicycle,shape,766,rotisserie,oven,0.48902708292007446,0.00031217082869261503,0.0
shape_resnet50_SIN_and_IN,oven10-boat2.png,oven,boat,shape,865,toyshop,oven,0.07445356994867325,0.0035771713592112064,0.0
shape_resnet50_SIN_and_IN,oven10-cat2.png,oven,cat,texture,287,lynx,cat,2.7881518690264784e-05,0.007653830107301474,0.0
shape_resnet50_SIN_and_IN,oven10-truck2.png,oven,truck,texture,534,dishwasher,truck,0.0059264046140015125,0.026126284152269363,0.0
shape_resnet50_SIN_and_IN,oven2-bear3.png,oven,bear,texture,76,tarantula,bear,3.0695147870574147e-05,0.0023512591142207384,0.0
shape_resnet50_SIN_and_IN,oven2-bicycle1.png,oven,bicycle,neither,406,altar,truck,8.235180575866252e-05,7.30018800823018e-05,0.18084202706813812
shape_resnet50_SIN_and_IN,oven2-bird2.png,oven,bird,shape,412,ashcan,oven,0.004064149223268032,0.00019763187447097152,0.0
shape_resnet50_SIN_and_IN,oven2-boat3.png,oven,boat,neither,915,yurt,truck,3.4535714803496376e-05,4.0911458199843764e-05,0.6237779259681702
shape_resnet50_SIN_and_IN,oven2-bottle1.png,oven,bottle,neither,865,toyshop,clock,4.7483576054219157e-05,0.004482407588511705,0.18965239822864532
shape_resnet50_SIN_and_IN,oven2-car1.png,oven,car,neither,709,pencil_box,bottle,1.0909786396950949e-05,0.00024861597921699286,0.16644786298274994
shape_resnet50_SIN_and_IN,oven2-chair1.png,oven,chair,texture,498,cinema,chair,2.582990055088885e-05,0.010997854173183441,0.0
shape_resnet50_SIN_and_IN,oven2-dog3.png,oven,dog,neither,277,red_fox,truck,0.006301869172602892,0.0007473210571333766,0.2344856560230255
shape_resnet50_SIN_and_IN,oven2-truck3.png,oven,truck,texture,760,refrigerator,truck,0.0010223730932921171,0.0023306470829993486,0.0
shape_resnet50_SIN_and_IN,oven3-airplane1.png,oven,airplane,neither,592,hard_disc,truck,0.0016359093133360147,0.00013265210145618767,0.16577498614788055
shape_resnet50_SIN_and_IN,oven3-bear2.png,oven,bear,texture,296,ice_bear,bear,0.0020337412133812904,0.1430778205394745,0.0
shape_resnet50_SIN_and_IN,oven3-boat3.png,oven,boat,neither,692,packet,chair,0.00049378233961761,4.3893516703974456e-05,0.1284431517124176
shape_resnet50_SIN_and_IN,oven3-bottle3.png,oven,bottle,texture,936,head_cabbage,bottle,0.00015190696285571903,0.013654820621013641,0.0
shape_resnet50_SIN_and_IN,oven3-car2.png,oven,car,neither,477,carpenter's_kit,knife,3.147055394947529e-05,2.7363910703570582e-05,0.45414605736732483
shape_resnet50_SIN_and_IN,oven3-cat2.png,oven,cat,texture,299,meerkat,cat,0.0002497014356777072,0.0061296094208955765,0.0
shape_resnet50_SIN_and_IN,oven3-clock3.png,oven,clock,texture,592,hard_disc,clock,0.00026738454471342266,0.09580156952142715,0.0
shape_resnet50_SIN_and_IN,oven3-elephant3.png,oven,elephant,neither,556,fire_screen,clock,0.0001138125080615282,0.00011744187213480473,0.4333857595920563
shape_resnet50_SIN_and_IN,oven3-knife1.png,oven,knife,neither,760,refrigerator,truck,0.001989564625546336,0.0017256310675293207,0.09393090009689331
shape_resnet50_SIN_and_IN,oven3-truck1.png,oven,truck,shape,859,toaster,oven,0.0031536913011223078,0.0023235681001096964,0.0
shape_resnet50_SIN_and_IN,oven4-bicycle2.png,oven,bicycle,neither,534,dishwasher,bottle,2.9835746317985468e-05,6.408453373296652e-06,0.8336769938468933
shape_resnet50_SIN_and_IN,oven4-bottle2.png,oven,bottle,texture,711,perfume,bottle,6.45363115836517e-07,0.029980111867189407,0.0
shape_resnet50_SIN_and_IN,oven4-car1.png,oven,car,neither,760,refrigerator,knife,0.00010080547508550808,0.00023873972531873733,0.371035099029541
shape_resnet50_SIN_and_IN,oven4-chair1.png,oven,chair,neither,575,golfcart,car,1.0477519936102908e-05,0.043909184634685516,0.18897885084152222
shape_resnet50_SIN_and_IN,oven4-clock2.png,oven,clock,neither,859,toaster,bottle,0.00010005581862060353,0.00100346514955163,0.09523804485797882
shape_resnet50_SIN_and_IN,oven4-dog1.png,oven,dog,neither,299,meerkat,bear,8.999186684377491e-05,0.0006696671480312943,0.39505770802497864
shape_resnet50_SIN_and_IN,oven4-elephant3.png,oven,elephant,texture,500,cliff_dwelling,elephant,0.0004299444262869656,0.008607316762208939,0.0
shape_resnet50_SIN_and_IN,oven4-keyboard3.png,oven,keyboard,neither,711,perfume,bottle,3.965478026657365e-05,0.0006093032425269485,0.07598308473825455
shape_resnet50_SIN_and_IN,oven4-knife2.png,oven,knife,texture,499,cleaver,knife,0.013053150847554207,0.13219796121120453,0.0
shape_resnet50_SIN_and_IN,oven4-truck3.png,oven,truck,shape,760,refrigerator,oven,0.0002687745145522058,0.00012491561938077211,0.0
shape_resnet50_SIN_and_IN,oven5-airplane1.png,oven,airplane,shape,713,photocopier,oven,0.006033198442310095,0.00017820013454183936,0.0
shape_resnet50_SIN_and_IN,oven5-bicycle1.png,oven,bicycle,neither,791,shopping_cart,bottle,0.0001021668576868251,1.4596079381590243e-05,0.6263623833656311
shape_resnet50_SIN_and_IN,oven5-bird1.png,oven,bird,neither,696,paintbrush,bottle,0.00019935208547394723,0.0005659671733155847,0.3553853929042816
shape_resnet50_SIN_and_IN,oven5-bottle3.png,oven,bottle,texture,971,bubble,bottle,4.719184653367847e-05,0.05918017774820328,0.0
shape_resnet50_SIN_and_IN,oven5-dog3.png,oven,dog,neither,355,llama,cat,0.010391674004495144,0.002733156317844987,0.4246542453765869
shape_resnet50_SIN_and_IN,oven5-elephant1.png,oven,elephant,texture,69,trilobite,elephant,0.0006897698040120304,0.019845569506287575,0.0
shape_resnet50_SIN_and_IN,oven5-keyboard2.png,oven,keyboard,neither,760,refrigerator,bottle,0.00044701984734274447,0.0005540244746953249,0.19174028933048248
shape_resnet50_SIN_and_IN,oven6-airplane3.png,oven,airplane,shape,691,oxygen_mask,oven,0.0032988088205456734,9.874238457996398e-05,0.0
shape_resnet50_SIN_and_IN,oven6-bear2.png,oven,bear,texture,299,meerkat,bear,0.00042390168528072536,0.02025885507464409,0.0
shape_resnet50_SIN_and_IN,oven6-bicycle1.png,oven,bicycle,neither,534,dishwasher,clock,0.00026139162946492434,5.066446465207264e-05,0.2629331350326538
shape_resnet50_SIN_and_IN,oven6-bird1.png,oven,bird,neither,728,plastic_bag,bottle,0.0006134703289717436,0.000452861946541816,0.6056525707244873
shape_resnet50_SIN_and_IN,oven6-chair3.png,oven,chair,texture,691,oxygen_mask,chair,0.0015560457250103354,0.0071488949470222,0.0
shape_resnet50_SIN_and_IN,oven6-elephant2.png,oven,elephant,texture,386,African_elephant,elephant,4.922618609271012e-05,0.1925055831670761,0.0
shape_resnet50_SIN_and_IN,oven6-knife3.png,oven,knife,shape,999,toilet_tissue,oven,0.005327324382960796,0.0007970671867951751,0.0
shape_resnet50_SIN_and_IN,oven6-truck1.png,oven,truck,neither,859,toaster,car,0.00025489419931545854,0.0014113166835159063,0.7682813405990601
shape_resnet50_SIN_and_IN,oven7-bottle1.png,oven,bottle,texture,865,toyshop,bottle,1.2163714927737601e-05,0.0009014412062242627,0.0
shape_resnet50_SIN_and_IN,oven7-car3.png,oven,car,neither,555,fire_engine,truck,4.059225830133073e-05,0.003348570317029953,0.08869686722755432
shape_resnet50_SIN_and_IN,oven7-cat1.png,oven,cat,texture,299,meerkat,cat,0.0008355690515600145,0.006368675734847784,0.0
shape_resnet50_SIN_and_IN,oven7-clock2.png,oven,clock,texture,859,toaster,clock,0.00018641080532688648,0.004347032867372036,0.0
shape_resnet50_SIN_and_IN,oven7-dog2.png,oven,dog,neither,76,tarantula,bottle,0.00018639961490407586,0.001325900317169726,0.36672598123550415
shape_resnet50_SIN_and_IN,oven7-elephant1.png,oven,elephant,texture,500,cliff_dwelling,elephant,0.00011353909212630242,0.0713280662894249,0.0
shape_resnet50_SIN_and_IN,oven7-keyboard1.png,oven,keyboard,neither,465,bulletproof_vest,knife,0.0001361039321636781,0.005120377521961927,0.10876738280057907
shape_resnet50_SIN_and_IN,oven8-cat3.png,oven,cat,shape,766,rotisserie,oven,0.09204517304897308,0.0004999357624910772,0.0
shape_resnet50_SIN_and_IN,oven8-chair1.png,oven,chair,neither,575,golfcart,car,2.3245607735589147e-05,0.010214860551059246,0.2847679853439331
shape_resnet50_SIN_and_IN,oven8-keyboard3.png,oven,keyboard,texture,592,hard_disc,keyboard,7.651570194866508e-05,0.009326298721134663,0.0
shape_resnet50_SIN_and_IN,oven8-knife2.png,oven,knife,texture,848,tape_player,knife,0.00827779807150364,0.05711511895060539,0.0
shape_resnet50_SIN_and_IN,oven9-airplane2.png,oven,airplane,neither,742,printer,car,0.0003175339661538601,2.4800387109280564e-05,0.2742674648761749
shape_resnet50_SIN_and_IN,oven9-bear2.png,oven,bear,texture,296,ice_bear,bear,0.0012737996876239777,0.18851225078105927,0.0
shape_resnet50_SIN_and_IN,oven9-bird3.png,oven,bird,shape,766,rotisserie,oven,0.243147611618042,2.1770092644146644e-05,0.0
shape_resnet50_SIN_and_IN,oven9-boat2.png,oven,boat,shape,766,rotisserie,oven,0.6784481406211853,0.009773200377821922,0.0
shape_resnet50_SIN_and_IN,oven9-car2.png,oven,car,neither,477,carpenter's_kit,knife,1.8117962099495344e-05,8.693605195730925e-05,0.732208251953125
shape_resnet50_SIN_and_IN,oven9-chair1.png,oven,chair,neither,575,golfcart,car,5.342355143511668e-05,0.0064162807539105415,0.23482047021389008
shape_resnet50_SIN_and_IN,oven9-clock2.png,oven,clock,neither,848,tape_player,car,0.0007582277175970376,0.002978129545226693,0.34781649708747864
shape_resnet50_SIN_and_IN,oven9-keyboard1.png,oven,keyboard,neither,481,cassette,bottle,0.00019904521468561143,0.0015340137761086226,0.17382298409938812
shape_resnet50_SIN_and_IN,oven9-knife3.png,oven,knife,neither,534,dishwasher,bottle,0.0007437102613039315,0.014016786590218544,0.1059643104672432
shape_resnet50_SIN_and_IN,truck1-bear1.png,truck,bear,neither,286,cougar,cat,9.843890438787639e-05,0.0058473851531744,0.15785129368305206
shape_resnet50_SIN_and_IN,truck1-bicycle3.png,truck,bicycle,shape,791,shopping_cart,truck,0.008340071886777878,0.0001672175421845168,0.0
shape_resnet50_SIN_and_IN,truck1-bird1.png,truck,bird,shape,757,recreational_vehicle,truck,0.02048530988395214,0.0001691049983492121,0.0
shape_resnet50_SIN_and_IN,truck1-car3.png,truck,car,shape,864,tow_truck,truck,0.09797485917806625,0.0006086653447709978,0.0
shape_resnet50_SIN_and_IN,truck1-cat1.png,truck,cat,texture,207,golden_retriever,cat,0.0003529739042278379,0.015811530873179436,0.0
shape_resnet50_SIN_and_IN,truck1-chair2.png,truck,chair,shape,561,forklift,truck,0.028934495523571968,0.0005628663348034024,0.0
shape_resnet50_SIN_and_IN,truck1-clock3.png,truck,clock,shape,569,garbage_truck,truck,0.0545806884765625,0.0009029213688336313,0.0
shape_resnet50_SIN_and_IN,truck1-dog1.png,truck,dog,neither,76,tarantula,chair,0.0007575624622404575,0.001637134701013565,0.10489227622747421
shape_resnet50_SIN_and_IN,truck1-knife1.png,truck,knife,shape,569,garbage_truck,truck,0.12071582674980164,1.3876241609978024e-05,0.0
shape_resnet50_SIN_and_IN,truck10-airplane1.png,truck,airplane,texture,403,aircraft_carrier,airplane,0.005337623413652182,0.007138536777347326,0.0
shape_resnet50_SIN_and_IN,truck10-bicycle1.png,truck,bicycle,texture,444,bicycle-built-for-two,bicycle,0.005750138312578201,0.21175196766853333,0.0
shape_resnet50_SIN_and_IN,truck10-car3.png,truck,car,texture,870,tricycle,car,0.00836290791630745,0.01185057032853365,0.0
shape_resnet50_SIN_and_IN,truck10-clock1.png,truck,clock,texture,409,analog_clock,clock,0.0036608108785003424,0.04620485007762909,0.0
shape_resnet50_SIN_and_IN,truck10-elephant3.png,truck,elephant,texture,386,African_elephant,elephant,5.209289520280436e-05,0.20556409657001495,0.0
shape_resnet50_SIN_and_IN,truck2-airplane3.png,truck,airplane,shape,717,pickup,truck,0.055782757699489594,0.028688080608844757,0.0
shape_resnet50_SIN_and_IN,truck2-bicycle2.png,truck,bicycle,shape,791,shopping_cart,truck,0.01245735865086317,0.000637702236417681,0.0
shape_resnet50_SIN_and_IN,truck2-bird2.png,truck,bird,shape,803,snowplow,truck,0.03042956255376339,1.1614793038461357e-05,0.0
shape_resnet50_SIN_and_IN,truck2-boat3.png,truck,boat,shape,555,fire_engine,truck,0.06499801576137543,0.0006482676253654063,0.0
shape_resnet50_SIN_and_IN,truck2-bottle3.png,truck,bottle,texture,737,pop_bottle,bottle,0.0008987464243546128,0.12614503502845764,0.0
shape_resnet50_SIN_and_IN,truck2-car3.png,truck,car,shape,555,fire_engine,truck,0.05810891091823578,0.029323220252990723,0.0
shape_resnet50_SIN_and_IN,truck2-chair1.png,truck,chair,neither,511,convertible,car,0.015687722712755203,0.017701130360364914,0.21832363307476044
shape_resnet50_SIN_and_IN,truck2-clock1.png,truck,clock,texture,569,garbage_truck,clock,0.013884183019399643,0.05579981580376625,0.0
shape_resnet50_SIN_and_IN,truck2-elephant1.png,truck,elephant,texture,893,wallet,elephant,0.0015098809963092208,0.014879919588565826,0.0
shape_resnet50_SIN_and_IN,truck2-keyboard1.png,truck,keyboard,shape,847,tank,truck,0.0013473837170749903,0.0007187910377979279,0.0
shape_resnet50_SIN_and_IN,truck2-oven3.png,truck,oven,shape,760,refrigerator,truck,0.006345533765852451,0.003088901750743389,0.0
shape_resnet50_SIN_and_IN,truck3-bear3.png,truck,bear,texture,360,otter,bear,4.1452098230365664e-05,0.0029069690499454737,0.0
shape_resnet50_SIN_and_IN,truck3-bicycle1.png,truck,bicycle,texture,917,comic_book,bicycle,0.0039275046437978745,0.020577605813741684,0.0
shape_resnet50_SIN_and_IN,truck3-bird2.png,truck,bird,shape,586,half_track,truck,0.014289342798292637,9.73380811046809e-05,0.0
shape_resnet50_SIN_and_IN,truck3-car3.png,truck,car,shape,917,comic_book,truck,0.014998339116573334,0.002037272322922945,0.0
shape_resnet50_SIN_and_IN,truck3-cat1.png,truck,cat,texture,76,tarantula,cat,7.654404180357233e-05,0.005184749606996775,0.0
shape_resnet50_SIN_and_IN,truck3-chair2.png,truck,chair,shape,866,tractor,truck,0.015507902018725872,0.0041282279416918755,0.0
shape_resnet50_SIN_and_IN,truck3-clock3.png,truck,clock,texture,586,half_track,clock,8.6868109065108e-05,0.022581005468964577,0.0
shape_resnet50_SIN_and_IN,truck3-dog3.png,truck,dog,neither,284,Siamese_cat,cat,0.0003980965993832797,0.0024247406981885433,0.08758850395679474
shape_resnet50_SIN_and_IN,truck3-keyboard3.png,truck,keyboard,neither,760,refrigerator,bottle,0.00015418832481373101,0.002280554501339793,0.07300782948732376
shape_resnet50_SIN_and_IN,truck3-knife2.png,truck,knife,shape,864,tow_truck,truck,0.04080630838871002,0.00024715258041396737,0.0
shape_resnet50_SIN_and_IN,truck3-oven2.png,truck,oven,texture,760,refrigerator,oven,0.020673062652349472,0.028810318559408188,0.0
shape_resnet50_SIN_and_IN,truck4-airplane3.png,truck,airplane,shape,742,printer,truck,0.012407810427248478,0.0017776127206161618,0.0
shape_resnet50_SIN_and_IN,truck4-bear1.png,truck,bear,texture,294,brown_bear,bear,2.1431878849398345e-05,0.1492684930562973,0.0
shape_resnet50_SIN_and_IN,truck4-boat3.png,truck,boat,shape,595,harvester,truck,0.01894381269812584,0.0002506053715478629,0.0
shape_resnet50_SIN_and_IN,truck4-bottle2.png,truck,bottle,texture,907,wine_bottle,bottle,6.608013336517615e-08,0.14034496247768402,0.0
shape_resnet50_SIN_and_IN,truck4-knife1.png,truck,knife,shape,597,holster,truck,0.0015415257075801492,0.0015242630615830421,0.0
shape_resnet50_SIN_and_IN,truck4-oven2.png,truck,oven,shape,651,microwave,truck,0.004333229269832373,0.0021817840170115232,0.0
shape_resnet50_SIN_and_IN,truck5-airplane2.png,truck,airplane,neither,477,carpenter's_kit,car,0.004283405840396881,0.002443537814542651,0.08180449903011322
shape_resnet50_SIN_and_IN,truck5-bird2.png,truck,bird,shape,569,garbage_truck,truck,0.04526323452591896,0.00013312844384927303,0.0
shape_resnet50_SIN_and_IN,truck5-car1.png,truck,car,shape,555,fire_engine,truck,0.02204841375350952,0.004938703496009111,0.0
shape_resnet50_SIN_and_IN,truck5-cat3.png,truck,cat,texture,911,wool,cat,5.53139325347729e-05,0.004022353328764439,0.0
shape_resnet50_SIN_and_IN,truck5-dog3.png,truck,dog,shape,757,recreational_vehicle,truck,0.013092577457427979,0.0016673306236043572,0.0
shape_resnet50_SIN_and_IN,truck5-keyboard1.png,truck,keyboard,shape,408,amphibian,truck,0.01921706274151802,0.0002515826781746,0.0
shape_resnet50_SIN_and_IN,truck5-knife3.png,truck,knife,texture,999,toilet_tissue,knife,0.00018101325258612633,0.010344557464122772,0.0
shape_resnet50_SIN_and_IN,truck6-bear2.png,truck,bear,texture,296,ice_bear,bear,6.803263204346877e-06,0.14832660555839539,0.0
shape_resnet50_SIN_and_IN,truck6-bicycle1.png,truck,bicycle,neither,791,shopping_cart,bottle,0.002308267168700695,0.0018704915419220924,0.5719001293182373
shape_resnet50_SIN_and_IN,truck6-boat2.png,truck,boat,texture,536,dock,boat,0.009665330871939659,0.025132078677415848,0.0
shape_resnet50_SIN_and_IN,truck6-bottle3.png,truck,bottle,texture,737,pop_bottle,bottle,0.00012535172572825104,0.12935294210910797,0.0
shape_resnet50_SIN_and_IN,truck6-cat2.png,truck,cat,texture,276,hyena,cat,1.3122627933626063e-05,0.018637755885720253,0.0
shape_resnet50_SIN_and_IN,truck6-clock2.png,truck,clock,neither,570,gasmask,car,0.001573381945490837,0.00253099063411355,0.21676155924797058
shape_resnet50_SIN_and_IN,truck6-dog2.png,truck,dog,texture,212,English_setter,dog,0.0018650618148967624,0.005459180101752281,0.0
shape_resnet50_SIN_and_IN,truck6-knife2.png,truck,knife,texture,760,refrigerator,knife,0.006163702346384525,0.011251229792833328,0.0
shape_resnet50_SIN_and_IN,truck6-oven3.png,truck,oven,texture,760,refrigerator,oven,0.0004934977041557431,0.0006342963897623122,0.0
shape_resnet50_SIN_and_IN,truck7-bear2.png,truck,bear,texture,296,ice_bear,bear,0.010574547573924065,0.04301747307181358,0.0
shape_resnet50_SIN_and_IN,truck7-bird2.png,truck,bird,shape,867,trailer_truck,truck,0.10564188659191132,1.3241678971098736e-05,0.0
shape_resnet50_SIN_and_IN,truck7-boat1.png,truck,boat,shape,760,refrigerator,truck,0.009769459255039692,0.004814355634152889,0.0
shape_resnet50_SIN_and_IN,truck7-chair2.png,truck,chair,shape,867,trailer_truck,truck,0.06680924445390701,0.0005881194956600666,0.0
shape_resnet50_SIN_and_IN,truck7-elephant2.png,truck,elephant,texture,386,African_elephant,elephant,2.778368434519507e-05,0.4151404798030853,0.0
shape_resnet50_SIN_and_IN,truck7-keyboard3.png,truck,keyboard,neither,528,dial_telephone,clock,6.257891072891653e-05,0.0011433098698034883,0.0957740992307663
shape_resnet50_SIN_and_IN,truck7-oven2.png,truck,oven,shape,867,trailer_truck,truck,0.053526587784290314,0.001387624884955585,0.0
shape_resnet50_SIN_and_IN,truck8-bottle2.png,truck,bottle,texture,711,perfume,bottle,3.9897901160657057e-07,0.0069548869505524635,0.0
shape_resnet50_SIN_and_IN,truck8-cat2.png,truck,cat,texture,362,badger,cat,7.268430636031553e-05,0.011287394911050797,0.0
shape_resnet50_SIN_and_IN,truck8-dog3.png,truck,dog,neither,338,guinea_pig,bear,0.0022008924279361963,0.0017754915170371532,0.11739419400691986
shape_resnet50_SIN_and_IN,truck8-elephant1.png,truck,elephant,texture,868,tray,elephant,0.00028445181669667363,0.001954594161361456,0.0
shape_resnet50_SIN_and_IN,truck8-keyboard2.png,truck,keyboard,neither,518,crash_helmet,airplane,0.0008581505971960723,0.001323773991316557,0.10951396077871323
shape_resnet50_SIN_and_IN,truck9-airplane2.png,truck,airplane,shape,407,ambulance,truck,0.0338517427444458,0.0034986420068889856,0.0
shape_resnet50_SIN_and_IN,truck9-boat3.png,truck,boat,shape,864,tow_truck,truck,0.11872847378253937,2.90248281089589e-05,0.0
shape_resnet50_SIN_and_IN,truck9-bottle2.png,truck,bottle,texture,907,wine_bottle,bottle,1.9529465134837665e-05,0.1191210225224495,0.0
shape_resnet50_SIN_and_IN,truck9-chair3.png,truck,chair,shape,471,cannon,truck,0.007860788144171238,0.00014934345381334424,0.0
shape_resnet50_SIN_and_IN,truck9-elephant1.png,truck,elephant,texture,500,cliff_dwelling,elephant,0.0018251421861350536,0.005065447185188532,0.0
shape_resnet50_SIN_and_IN_finetuned_on_IN,airplane1-bicycle2.png,airplane,bicycle,neither,534,dishwasher,bottle,1.3875075637770351e-05,0.003979251720011234,0.350475013256073
shape_resnet50_SIN_and_IN_finetuned_on_IN,airplane1-chair2.png,airplane,chair,texture,762,restaurant,chair,1.1059861435569474e-06,0.0008540935814380646,0.0
shape_resnet50_SIN_and_IN_finetuned_on_IN,airplane1-clock1.png,airplane,clock,texture,592,hard_disc,clock,8.004177942666502e-08,0.030168572440743446,0.0
shape_resnet50_SIN_and_IN_finetuned_on_IN,airplane1-elephant1.png,airplane,elephant,texture,385,Indian_elephant,elephant,4.660171207260255e-11,0.47121864557266235,0.0
shape_resnet50_SIN_and_IN_finetuned_on_IN,airplane10-bear3.png,airplane,bear,neither,144,pelican,bird,4.5737659092992544e-05,0.0007626560982316732,0.2046855390071869
shape_resnet50_SIN_and_IN_finetuned_on_IN,airplane10-boat3.png,airplane,boat,neither,724,pirate,clock,0.0006663286476396024,0.001170819392427802,0.12502066791057587
shape_resnet50_SIN_and_IN_finetuned_on_IN,airplane10-car3.png,airplane,car,texture,917,comic_book,car,0.00028144827228970826,0.047808676958084106,0.0
shape_resnet50_SIN_and_IN_finetuned_on_IN,airplane10-cat2.png,airplane,cat,texture,287,lynx,cat,3.0763027325519943e-07,0.016438854858279228,0.0
shape_resnet50_SIN_and_IN_finetuned_on_IN,airplane10-dog3.png,airplane,dog,texture,216,clumber,dog,4.170124157099053e-05,0.007696513552218676,0.0
shape_resnet50_SIN_and_IN_finetuned_on_IN,airplane10-elephant1.png,airplane,elephant,texture,385,Indian_elephant,elephant,3.68475111534039e-10,0.48006099462509155,0.0
shape_resnet50_SIN_and_IN_finetuned_on_IN,airplane10-knife3.png,airplane,knife,texture,813,spatula,knife,2.660415520949755e-05,0.03799758851528168,0.0
shape_resnet50_SIN_and_IN_finetuned_on_IN,airplane10-oven2.png,airplane,oven,neither,534,dishwasher,car,6.864578608656302e-05,0.000502804818097502,0.8014430999755859
shape_resnet50_SIN_and_IN_finetuned_on_IN,airplane10-truck1.png,airplane,truck,neither,711,perfume,bottle,3.054117541978485e-06,0.00016103332745842636,0.4025471806526184
shape_resnet50_SIN_and_IN_finetuned_on_IN,airplane2-bear1.png,airplane,bear,texture,150,sea_lion,bear,0.00020896198111586273,0.038132570683956146,0.0
shape_resnet50_SIN_and_IN_finetuned_on_IN,airplane2-bicycle1.png,airplane,bicycle,texture,665,moped,bicycle,2.6115540094906464e-05,0.09417863190174103,0.0
shape_resnet50_SIN_and_IN_finetuned_on_IN,airplane2-bird3.png,airplane,bird,neither,711,perfume,bottle,3.233525058021769e-05,0.0006180328200571239,0.25655367970466614
shape_resnet50_SIN_and_IN_finetuned_on_IN,airplane2-bottle1.png,airplane,bottle,texture,865,toyshop,bottle,2.7856892348410156e-09,0.0005620797164738178,0.0
shape_resnet50_SIN_and_IN_finetuned_on_IN,airplane2-cat1.png,airplane,cat,neither,218,Welsh_springer_spaniel,dog,1.9159244857291924e-06,0.002926689339801669,0.3954032361507416
shape_resnet50_SIN_and_IN_finetuned_on_IN,airplane2-dog1.png,airplane,dog,texture,299,meerkat,dog,0.00021467315673362464,0.0023252558894455433,0.0
shape_resnet50_SIN_and_IN_finetuned_on_IN,airplane3-car1.png,airplane,car,neither,709,pencil_box,clock,3.557652235031128e-06,0.00016026792582124472,0.2214699685573578
shape_resnet50_SIN_and_IN_finetuned_on_IN,airplane3-cat1.png,airplane,cat,texture,207,golden_retriever,cat,2.122461228282191e-05,0.019553272053599358,0.0
shape_resnet50_SIN_and_IN_finetuned_on_IN,airplane3-chair3.png,airplane,chair,neither,876,tub,bottle,3.2413474400527775e-05,2.4809163733152673e-05,0.4015920162200928
shape_resnet50_SIN_and_IN_finetuned_on_IN,airplane3-clock1.png,airplane,clock,texture,892,wall_clock,clock,2.0325511229657423e-07,0.21634244918823242,0.0
shape_resnet50_SIN_and_IN_finetuned_on_IN,airplane3-dog1.png,airplane,dog,texture,198,standard_schnauzer,dog,2.2489408365800045e-05,0.004596357699483633,0.0
shape_resnet50_SIN_and_IN_finetuned_on_IN,airplane3-elephant1.png,airplane,elephant,texture,385,Indian_elephant,elephant,1.1809063449330637e-10,0.4799939692020416,0.0
shape_resnet50_SIN_and_IN_finetuned_on_IN,airplane3-keyboard2.png,airplane,keyboard,texture,592,hard_disc,keyboard,1.1880134479724802e-05,0.00492452085018158,0.0
shape_resnet50_SIN_and_IN_finetuned_on_IN,airplane3-oven1.png,airplane,oven,texture,760,refrigerator,oven,1.6872650121513288e-06,0.0002717983443289995,0.0
shape_resnet50_SIN_and_IN_finetuned_on_IN,airplane4-bear3.png,airplane,bear,neither,360,otter,bird,7.354165427386761e-05,0.002609125105664134,0.2650953531265259
shape_resnet50_SIN_and_IN_finetuned_on_IN,airplane4-bicycle2.png,airplane,bicycle,neither,695,padlock,bottle,7.83772520662751e-07,0.0008912930497899652,0.781008243560791
shape_resnet50_SIN_and_IN_finetuned_on_IN,airplane4-bird3.png,airplane,bird,texture,552,feather_boa,bird,6.7255568865221e-05,0.0010207091690972447,0.0
shape_resnet50_SIN_and_IN_finetuned_on_IN,airplane4-boat3.png,airplane,boat,neither,728,plastic_bag,keyboard,0.00021153668058104813,0.0007337435963563621,0.1094478964805603
shape_resnet50_SIN_and_IN_finetuned_on_IN,airplane4-bottle1.png,airplane,bottle,texture,711,perfume,bottle,9.06036135006616e-09,0.015491361729800701,0.0
shape_resnet50_SIN_and_IN_finetuned_on_IN,airplane4-car1.png,airplane,car,neither,709,pencil_box,boat,9.972001180358347e-07,4.6120909246383235e-05,0.4501344859600067
shape_resnet50_SIN_and_IN_finetuned_on_IN,airplane4-cat3.png,airplane,cat,neither,76,tarantula,dog,1.7678190715741948e-06,0.0002569502976257354,0.4652862250804901
shape_resnet50_SIN_and_IN_finetuned_on_IN,airplane4-dog2.png,airplane,dog,texture,151,Chihuahua,dog,1.986779579965514e-06,0.002850690856575966,0.0
shape_resnet50_SIN_and_IN_finetuned_on_IN,airplane4-elephant1.png,airplane,elephant,texture,385,Indian_elephant,elephant,4.741635417637724e-10,0.48303067684173584,0.0
shape_resnet50_SIN_and_IN_finetuned_on_IN,airplane4-keyboard3.png,airplane,keyboard,neither,592,hard_disc,bottle,7.613094931002706e-05,0.0016344647156074643,0.24936290085315704
shape_resnet50_SIN_and_IN_finetuned_on_IN,airplane4-knife1.png,airplane,knife,neither,711,perfume,bottle,8.28245174488984e-05,0.0002216480061179027,0.17950879037380219
shape_resnet50_SIN_and_IN_finetuned_on_IN,airplane4-truck2.png,airplane,truck,neither,581,grille,car,0.00012775053619407117,0.014123744331300259,0.44622230529785156
shape_resnet50_SIN_and_IN_finetuned_on_IN,airplane5-bear2.png,airplane,bear,texture,296,ice_bear,bear,0.00023852597223594785,0.07503890991210938,0.0
shape_resnet50_SIN_and_IN_finetuned_on_IN,airplane5-bicycle1.png,airplane,bicycle,texture,770,running_shoe,bicycle,7.061751603032462e-06,0.010767057538032532,0.0
shape_resnet50_SIN_and_IN_finetuned_on_IN,airplane5-bird2.png,airplane,bird,texture,391,coho,bird,9.415728641215537e-07,0.002824682742357254,0.0
shape_resnet50_SIN_and_IN_finetuned_on_IN,airplane5-boat3.png,airplane,boat,neither,534,dishwasher,keyboard,0.0012071956880390644,0.0006163474172353745,0.3527039587497711
shape_resnet50_SIN_and_IN_finetuned_on_IN,airplane5-bottle3.png,airplane,bottle,texture,737,pop_bottle,bottle,2.1783013171017274e-09,0.13970164954662323,0.0
shape_resnet50_SIN_and_IN_finetuned_on_IN,airplane5-chair3.png,airplane,chair,neither,532,dining_table,car,4.5050364860799164e-05,0.00022472931595984846,0.4021337032318115
shape_resnet50_SIN_and_IN_finetuned_on_IN,airplane5-dog3.png,airplane,dog,texture,355,llama,dog,9.194892481900752e-05,0.003864323254674673,0.0
shape_resnet50_SIN_and_IN_finetuned_on_IN,airplane5-knife1.png,airplane,knife,texture,711,perfume,knife,3.2893708521442022e-06,0.0061354488134384155,0.0
shape_resnet50_SIN_and_IN_finetuned_on_IN,airplane5-oven3.png,airplane,oven,neither,480,cash_machine,keyboard,2.9706830773079673e-08,4.9842550652101636e-05,0.9260715246200562
shape_resnet50_SIN_and_IN_finetuned_on_IN,airplane6-bear3.png,airplane,bear,texture,360,otter,bear,1.2179082659713458e-05,0.004873872734606266,0.0
shape_resnet50_SIN_and_IN_finetuned_on_IN,airplane6-bottle2.png,airplane,bottle,texture,711,perfume,bottle,3.177570151446929e-10,0.0019509770208969712,0.0
shape_resnet50_SIN_and_IN_finetuned_on_IN,airplane6-chair3.png,airplane,chair,neither,876,tub,car,4.4179811084177345e-05,0.00011731388076441363,0.2541006803512573
shape_resnet50_SIN_and_IN_finetuned_on_IN,airplane6-keyboard3.png,airplane,keyboard,neither,696,paintbrush,bottle,1.570093081681989e-05,0.0001488350535510108,0.44822460412979126
shape_resnet50_SIN_and_IN_finetuned_on_IN,airplane6-knife1.png,airplane,knife,neither,592,hard_disc,bottle,5.8682831877376884e-05,0.0047472394071519375,0.09092417359352112
shape_resnet50_SIN_and_IN_finetuned_on_IN,airplane7-bird3.png,airplane,bird,neither,619,lampshade,knife,2.595435580587946e-05,0.00034154526656493545,0.13651521503925323
shape_resnet50_SIN_and_IN_finetuned_on_IN,airplane7-boat2.png,airplane,boat,texture,625,lifeboat,boat,0.0001248075277544558,0.04934922605752945,0.0
shape_resnet50_SIN_and_IN_finetuned_on_IN,airplane7-bottle3.png,airplane,bottle,texture,737,pop_bottle,bottle,1.0049649290522211e-07,0.08142910152673721,0.0
shape_resnet50_SIN_and_IN_finetuned_on_IN,airplane7-car1.png,airplane,car,neither,865,toyshop,boat,2.5121694307017606e-06,6.610372656723484e-05,0.32622525095939636
shape_resnet50_SIN_and_IN_finetuned_on_IN,airplane7-cat3.png,airplane,cat,texture,280,grey_fox,cat,2.8091979402233846e-05,0.0029484268743544817,0.0
shape_resnet50_SIN_and_IN_finetuned_on_IN,airplane7-clock3.png,airplane,clock,neither,592,hard_disc,keyboard,2.902284904848784e-06,0.0013018825557082891,0.2761169373989105
shape_resnet50_SIN_and_IN_finetuned_on_IN,airplane7-keyboard1.png,airplane,keyboard,texture,592,hard_disc,keyboard,1.5187343933575903e-06,0.015987224876880646,0.0
shape_resnet50_SIN_and_IN_finetuned_on_IN,airplane7-truck1.png,airplane,truck,neither,898,water_bottle,bottle,1.6529924096175819e-06,0.0007999551016837358,0.5887534022331238
shape_resnet50_SIN_and_IN_finetuned_on_IN,airplane8-bicycle3.png,airplane,bicycle,neither,509,confectionery,bottle,8.075113328231964e-06,1.5159852409851737e-05,0.4998348355293274
shape_resnet50_SIN_and_IN_finetuned_on_IN,airplane8-bird1.png,airplane,bird,texture,17,jay,bird,6.803345604566857e-05,0.001046124380081892,0.0
shape_resnet50_SIN_and_IN_finetuned_on_IN,airplane8-chair1.png,airplane,chair,neither,511,convertible,car,0.0026984235737472773,0.00039235426811501384,0.5218532085418701
shape_resnet50_SIN_and_IN_finetuned_on_IN,airplane8-clock2.png,airplane,clock,neither,719,piggy_bank,bottle,5.590736122940143e-07,0.00010329217911930755,0.9034208059310913
shape_resnet50_SIN_and_IN_finetuned_on_IN,airplane8-elephant3.png,airplane,elephant,texture,386,African_elephant,elephant,4.017816479517933e-07,0.48427364230155945,0.0
shape_resnet50_SIN_and_IN_finetuned_on_IN,airplane8-oven2.png,airplane,oven,neither,534,dishwasher,bottle,1.6089798009488732e-06,0.00035078590735793114,0.6312548518180847
shape_resnet50_SIN_and_IN_finetuned_on_IN,airplane8-truck3.png,airplane,truck,neither,760,refrigerator,car,0.0013776128180325031,0.006303017493337393,0.377384215593338
shape_resnet50_SIN_and_IN_finetuned_on_IN,airplane9-boat1.png,airplane,boat,texture,592,hard_disc,boat,0.00013921194477006793,0.0030196537263691425,0.0
shape_resnet50_SIN_and_IN_finetuned_on_IN,airplane9-car2.png,airplane,car,neither,588,hamper,bottle,6.796596494496043e-07,0.0003332365013193339,0.26358485221862793
shape_resnet50_SIN_and_IN_finetuned_on_IN,airplane9-clock1.png,airplane,clock,texture,592,hard_disc,clock,4.584184694067517e-07,0.01246072817593813,0.0
shape_resnet50_SIN_and_IN_finetuned_on_IN,airplane9-keyboard2.png,airplane,keyboard,texture,592,hard_disc,keyboard,3.138132888125256e-05,0.004132196307182312,0.0
shape_resnet50_SIN_and_IN_finetuned_on_IN,airplane9-knife3.png,airplane,knife,texture,813,spatula,knife,1.2756206615449628e-06,0.01437542587518692,0.0
shape_resnet50_SIN_and_IN_finetuned_on_IN,airplane9-oven2.png,airplane,oven,texture,760,refrigerator,oven,8.83258337580628e-07,0.0010090958094224334,0.0
shape_resnet50_SIN_and_IN_finetuned_on_IN,airplane9-truck1.png,airplane,truck,neither,711,perfume,bottle,1.0537884008954279e-05,0.00028457058942876756,0.6075358390808105
shape_resnet50_SIN_and_IN_finetuned_on_IN,bear1-airplane3.png,bear,airplane,neither,898,water_bottle,bottle,0.0009664584649726748,0.0008643721812404692,0.50278639793396
shape_resnet50_SIN_and_IN_finetuned_on_IN,bear1-bicycle3.png,bear,bicycle,neither,509,confectionery,knife,3.160841151839122e-05,4.130317392991856e-05,0.18649417161941528
shape_resnet50_SIN_and_IN_finetuned_on_IN,bear1-bird2.png,bear,bird,shape,294,brown_bear,bear,0.06843002885580063,0.0006224852986633778,0.0
shape_resnet50_SIN_and_IN_finetuned_on_IN,bear1-chair2.png,bear,chair,texture,711,perfume,chair,8.928751776693389e-05,0.009109433740377426,0.0
shape_resnet50_SIN_and_IN_finetuned_on_IN,bear1-clock2.png,bear,clock,texture,917,comic_book,clock,2.1517641926038777e-06,0.0009777116356417537,0.0
shape_resnet50_SIN_and_IN_finetuned_on_IN,bear1-elephant1.png,bear,elephant,texture,385,Indian_elephant,elephant,1.3947260413260665e-07,0.4456869661808014,0.0
shape_resnet50_SIN_and_IN_finetuned_on_IN,bear10-bottle1.png,bear,bottle,neither,865,toyshop,clock,5.58389274374349e-07,0.0069686174392700195,0.4476458728313446
shape_resnet50_SIN_and_IN_finetuned_on_IN,bear10-car2.png,bear,car,texture,518,crash_helmet,car,1.1851423096231883e-06,0.0025892562698572874,0.0
shape_resnet50_SIN_and_IN_finetuned_on_IN,bear10-cat2.png,bear,cat,texture,287,lynx,cat,9.462678463023622e-07,3.091085818596184e-05,0.0
shape_resnet50_SIN_and_IN_finetuned_on_IN,bear10-chair2.png,bear,chair,texture,762,restaurant,chair,2.038605452980846e-05,0.011106452904641628,0.0
shape_resnet50_SIN_and_IN_finetuned_on_IN,bear10-clock1.png,bear,clock,texture,592,hard_disc,clock,1.0439767095249408e-07,0.021611973643302917,0.0
shape_resnet50_SIN_and_IN_finetuned_on_IN,bear10-elephant1.png,bear,elephant,texture,385,Indian_elephant,elephant,2.0150149993014566e-08,0.41708266735076904,0.0
shape_resnet50_SIN_and_IN_finetuned_on_IN,bear10-keyboard3.png,bear,keyboard,neither,898,water_bottle,bottle,6.725062849000096e-05,0.0018753247568383813,0.21447287499904633
shape_resnet50_SIN_and_IN_finetuned_on_IN,bear10-knife2.png,bear,knife,texture,696,paintbrush,knife,1.1433928648330038e-07,0.006595021113753319,0.0
shape_resnet50_SIN_and_IN_finetuned_on_IN,bear10-oven1.png,bear,oven,neither,827,stove,knife,1.309565618612396e-06,0.0011693922569975257,0.2603691518306732
shape_resnet50_SIN_and_IN_finetuned_on_IN,bear10-truck1.png,bear,truck,neither,692,packet,car,1.0383039352745982e-06,0.0009346094448119402,0.16334441304206848
shape_resnet50_SIN_and_IN_finetuned_on_IN,bear2-airplane1.png,bear,airplane,neither,403,aircraft_carrier,boat,7.692025974392891e-06,0.0010117536876350641,0.5020093321800232
shape_resnet50_SIN_and_IN_finetuned_on_IN,bear2-bird3.png,bear,bird,neither,23,vulture,dog,0.0005107365432195365,0.0018231248250231147,0.07391578704118729
shape_resnet50_SIN_and_IN_finetuned_on_IN,bear2-car2.png,bear,car,neither,518,crash_helmet,bicycle,1.015302757423342e-07,4.8673584387870505e-05,0.624991774559021
shape_resnet50_SIN_and_IN_finetuned_on_IN,bear2-cat2.png,bear,cat,shape,287,lynx,bear,0.009217618964612484,0.0008728227112442255,0.0
shape_resnet50_SIN_and_IN_finetuned_on_IN,bear2-dog1.png,bear,dog,shape,298,mongoose,bear,0.01823371648788452,0.001299861236475408,0.0
shape_resnet50_SIN_and_IN_finetuned_on_IN,bear2-elephant1.png,bear,elephant,texture,385,Indian_elephant,elephant,3.005480095907842e-07,0.37008363008499146,0.0
shape_resnet50_SIN_and_IN_finetuned_on_IN,bear2-keyboard2.png,bear,keyboard,texture,787,shield,keyboard,1.9236333173466846e-05,0.014741191640496254,0.0
shape_resnet50_SIN_and_IN_finetuned_on_IN,bear2-knife2.png,bear,knife,texture,563,fountain_pen,knife,8.478815288981423e-06,0.011696286499500275,0.0
shape_resnet50_SIN_and_IN_finetuned_on_IN,bear2-oven1.png,bear,oven,texture,713,photocopier,oven,1.7918345918133127e-08,7.089404971338809e-05,0.0
shape_resnet50_SIN_and_IN_finetuned_on_IN,bear3-airplane1.png,bear,airplane,texture,403,aircraft_carrier,airplane,8.540197882211942e-07,0.001288023660890758,0.0
shape_resnet50_SIN_and_IN_finetuned_on_IN,bear3-bicycle2.png,bear,bicycle,texture,770,running_shoe,bicycle,4.4471647697719163e-07,0.00716158002614975,0.0
shape_resnet50_SIN_and_IN_finetuned_on_IN,bear3-bird3.png,bear,bird,neither,76,tarantula,knife,1.111217170546297e-05,0.001057579298503697,0.18022769689559937
shape_resnet50_SIN_and_IN_finetuned_on_IN,bear3-car2.png,bear,car,texture,518,crash_helmet,car,3.6791927868762286e-06,0.0027865769807249308,0.0
shape_resnet50_SIN_and_IN_finetuned_on_IN,bear3-cat1.png,bear,cat,shape,213,Irish_setter,bear,0.04707954078912735,0.005477735307067633,0.0
shape_resnet50_SIN_and_IN_finetuned_on_IN,bear3-chair2.png,bear,chair,texture,762,restaurant,chair,9.957911061064806e-06,0.07254645973443985,0.0
shape_resnet50_SIN_and_IN_finetuned_on_IN,bear3-dog3.png,bear,dog,texture,202,soft-coated_wheaten_terrier,dog,7.205636211438105e-05,0.007930492982268333,0.0
shape_resnet50_SIN_and_IN_finetuned_on_IN,bear3-keyboard2.png,bear,keyboard,texture,438,beaker,keyboard,5.925019650021568e-06,0.01465209573507309,0.0
shape_resnet50_SIN_and_IN_finetuned_on_IN,bear3-truck3.png,bear,truck,texture,526,desk,truck,9.162059541267809e-06,0.005566269159317017,0.0
shape_resnet50_SIN_and_IN_finetuned_on_IN,bear4-boat2.png,bear,boat,texture,625,lifeboat,boat,5.660792226080957e-07,0.1587994396686554,0.0
shape_resnet50_SIN_and_IN_finetuned_on_IN,bear4-car3.png,bear,car,texture,917,comic_book,car,4.0958582303574076e-07,0.07135582715272903,0.0
shape_resnet50_SIN_and_IN_finetuned_on_IN,bear4-cat3.png,bear,cat,neither,373,macaque,dog,2.0335906810942106e-05,0.0007749974611215293,0.2967570424079895
shape_resnet50_SIN_and_IN_finetuned_on_IN,bear4-clock3.png,bear,clock,texture,464,buckle,clock,3.755604893740383e-06,0.007960028015077114,0.0
shape_resnet50_SIN_and_IN_finetuned_on_IN,bear4-elephant2.png,bear,elephant,texture,386,African_elephant,elephant,2.3433910882886266e-06,0.4847155511379242,0.0
shape_resnet50_SIN_and_IN_finetuned_on_IN,bear4-keyboard3.png,bear,keyboard,neither,473,can_opener,bottle,1.023475306283217e-05,0.00045085151214152575,0.2917860746383667
shape_resnet50_SIN_and_IN_finetuned_on_IN,bear4-knife1.png,bear,knife,texture,917,comic_book,knife,4.469129635253921e-06,0.02624467760324478,0.0
shape_resnet50_SIN_and_IN_finetuned_on_IN,bear4-oven2.png,bear,oven,texture,760,refrigerator,oven,2.145105281670112e-05,0.039449404925107956,0.0
shape_resnet50_SIN_and_IN_finetuned_on_IN,bear4-truck3.png,bear,truck,texture,760,refrigerator,truck,2.973050686705392e-05,0.020219853147864342,0.0
shape_resnet50_SIN_and_IN_finetuned_on_IN,bear5-airplane3.png,bear,airplane,neither,719,piggy_bank,bottle,0.00015395903028547764,0.00056276167742908,0.14537572860717773
shape_resnet50_SIN_and_IN_finetuned_on_IN,bear5-bicycle3.png,bear,bicycle,neither,124,crayfish,knife,4.0671598981134593e-05,2.2935417291591875e-05,0.2868269979953766
shape_resnet50_SIN_and_IN_finetuned_on_IN,bear5-bird1.png,bear,bird,texture,13,junco,bird,0.0002565965987741947,0.015132319182157516,0.0
shape_resnet50_SIN_and_IN_finetuned_on_IN,bear5-boat2.png,bear,boat,texture,625,lifeboat,boat,5.024708116252441e-06,0.054134927690029144,0.0
shape_resnet50_SIN_and_IN_finetuned_on_IN,bear5-bottle1.png,bear,bottle,texture,865,toyshop,bottle,1.2487573641806193e-08,0.001942022005096078,0.0
shape_resnet50_SIN_and_IN_finetuned_on_IN,bear5-chair1.png,bear,chair,neither,552,feather_boa,car,6.947393558220938e-05,0.002469245344400406,0.09370771795511246
shape_resnet50_SIN_and_IN_finetuned_on_IN,bear5-oven3.png,bear,oven,neither,760,refrigerator,keyboard,7.596129307785304e-07,0.00038063383544795215,0.678284764289856
shape_resnet50_SIN_and_IN_finetuned_on_IN,bear6-bird2.png,bear,bird,shape,728,plastic_bag,bear,0.009876593016088009,0.0008519937400706112,0.0
shape_resnet50_SIN_and_IN_finetuned_on_IN,bear6-boat3.png,bear,boat,neither,509,confectionery,bottle,2.3408774723066017e-06,0.00034703570418059826,0.28317394852638245
shape_resnet50_SIN_and_IN_finetuned_on_IN,bear6-bottle3.png,bear,bottle,texture,737,pop_bottle,bottle,1.7415031916545587e-10,0.1423521488904953,0.0
shape_resnet50_SIN_and_IN_finetuned_on_IN,bear6-car2.png,bear,car,texture,971,bubble,car,1.8727594408574078e-07,0.00023725784558337182,0.0
shape_resnet50_SIN_and_IN_finetuned_on_IN,bear6-cat3.png,bear,cat,texture,299,meerkat,cat,1.2097944818378892e-05,0.00016864655481185764,0.0
shape_resnet50_SIN_and_IN_finetuned_on_IN,bear6-chair1.png,bear,chair,neither,511,convertible,car,1.3918284821556881e-05,0.0030911662615835667,0.49711814522743225
shape_resnet50_SIN_and_IN_finetuned_on_IN,bear6-clock1.png,bear,clock,texture,714,pick,clock,4.4231853735254845e-07,0.012877901084721088,0.0
shape_resnet50_SIN_and_IN_finetuned_on_IN,bear7-bicycle2.png,bear,bicycle,texture,791,shopping_cart,bicycle,2.828912784025306e-07,0.013767899014055729,0.0
shape_resnet50_SIN_and_IN_finetuned_on_IN,bear7-clock1.png,bear,clock,texture,788,shoe_shop,clock,5.468487529469712e-07,0.057280849665403366,0.0
shape_resnet50_SIN_and_IN_finetuned_on_IN,bear7-dog3.png,bear,dog,shape,193,Australian_terrier,bear,0.020699776709079742,0.005765067879110575,0.0
shape_resnet50_SIN_and_IN_finetuned_on_IN,bear7-oven3.png,bear,oven,neither,480,cash_machine,truck,8.252366967553826e-08,1.2368765965220518e-05,0.9696564078330994
shape_resnet50_SIN_and_IN_finetuned_on_IN,bear7-truck1.png,bear,truck,neither,898,water_bottle,bottle,2.8842812298535137e-06,0.00310957757756114,0.5912411212921143
shape_resnet50_SIN_and_IN_finetuned_on_IN,bear8-airplane1.png,bear,airplane,neither,403,aircraft_carrier,boat,1.1842327012345777e-06,8.154274109983817e-05,0.5758177042007446
shape_resnet50_SIN_and_IN_finetuned_on_IN,bear8-bicycle3.png,bear,bicycle,neither,111,nematode,knife,1.0193044545303565e-05,6.669119102298282e-06,0.28689342737197876
shape_resnet50_SIN_and_IN_finetuned_on_IN,bear8-boat2.png,bear,boat,texture,625,lifeboat,boat,1.0373798431828618e-05,0.1531454175710678,0.0
shape_resnet50_SIN_and_IN_finetuned_on_IN,bear8-bottle1.png,bear,bottle,neither,865,toyshop,clock,7.41528864978136e-08,9.012960799736902e-05,0.7003831267356873
shape_resnet50_SIN_and_IN_finetuned_on_IN,bear8-dog1.png,bear,dog,shape,298,mongoose,bear,0.01752655953168869,0.000602076412178576,0.0
shape_resnet50_SIN_and_IN_finetuned_on_IN,bear8-elephant2.png,bear,elephant,texture,386,African_elephant,elephant,5.910805157327559e-06,0.490608274936676,0.0
shape_resnet50_SIN_and_IN_finetuned_on_IN,bear8-knife3.png,bear,knife,texture,784,screwdriver,knife,1.0351939749853045e-07,0.008673700504004955,0.0
shape_resnet50_SIN_and_IN_finetuned_on_IN,bear8-truck3.png,bear,truck,neither,882,vacuum,car,1.8189502952736802e-05,0.004209087695926428,0.2931096851825714
shape_resnet50_SIN_and_IN_finetuned_on_IN,bear9-boat2.png,bear,boat,texture,625,lifeboat,boat,1.9544522729120217e-06,0.16799159348011017,0.0
shape_resnet50_SIN_and_IN_finetuned_on_IN,bear9-bottle2.png,bear,bottle,texture,711,perfume,bottle,2.1106970393702795e-08,0.04117316007614136,0.0
shape_resnet50_SIN_and_IN_finetuned_on_IN,bear9-dog1.png,bear,dog,shape,294,brown_bear,bear,0.10610660165548325,0.0005426181014627218,0.0
shape_resnet50_SIN_and_IN_finetuned_on_IN,bear9-keyboard3.png,bear,keyboard,texture,438,beaker,keyboard,2.4399721496592974e-06,0.03615729138255119,0.0
shape_resnet50_SIN_and_IN_finetuned_on_IN,bear9-knife2.png,bear,knife,texture,784,screwdriver,knife,1.0457040389155736e-06,0.011127553880214691,0.0
shape_resnet50_SIN_and_IN_finetuned_on_IN,bicycle1-airplane2.png,bicycle,airplane,shape,751,racer,bicycle,0.014059022068977356,0.0010562795214354992,0.0
shape_resnet50_SIN_and_IN_finetuned_on_IN,bicycle1-bear1.png,bicycle,bear,neither,76,tarantula,cat,8.180629811249673e-05,0.003898198716342449,0.34402719140052795
shape_resnet50_SIN_and_IN_finetuned_on_IN,bicycle1-bird1.png,bicycle,bird,neither,712,Petri_dish,bottle,1.587271071912255e-05,0.00020838214550167322,0.6472492814064026
shape_resnet50_SIN_and_IN_finetuned_on_IN,bicycle1-boat3.png,bicycle,boat,neither,562,fountain,clock,0.0013574818149209023,0.0017346793320029974,0.22597534954547882
shape_resnet50_SIN_and_IN_finetuned_on_IN,bicycle1-bottle3.png,bicycle,bottle,texture,635,magnetic_compass,bottle,0.008210732601583004,0.01858362928032875,0.0
shape_resnet50_SIN_and_IN_finetuned_on_IN,bicycle1-chair1.png,bicycle,chair,neither,511,convertible,car,0.00016833721019793302,0.05425180494785309,0.2517218589782715
shape_resnet50_SIN_and_IN_finetuned_on_IN,bicycle1-clock3.png,bicycle,clock,texture,826,stopwatch,clock,0.00012090697418898344,0.08168003708124161,0.0
shape_resnet50_SIN_and_IN_finetuned_on_IN,bicycle1-dog3.png,bicycle,dog,texture,338,guinea_pig,dog,0.00033173387055285275,0.0038816663436591625,0.0
shape_resnet50_SIN_and_IN_finetuned_on_IN,bicycle1-elephant2.png,bicycle,elephant,texture,386,African_elephant,elephant,1.5516332041443093e-07,0.4937658905982971,0.0
shape_resnet50_SIN_and_IN_finetuned_on_IN,bicycle1-knife3.png,bicycle,knife,texture,813,spatula,knife,4.811317921848968e-06,0.02506391704082489,0.0
shape_resnet50_SIN_and_IN_finetuned_on_IN,bicycle1-oven1.png,bicycle,oven,texture,859,toaster,oven,2.2626089048571885e-05,0.0022561275400221348,0.0
shape_resnet50_SIN_and_IN_finetuned_on_IN,bicycle1-truck1.png,bicycle,truck,neither,711,perfume,bottle,0.0011531151831150055,0.00041773580596782267,0.19184473156929016
shape_resnet50_SIN_and_IN_finetuned_on_IN,bicycle10-airplane2.png,bicycle,airplane,neither,518,crash_helmet,car,0.00085839704843238,0.00016659320681355894,0.5065387487411499
shape_resnet50_SIN_and_IN_finetuned_on_IN,bicycle10-boat3.png,bicycle,boat,shape,896,washbasin,bicycle,0.001048715552315116,0.00038885290268808603,0.0
shape_resnet50_SIN_and_IN_finetuned_on_IN,bicycle10-clock2.png,bicycle,clock,texture,892,wall_clock,clock,0.0002716405433602631,0.0751667395234108,0.0
shape_resnet50_SIN_and_IN_finetuned_on_IN,bicycle10-dog3.png,bicycle,dog,neither,345,ox,cat,6.180953641887754e-05,0.0005259976023808122,0.42963701486587524
shape_resnet50_SIN_and_IN_finetuned_on_IN,bicycle10-elephant2.png,bicycle,elephant,texture,386,African_elephant,elephant,1.0355831818742445e-06,0.495836079120636,0.0
shape_resnet50_SIN_and_IN_finetuned_on_IN,bicycle2-bird3.png,bicycle,bird,neither,982,groom,knife,8.514224646205548e-06,5.344398960005492e-05,0.3556572198867798
shape_resnet50_SIN_and_IN_finetuned_on_IN,bicycle2-bottle1.png,bicycle,bottle,neither,788,shoe_shop,clock,6.302706606220454e-05,0.0004446095263119787,0.47396281361579895
shape_resnet50_SIN_and_IN_finetuned_on_IN,bicycle2-car2.png,bicycle,car,neither,709,pencil_box,bottle,0.0014597511617466807,4.052870281157084e-05,0.3500367999076843
shape_resnet50_SIN_and_IN_finetuned_on_IN,bicycle2-dog1.png,bicycle,dog,neither,299,meerkat,bear,3.3344690564263146e-06,0.0010129997972398996,0.6826962232589722
shape_resnet50_SIN_and_IN_finetuned_on_IN,bicycle2-keyboard2.png,bicycle,keyboard,neither,592,hard_disc,bottle,1.622148192836903e-05,0.00033755184267647564,0.22839617729187012
shape_resnet50_SIN_and_IN_finetuned_on_IN,bicycle2-knife2.png,bicycle,knife,texture,711,perfume,knife,1.2630284800252412e-06,0.0314156636595726,0.0
shape_resnet50_SIN_and_IN_finetuned_on_IN,bicycle3-bird1.png,bicycle,bird,texture,19,chickadee,bird,1.3230501281213947e-05,0.01077830046415329,0.0
shape_resnet50_SIN_and_IN_finetuned_on_IN,bicycle3-elephant2.png,bicycle,elephant,texture,386,African_elephant,elephant,5.773843440692872e-06,0.4791277050971985,0.0
shape_resnet50_SIN_and_IN_finetuned_on_IN,bicycle3-keyboard1.png,bicycle,keyboard,shape,473,can_opener,bicycle,0.004354722332209349,0.0009277791250497103,0.0
shape_resnet50_SIN_and_IN_finetuned_on_IN,bicycle3-oven3.png,bicycle,oven,neither,760,refrigerator,chair,0.00015886436449363828,0.0011098101967945695,0.30757278203964233
shape_resnet50_SIN_and_IN_finetuned_on_IN,bicycle3-truck3.png,bicycle,truck,neither,760,refrigerator,bottle,3.053577529499307e-05,5.6515418691560626e-05,0.8394902348518372
shape_resnet50_SIN_and_IN_finetuned_on_IN,bicycle4-airplane1.png,bicycle,airplane,neither,403,aircraft_carrier,clock,4.801422619493678e-05,9.194513404509053e-05,0.6677939295768738
shape_resnet50_SIN_and_IN_finetuned_on_IN,bicycle4-boat1.png,bicycle,boat,neither,536,dock,bottle,0.012403331696987152,0.0021454517263919115,0.25979509949684143
shape_resnet50_SIN_and_IN_finetuned_on_IN,bicycle4-bottle1.png,bicycle,bottle,neither,892,wall_clock,clock,0.0032301193568855524,0.00028538479818962514,0.4179922640323639
shape_resnet50_SIN_and_IN_finetuned_on_IN,bicycle4-car2.png,bicycle,car,shape,518,crash_helmet,bicycle,0.013805998489260674,0.00019764523312915117,0.0
shape_resnet50_SIN_and_IN_finetuned_on_IN,bicycle4-cat1.png,bicycle,cat,texture,286,cougar,cat,8.251613326137885e-05,0.03482198342680931,0.0
shape_resnet50_SIN_and_IN_finetuned_on_IN,bicycle4-chair2.png,bicycle,chair,texture,454,bookshop,chair,0.006061256863176823,0.012132029980421066,0.0
shape_resnet50_SIN_and_IN_finetuned_on_IN,bicycle4-clock3.png,bicycle,clock,texture,826,stopwatch,clock,7.837518751330208e-06,0.00428694486618042,0.0
shape_resnet50_SIN_and_IN_finetuned_on_IN,bicycle4-keyboard3.png,bicycle,keyboard,neither,592,hard_disc,clock,5.8647419791668653e-05,0.0013301314320415258,0.24845002591609955
shape_resnet50_SIN_and_IN_finetuned_on_IN,bicycle4-knife3.png,bicycle,knife,texture,813,spatula,knife,5.1561241889430676e-06,0.002502501243725419,0.0
shape_resnet50_SIN_and_IN_finetuned_on_IN,bicycle4-oven3.png,bicycle,oven,neither,480,cash_machine,chair,7.804578490322456e-05,0.003195003606379032,0.4379071891307831
shape_resnet50_SIN_and_IN_finetuned_on_IN,bicycle4-truck3.png,bicycle,truck,neither,691,oxygen_mask,bottle,1.4239734809962101e-05,0.002218356356024742,0.13572175800800323
shape_resnet50_SIN_and_IN_finetuned_on_IN,bicycle5-bear1.png,bicycle,bear,neither,76,tarantula,elephant,6.329622010525782e-06,0.0015164348296821117,0.23062367737293243
shape_resnet50_SIN_and_IN_finetuned_on_IN,bicycle5-bottle3.png,bicycle,bottle,neither,635,magnetic_compass,clock,0.005929022096097469,0.012575656175613403,0.6751518845558167
shape_resnet50_SIN_and_IN_finetuned_on_IN,bicycle5-car3.png,bicycle,car,texture,665,moped,car,0.0024163322523236275,0.008137671276926994,0.0
shape_resnet50_SIN_and_IN_finetuned_on_IN,bicycle5-cat1.png,bicycle,cat,neither,213,Irish_setter,bottle,4.5485376176657155e-05,0.003640366718173027,0.109892338514328
shape_resnet50_SIN_and_IN_finetuned_on_IN,bicycle5-chair2.png,bicycle,chair,neither,554,fireboat,boat,0.0007842569029890001,0.0024560941383242607,0.5317320227622986
shape_resnet50_SIN_and_IN_finetuned_on_IN,bicycle5-dog2.png,bicycle,dog,texture,333,hamster,dog,1.683639857219532e-05,0.0020908177830278873,0.0
shape_resnet50_SIN_and_IN_finetuned_on_IN,bicycle5-elephant1.png,bicycle,elephant,texture,385,Indian_elephant,elephant,0.00011635229748208076,0.37963631749153137,0.0
shape_resnet50_SIN_and_IN_finetuned_on_IN,bicycle5-keyboard3.png,bicycle,keyboard,texture,745,projector,keyboard,9.46273939916864e-06,0.0006075602141208947,0.0
shape_resnet50_SIN_and_IN_finetuned_on_IN,bicycle5-oven3.png,bicycle,oven,texture,760,refrigerator,oven,9.522269465378486e-06,0.00424009608104825,0.0
shape_resnet50_SIN_and_IN_finetuned_on_IN,bicycle6-airplane2.png,bicycle,airplane,neither,795,ski,knife,8.87486821739003e-05,0.0009072346147149801,0.17985813319683075
shape_resnet50_SIN_and_IN_finetuned_on_IN,bicycle6-boat2.png,bicycle,boat,texture,865,toyshop,boat,0.0015283883549273014,0.004134084098041058,0.0
shape_resnet50_SIN_and_IN_finetuned_on_IN,bicycle6-car2.png,bicycle,car,neither,865,toyshop,bottle,0.00036527024349197745,0.00165037892293185,0.10336233675479889
shape_resnet50_SIN_and_IN_finetuned_on_IN,bicycle6-cat1.png,bicycle,cat,neither,207,golden_retriever,dog,6.265831325436011e-05,0.005776943173259497,0.21016952395439148
shape_resnet50_SIN_and_IN_finetuned_on_IN,bicycle6-dog2.png,bicycle,dog,texture,299,meerkat,dog,0.00010979764920193702,0.0033037427347153425,0.0
shape_resnet50_SIN_and_IN_finetuned_on_IN,bicycle7-bear2.png,bicycle,bear,neither,140,red-backed_sandpiper,bird,2.8107537218602374e-05,0.004923672880977392,0.2686811089515686
shape_resnet50_SIN_and_IN_finetuned_on_IN,bicycle7-cat1.png,bicycle,cat,neither,219,cocker_spaniel,dog,0.00020780909107998013,0.004713080823421478,0.48078832030296326
shape_resnet50_SIN_and_IN_finetuned_on_IN,bicycle7-clock3.png,bicycle,clock,texture,826,stopwatch,clock,2.755073546722997e-05,0.026812301948666573,0.0
shape_resnet50_SIN_and_IN_finetuned_on_IN,bicycle7-elephant2.png,bicycle,elephant,texture,386,African_elephant,elephant,5.3218927860143594e-06,0.42179208993911743,0.0
shape_resnet50_SIN_and_IN_finetuned_on_IN,bicycle7-knife2.png,bicycle,knife,neither,635,magnetic_compass,clock,0.0008823155076242983,0.002191664185374975,0.6944079995155334
shape_resnet50_SIN_and_IN_finetuned_on_IN,bicycle7-oven1.png,bicycle,oven,texture,861,toilet_seat,oven,3.687380285555264e-06,0.00035498777288012207,0.0
shape_resnet50_SIN_and_IN_finetuned_on_IN,bicycle7-truck3.png,bicycle,truck,neither,711,perfume,bottle,4.299895590520464e-05,8.690882532391697e-05,0.27488791942596436
shape_resnet50_SIN_and_IN_finetuned_on_IN,bicycle8-bear2.png,bicycle,bear,neither,360,otter,elephant,9.310877067036927e-05,0.000809567398391664,0.8295709490776062
shape_resnet50_SIN_and_IN_finetuned_on_IN,bicycle8-bird2.png,bicycle,bird,shape,671,mountain_bike,bicycle,0.498525470495224,1.1563869861674902e-09,0.0
shape_resnet50_SIN_and_IN_finetuned_on_IN,bicycle8-boat1.png,bicycle,boat,shape,665,moped,bicycle,0.11442580819129944,0.0007777638966217637,0.0
shape_resnet50_SIN_and_IN_finetuned_on_IN,bicycle8-chair2.png,bicycle,chair,shape,870,tricycle,bicycle,0.04130065068602562,0.03643584996461868,0.0
shape_resnet50_SIN_and_IN_finetuned_on_IN,bicycle8-clock3.png,bicycle,clock,texture,826,stopwatch,clock,5.201486055739224e-05,0.047455087304115295,0.0
shape_resnet50_SIN_and_IN_finetuned_on_IN,bicycle8-truck1.png,bicycle,truck,neither,665,moped,car,0.001154764206148684,6.812803621869534e-05,0.6844684481620789
shape_resnet50_SIN_and_IN_finetuned_on_IN,bicycle9-airplane2.png,bicycle,airplane,neither,518,crash_helmet,car,0.0023894188925623894,0.00011030963651137426,0.4810265302658081
shape_resnet50_SIN_and_IN_finetuned_on_IN,bicycle9-bear1.png,bicycle,bear,texture,299,meerkat,bear,9.727374390422483e-07,0.0002696941082831472,0.0
shape_resnet50_SIN_and_IN_finetuned_on_IN,bicycle9-bird3.png,bicycle,bird,neither,711,perfume,knife,0.0002475668443366885,7.687268225708976e-05,0.24969851970672607
shape_resnet50_SIN_and_IN_finetuned_on_IN,bicycle9-bottle1.png,bicycle,bottle,neither,865,toyshop,clock,0.000982905039563775,0.00014166298205964267,0.34618380665779114
shape_resnet50_SIN_and_IN_finetuned_on_IN,bicycle9-car1.png,bicycle,car,texture,971,bubble,car,0.0014082585694268346,0.001436438993550837,0.0
shape_resnet50_SIN_and_IN_finetuned_on_IN,bicycle9-cat3.png,bicycle,cat,texture,76,tarantula,cat,2.9664341127499938e-05,0.004534467589110136,0.0
shape_resnet50_SIN_and_IN_finetuned_on_IN,bicycle9-chair1.png,bicycle,chair,texture,423,barber_chair,chair,4.440754128154367e-05,0.054124295711517334,0.0
shape_resnet50_SIN_and_IN_finetuned_on_IN,bicycle9-keyboard3.png,bicycle,keyboard,texture,438,beaker,keyboard,8.636561119601538e-07,0.00028165619005449116,0.0
shape_resnet50_SIN_and_IN_finetuned_on_IN,bicycle9-knife3.png,bicycle,knife,texture,813,spatula,knife,1.926402092067292e-06,0.003137053456157446,0.0
shape_resnet50_SIN_and_IN_finetuned_on_IN,bird1-airplane2.png,bird,airplane,neither,518,crash_helmet,car,8.72591626830399e-05,8.774503658059984e-05,0.6861639618873596
shape_resnet50_SIN_and_IN_finetuned_on_IN,bird1-bear1.png,bird,bear,neither,76,tarantula,elephant,0.0005595996626652777,0.0046794218942523,0.5195497870445251
shape_resnet50_SIN_and_IN_finetuned_on_IN,bird1-bicycle2.png,bird,bicycle,texture,566,French_horn,bicycle,2.2360534785548225e-05,0.0007872138521634042,0.0
shape_resnet50_SIN_and_IN_finetuned_on_IN,bird1-boat1.png,bird,boat,texture,592,hard_disc,boat,7.1902695708558895e-06,0.0119649488478899,0.0
shape_resnet50_SIN_and_IN_finetuned_on_IN,bird1-chair2.png,bird,chair,texture,762,restaurant,chair,3.6051312690688064e-06,0.017800450325012207,0.0
shape_resnet50_SIN_and_IN_finetuned_on_IN,bird1-clock3.png,bird,clock,texture,826,stopwatch,clock,1.6630016261842684e-06,0.04566795006394386,0.0
shape_resnet50_SIN_and_IN_finetuned_on_IN,bird1-elephant2.png,bird,elephant,texture,386,African_elephant,elephant,2.5126951186393853e-07,0.49342024326324463,0.0
shape_resnet50_SIN_and_IN_finetuned_on_IN,bird1-keyboard3.png,bird,keyboard,neither,898,water_bottle,bottle,3.591963468352333e-05,0.00025893881684169173,0.1583695411682129
shape_resnet50_SIN_and_IN_finetuned_on_IN,bird1-knife3.png,bird,knife,texture,606,iron,knife,0.00026932673063129187,0.018400268629193306,0.0
shape_resnet50_SIN_and_IN_finetuned_on_IN,bird1-oven1.png,bird,oven,texture,859,toaster,oven,7.152778380259406e-06,0.003585879225283861,0.0
shape_resnet50_SIN_and_IN_finetuned_on_IN,bird1-truck1.png,bird,truck,neither,898,water_bottle,bottle,2.354099137846788e-07,5.188670456846012e-06,0.8433343768119812
shape_resnet50_SIN_and_IN_finetuned_on_IN,bird10-bear2.png,bird,bear,texture,299,meerkat,bear,0.00013438273163046688,0.09745368361473083,0.0
shape_resnet50_SIN_and_IN_finetuned_on_IN,bird10-bicycle1.png,bird,bicycle,texture,534,dishwasher,bicycle,5.424989012681181e-06,0.0012015649117529392,0.0
shape_resnet50_SIN_and_IN_finetuned_on_IN,bird10-cat1.png,bird,cat,neither,219,cocker_spaniel,dog,0.00035151082556694746,0.001930458121933043,0.13341744244098663
shape_resnet50_SIN_and_IN_finetuned_on_IN,bird10-chair1.png,bird,chair,neither,598,home_theater,car,2.6900963348452933e-05,0.003439083229750395,0.15646296739578247
shape_resnet50_SIN_and_IN_finetuned_on_IN,bird10-clock1.png,bird,clock,texture,892,wall_clock,clock,3.3057557402571547e-07,0.2756495773792267,0.0
shape_resnet50_SIN_and_IN_finetuned_on_IN,bird10-elephant2.png,bird,elephant,texture,385,Indian_elephant,elephant,4.255845453826623e-08,0.4976225197315216,0.0
shape_resnet50_SIN_and_IN_finetuned_on_IN,bird2-airplane3.png,bird,airplane,texture,812,space_shuttle,airplane,4.0837978303898126e-05,0.002328867558389902,0.0
shape_resnet50_SIN_and_IN_finetuned_on_IN,bird2-car3.png,bird,car,texture,917,comic_book,car,2.7468347525427816e-06,0.01576916314661503,0.0
shape_resnet50_SIN_and_IN_finetuned_on_IN,bird2-clock3.png,bird,clock,texture,847,tank,clock,1.5475805412279442e-05,0.00890541635453701,0.0
shape_resnet50_SIN_and_IN_finetuned_on_IN,bird2-dog2.png,bird,dog,texture,212,English_setter,dog,1.8560182070359588e-05,0.00900967326015234,0.0
shape_resnet50_SIN_and_IN_finetuned_on_IN,bird2-knife1.png,bird,knife,texture,597,holster,knife,2.6323486963519827e-06,0.004502264317125082,0.0
shape_resnet50_SIN_and_IN_finetuned_on_IN,bird3-bear3.png,bird,bear,texture,360,otter,bear,0.00015763237024657428,0.08319565653800964,0.0
shape_resnet50_SIN_and_IN_finetuned_on_IN,bird3-boat3.png,bird,boat,neither,819,stage,truck,2.9748453016509302e-05,0.00012093201803509146,0.5084224343299866
shape_resnet50_SIN_and_IN_finetuned_on_IN,bird3-bottle2.png,bird,bottle,texture,711,perfume,bottle,6.964910870266294e-09,0.0033826499711722136,0.0
shape_resnet50_SIN_and_IN_finetuned_on_IN,bird3-cat1.png,bird,cat,texture,213,Irish_setter,cat,0.0010000759502872825,0.01909862644970417,0.0
shape_resnet50_SIN_and_IN_finetuned_on_IN,bird3-dog1.png,bird,dog,neither,299,meerkat,bear,2.0418600854554825e-07,2.3485126803279854e-06,0.78528892993927
shape_resnet50_SIN_and_IN_finetuned_on_IN,bird3-knife3.png,bird,knife,texture,499,cleaver,knife,0.00020434589532669634,0.17075908184051514,0.0
shape_resnet50_SIN_and_IN_finetuned_on_IN,bird3-oven1.png,bird,oven,texture,760,refrigerator,oven,7.422053727168532e-08,9.453329403186217e-05,0.0
shape_resnet50_SIN_and_IN_finetuned_on_IN,bird3-truck3.png,bird,truck,texture,760,refrigerator,truck,0.00022842305770609528,0.00505786994472146,0.0
shape_resnet50_SIN_and_IN_finetuned_on_IN,bird4-airplane1.png,bird,airplane,neither,403,aircraft_carrier,clock,9.937637514667585e-06,0.0011719216126948595,0.4158850610256195
shape_resnet50_SIN_and_IN_finetuned_on_IN,bird4-bicycle2.png,bird,bicycle,neither,791,shopping_cart,chair,6.014192422298947e-06,0.0001781054015737027,0.7780581712722778
shape_resnet50_SIN_and_IN_finetuned_on_IN,bird4-cat3.png,bird,cat,neither,76,tarantula,dog,5.7239314628532156e-05,0.0005927569582127035,0.14894932508468628
shape_resnet50_SIN_and_IN_finetuned_on_IN,bird4-clock1.png,bird,clock,texture,748,purse,clock,5.394222739596444e-07,0.017816273495554924,0.0
shape_resnet50_SIN_and_IN_finetuned_on_IN,bird4-dog3.png,bird,dog,texture,202,soft-coated_wheaten_terrier,dog,1.8587183149065822e-05,0.008357945829629898,0.0
shape_resnet50_SIN_and_IN_finetuned_on_IN,bird5-airplane3.png,bird,airplane,texture,404,airliner,airplane,2.6963482014252804e-05,0.20782877504825592,0.0
shape_resnet50_SIN_and_IN_finetuned_on_IN,bird5-bear3.png,bird,bear,texture,360,otter,bear,0.002409527311101556,0.031093813478946686,0.0
shape_resnet50_SIN_and_IN_finetuned_on_IN,bird5-bicycle1.png,bird,bicycle,texture,692,packet,bicycle,1.0230205589323305e-05,0.007445690222084522,0.0
shape_resnet50_SIN_and_IN_finetuned_on_IN,bird5-car2.png,bird,car,texture,709,pencil_box,car,1.2867492841905914e-05,0.0005000465316697955,0.0
shape_resnet50_SIN_and_IN_finetuned_on_IN,bird5-cat2.png,bird,cat,texture,287,lynx,cat,0.0010349720250815153,0.0056889858096838,0.0
shape_resnet50_SIN_and_IN_finetuned_on_IN,bird5-chair1.png,bird,chair,neither,575,golfcart,car,1.1718906534952112e-05,0.0030257324688136578,0.2675655782222748
shape_resnet50_SIN_and_IN_finetuned_on_IN,bird5-dog2.png,bird,dog,texture,212,English_setter,dog,0.000643957348074764,0.007407812867313623,0.0
shape_resnet50_SIN_and_IN_finetuned_on_IN,bird5-keyboard2.png,bird,keyboard,neither,438,beaker,bottle,7.180397460615495e-06,0.007275571580976248,0.15582731366157532
shape_resnet50_SIN_and_IN_finetuned_on_IN,bird5-oven3.png,bird,oven,texture,651,microwave,oven,3.5524644204087963e-07,0.00038259930443018675,0.0
shape_resnet50_SIN_and_IN_finetuned_on_IN,bird5-truck2.png,bird,truck,neither,555,fire_engine,car,2.3175836759037338e-05,0.04769361764192581,0.32339900732040405
shape_resnet50_SIN_and_IN_finetuned_on_IN,bird6-airplane2.png,bird,airplane,texture,723,pinwheel,airplane,4.200657349429093e-05,0.0025734417140483856,0.0
shape_resnet50_SIN_and_IN_finetuned_on_IN,bird6-boat2.png,bird,boat,texture,625,lifeboat,boat,4.221464223519433e-06,0.09123846143484116,0.0
shape_resnet50_SIN_and_IN_finetuned_on_IN,bird6-bottle3.png,bird,bottle,texture,737,pop_bottle,bottle,1.7005754671117757e-07,0.13608142733573914,0.0
shape_resnet50_SIN_and_IN_finetuned_on_IN,bird6-car3.png,bird,car,texture,917,comic_book,car,9.029510692926124e-06,0.010693897493183613,0.0
shape_resnet50_SIN_and_IN_finetuned_on_IN,bird6-elephant2.png,bird,elephant,texture,386,African_elephant,elephant,4.4555295630743785e-07,0.4976895749568939,0.0
shape_resnet50_SIN_and_IN_finetuned_on_IN,bird6-oven1.png,bird,oven,neither,713,photocopier,chair,2.658643643371761e-05,0.00097562005976215,0.30539172887802124
shape_resnet50_SIN_and_IN_finetuned_on_IN,bird6-truck2.png,bird,truck,neither,581,grille,car,1.733612225507386e-05,0.010027792304754257,0.6629175543785095
shape_resnet50_SIN_and_IN_finetuned_on_IN,bird7-boat1.png,bird,boat,texture,871,trimaran,boat,2.339706406928599e-05,0.025185132399201393,0.0
shape_resnet50_SIN_and_IN_finetuned_on_IN,bird7-bottle1.png,bird,bottle,texture,711,perfume,bottle,7.657322242948794e-08,0.006156838033348322,0.0
shape_resnet50_SIN_and_IN_finetuned_on_IN,bird7-car2.png,bird,car,neither,709,pencil_box,clock,3.94544804294128e-05,8.797319605946541e-05,0.4820184111595154
shape_resnet50_SIN_and_IN_finetuned_on_IN,bird7-cat3.png,bird,cat,neither,76,tarantula,elephant,0.001462916494347155,0.0002254579303553328,0.14130352437496185
shape_resnet50_SIN_and_IN_finetuned_on_IN,bird7-keyboard3.png,bird,keyboard,texture,592,hard_disc,keyboard,1.6337691704393364e-05,0.0018545151688158512,0.0
shape_resnet50_SIN_and_IN_finetuned_on_IN,bird7-knife2.png,bird,knife,texture,749,quill,knife,0.00020331298583187163,0.08277475088834763,0.0
shape_resnet50_SIN_and_IN_finetuned_on_IN,bird7-oven3.png,bird,oven,texture,760,refrigerator,oven,1.12262874552016e-07,0.001046571647748351,0.0
shape_resnet50_SIN_and_IN_finetuned_on_IN,bird7-truck2.png,bird,truck,texture,555,fire_engine,truck,0.00011796370381489396,0.051354411989450455,0.0
shape_resnet50_SIN_and_IN_finetuned_on_IN,bird8-boat3.png,bird,boat,neither,917,comic_book,clock,0.00016851213877089322,0.00013894402945879847,0.3445495069026947
shape_resnet50_SIN_and_IN_finetuned_on_IN,bird8-bottle1.png,bird,bottle,neither,711,perfume,clock,1.5115796259124181e-06,0.0011108032194897532,0.31050053238868713
shape_resnet50_SIN_and_IN_finetuned_on_IN,bird8-car2.png,bird,car,neither,709,pencil_box,bottle,2.757372203632258e-05,3.158463005092926e-05,0.3314565122127533
shape_resnet50_SIN_and_IN_finetuned_on_IN,bird8-chair1.png,bird,chair,neither,511,convertible,car,8.366366728296271e-07,0.002041310304775834,0.41766107082366943
shape_resnet50_SIN_and_IN_finetuned_on_IN,bird8-clock1.png,bird,clock,texture,748,purse,clock,2.2351532606990077e-06,0.03191832825541496,0.0
shape_resnet50_SIN_and_IN_finetuned_on_IN,bird8-elephant1.png,bird,elephant,texture,385,Indian_elephant,elephant,3.054732928831072e-07,0.46202224493026733,0.0
shape_resnet50_SIN_and_IN_finetuned_on_IN,bird8-keyboard2.png,bird,keyboard,neither,534,dishwasher,bottle,1.8356417058384977e-05,0.0008587681222707033,0.22006955742835999
shape_resnet50_SIN_and_IN_finetuned_on_IN,bird8-knife2.png,bird,knife,texture,499,cleaver,knife,0.00029933315818198025,0.6645811200141907,0.0
shape_resnet50_SIN_and_IN_finetuned_on_IN,bird9-bear3.png,bird,bear,texture,360,otter,bear,0.000196095512364991,0.004218159709125757,0.0
shape_resnet50_SIN_and_IN_finetuned_on_IN,bird9-bicycle3.png,bird,bicycle,neither,124,crayfish,bottle,0.0006910837255418301,4.202882701065391e-05,0.3344382643699646
shape_resnet50_SIN_and_IN_finetuned_on_IN,bird9-bottle3.png,bird,bottle,texture,529,diaper,bottle,5.725946175516583e-05,0.02559622749686241,0.0
shape_resnet50_SIN_and_IN_finetuned_on_IN,bird9-chair1.png,bird,chair,neither,511,convertible,car,3.3455346510891104e-06,0.007622326724231243,0.37244659662246704
shape_resnet50_SIN_and_IN_finetuned_on_IN,bird9-dog2.png,bird,dog,texture,212,English_setter,dog,5.938930917182006e-05,0.008990414440631866,0.0
shape_resnet50_SIN_and_IN_finetuned_on_IN,bird9-elephant2.png,bird,elephant,texture,386,African_elephant,elephant,8.056595675043354e-07,0.48352134227752686,0.0
shape_resnet50_SIN_and_IN_finetuned_on_IN,bird9-keyboard1.png,bird,keyboard,texture,69,trilobite,keyboard,4.9385671445634216e-05,0.02623598836362362,0.0
shape_resnet50_SIN_and_IN_finetuned_on_IN,boat1-bear1.png,boat,bear,texture,299,meerkat,bear,4.2218300222884864e-05,0.032206226140260696,0.0
shape_resnet50_SIN_and_IN_finetuned_on_IN,boat1-bicycle2.png,boat,bicycle,neither,770,running_shoe,bottle,1.2374936886772048e-05,0.00390616781078279,0.1418249011039734
shape_resnet50_SIN_and_IN_finetuned_on_IN,boat1-bird3.png,boat,bird,texture,552,feather_boa,bird,0.0002586607006378472,0.005312013439834118,0.0
shape_resnet50_SIN_and_IN_finetuned_on_IN,boat1-car2.png,boat,car,neither,709,pencil_box,keyboard,9.160600166069344e-05,0.000272276607574895,0.32228168845176697
shape_resnet50_SIN_and_IN_finetuned_on_IN,boat1-chair3.png,boat,chair,neither,762,restaurant,car,0.00032756413565948606,0.0024142421316355467,0.3144329786300659
shape_resnet50_SIN_and_IN_finetuned_on_IN,boat1-elephant3.png,boat,elephant,texture,386,African_elephant,elephant,3.949779525669328e-08,0.4865061342716217,0.0
shape_resnet50_SIN_and_IN_finetuned_on_IN,boat1-keyboard3.png,boat,keyboard,neither,592,hard_disc,bottle,9.79969172476558e-06,0.00011756975436583161,0.8438921570777893
shape_resnet50_SIN_and_IN_finetuned_on_IN,boat1-oven1.png,boat,oven,neither,757,recreational_vehicle,airplane,0.00021471439686138183,0.00258267717435956,0.2315090149641037
shape_resnet50_SIN_and_IN_finetuned_on_IN,boat1-truck3.png,boat,truck,neither,760,refrigerator,bottle,7.596549403388053e-05,0.005870112683624029,0.47059234976768494
shape_resnet50_SIN_and_IN_finetuned_on_IN,boat10-bear3.png,boat,bear,neither,360,otter,elephant,7.952449232107028e-05,0.017005302011966705,0.41990140080451965
shape_resnet50_SIN_and_IN_finetuned_on_IN,boat10-cat1.png,boat,cat,texture,207,golden_retriever,cat,5.8271136367693543e-05,0.03105410933494568,0.0
shape_resnet50_SIN_and_IN_finetuned_on_IN,boat10-oven1.png,boat,oven,neither,742,printer,car,4.063402684550965e-06,0.00011005974374711514,0.8309211730957031
shape_resnet50_SIN_and_IN_finetuned_on_IN,boat10-truck1.png,boat,truck,neither,711,perfume,car,2.646471511980053e-05,0.0005063560674898326,0.48861512541770935
shape_resnet50_SIN_and_IN_finetuned_on_IN,boat2-airplane1.png,boat,airplane,neither,403,aircraft_carrier,clock,0.003901129588484764,0.002234573243185878,0.19266165792942047
shape_resnet50_SIN_and_IN_finetuned_on_IN,boat2-bear3.png,boat,bear,texture,360,otter,bear,6.974857569730375e-06,0.00021425573504529893,0.0
shape_resnet50_SIN_and_IN_finetuned_on_IN,boat2-bird1.png,boat,bird,texture,17,jay,bird,4.376755441626301e-06,0.0006762039847671986,0.0
shape_resnet50_SIN_and_IN_finetuned_on_IN,boat2-bottle2.png,boat,bottle,texture,711,perfume,bottle,6.670548141629595e-11,0.0002548790071159601,0.0
shape_resnet50_SIN_and_IN_finetuned_on_IN,boat2-keyboard1.png,boat,keyboard,texture,481,cassette,keyboard,9.433203558728565e-06,0.0016520038479939103,0.0
shape_resnet50_SIN_and_IN_finetuned_on_IN,boat2-oven3.png,boat,oven,texture,648,medicine_chest,oven,3.1063275400811108e-06,0.0007056419854052365,0.0
shape_resnet50_SIN_and_IN_finetuned_on_IN,boat3-airplane2.png,boat,airplane,neither,518,crash_helmet,car,0.000292634911602363,0.000443439232185483,0.26426610350608826
shape_resnet50_SIN_and_IN_finetuned_on_IN,boat3-bicycle2.png,boat,bicycle,neither,695,padlock,bottle,1.3959312127553858e-05,0.005725957918912172,0.1589474231004715
shape_resnet50_SIN_and_IN_finetuned_on_IN,boat3-car3.png,boat,car,texture,788,shoe_shop,car,0.0020654338877648115,0.021028058603405952,0.0
shape_resnet50_SIN_and_IN_finetuned_on_IN,boat3-cat3.png,boat,cat,texture,331,hare,cat,7.172852929215878e-05,0.006957722827792168,0.0
shape_resnet50_SIN_and_IN_finetuned_on_IN,boat3-chair3.png,boat,chair,neither,477,carpenter's_kit,bottle,0.00021333091717679054,0.00015187475946731865,0.40511587262153625
shape_resnet50_SIN_and_IN_finetuned_on_IN,boat3-clock3.png,boat,clock,neither,592,hard_disc,bottle,1.140026688517537e-05,0.0010509489802643657,0.10365505516529083
shape_resnet50_SIN_and_IN_finetuned_on_IN,boat3-dog3.png,boat,dog,texture,207,golden_retriever,dog,0.00013454564032144845,0.006412974093109369,0.0
shape_resnet50_SIN_and_IN_finetuned_on_IN,boat3-keyboard2.png,boat,keyboard,neither,518,crash_helmet,bottle,0.0001816024596337229,0.0008727455278858542,0.17508099973201752
shape_resnet50_SIN_and_IN_finetuned_on_IN,boat4-bicycle3.png,boat,bicycle,neither,509,confectionery,bottle,2.517972461646423e-07,9.343491910840385e-06,0.771747887134552
shape_resnet50_SIN_and_IN_finetuned_on_IN,boat4-bird1.png,boat,bird,texture,17,jay,bird,4.194859866402112e-05,0.004476439673453569,0.0
shape_resnet50_SIN_and_IN_finetuned_on_IN,boat4-bottle2.png,boat,bottle,texture,711,perfume,bottle,6.453747536383503e-10,0.0008920682012103498,0.0
shape_resnet50_SIN_and_IN_finetuned_on_IN,boat4-car3.png,boat,car,texture,670,motor_scooter,car,0.001122587826102972,0.012950080446898937,0.0
shape_resnet50_SIN_and_IN_finetuned_on_IN,boat4-chair2.png,boat,chair,neither,762,restaurant,bottle,8.859336048772093e-06,0.00026902358513325453,0.5333127975463867
shape_resnet50_SIN_and_IN_finetuned_on_IN,boat4-dog2.png,boat,dog,neither,23,vulture,bottle,4.9302867410006e-05,0.0009137289598584175,0.07619233429431915
shape_resnet50_SIN_and_IN_finetuned_on_IN,boat4-elephant2.png,boat,elephant,texture,385,Indian_elephant,elephant,1.6385749646019576e-08,0.4972720444202423,0.0
shape_resnet50_SIN_and_IN_finetuned_on_IN,boat4-knife2.png,boat,knife,texture,893,wallet,knife,5.3560255764750764e-05,0.038399387151002884,0.0
shape_resnet50_SIN_and_IN_finetuned_on_IN,boat5-airplane1.png,boat,airplane,neither,549,envelope,knife,0.0004233405052218586,0.0004967525601387024,0.27742236852645874
shape_resnet50_SIN_and_IN_finetuned_on_IN,boat5-bicycle3.png,boat,bicycle,neither,509,confectionery,bottle,7.570910383947194e-06,0.00016233717906288803,0.2397240549325943
shape_resnet50_SIN_and_IN_finetuned_on_IN,boat5-car3.png,boat,car,texture,711,perfume,car,0.0002735809830483049,0.04242749884724617,0.0
shape_resnet50_SIN_and_IN_finetuned_on_IN,boat5-clock3.png,boat,clock,texture,868,tray,clock,1.955230618477799e-05,0.006356889847666025,0.0
shape_resnet50_SIN_and_IN_finetuned_on_IN,boat5-knife2.png,boat,knife,texture,591,handkerchief,knife,0.00011177077976753935,0.004019805695861578,0.0
shape_resnet50_SIN_and_IN_finetuned_on_IN,boat6-airplane2.png,boat,airplane,neither,895,warplane,car,0.002024634275585413,0.0015282599488273263,0.4178781807422638
shape_resnet50_SIN_and_IN_finetuned_on_IN,boat6-bear1.png,boat,bear,texture,354,Arabian_camel,bear,9.879523759082076e-07,0.0081443777307868,0.0
shape_resnet50_SIN_and_IN_finetuned_on_IN,boat6-bicycle2.png,boat,bicycle,texture,534,dishwasher,bicycle,6.156320978334406e-06,0.017165394499897957,0.0
shape_resnet50_SIN_and_IN_finetuned_on_IN,boat6-bottle2.png,boat,bottle,texture,711,perfume,bottle,7.962015768914199e-11,0.0016122412635013461,0.0
shape_resnet50_SIN_and_IN_finetuned_on_IN,boat6-car1.png,boat,car,neither,865,toyshop,chair,0.0005535964737646282,0.00012119131861254573,0.2074729949235916
shape_resnet50_SIN_and_IN_finetuned_on_IN,boat6-cat1.png,boat,cat,texture,291,lion,cat,0.000163380173034966,0.011407638899981976,0.0
shape_resnet50_SIN_and_IN_finetuned_on_IN,boat6-clock2.png,boat,clock,neither,898,water_bottle,bottle,0.0001570087333675474,0.00011071617336710915,0.408705472946167
shape_resnet50_SIN_and_IN_finetuned_on_IN,boat6-dog1.png,boat,dog,texture,189,Lakeland_terrier,dog,3.371725597389741e-06,0.006541027221828699,0.0
shape_resnet50_SIN_and_IN_finetuned_on_IN,boat6-elephant2.png,boat,elephant,texture,386,African_elephant,elephant,6.968907655391376e-07,0.4815378785133362,0.0
shape_resnet50_SIN_and_IN_finetuned_on_IN,boat6-knife2.png,boat,knife,texture,788,shoe_shop,knife,6.867335468996316e-05,0.04302256181836128,0.0
shape_resnet50_SIN_and_IN_finetuned_on_IN,boat6-truck3.png,boat,truck,texture,760,refrigerator,truck,6.401291557267541e-06,0.00012430635979399085,0.0
shape_resnet50_SIN_and_IN_finetuned_on_IN,boat7-bottle1.png,boat,bottle,neither,865,toyshop,clock,1.3886444776289864e-06,0.0003226229746360332,0.6899559497833252
shape_resnet50_SIN_and_IN_finetuned_on_IN,boat7-cat3.png,boat,cat,texture,76,tarantula,cat,8.582044756622054e-06,0.0010097372578456998,0.0
shape_resnet50_SIN_and_IN_finetuned_on_IN,boat7-chair1.png,boat,chair,neither,575,golfcart,car,0.005493765696883202,0.01296255923807621,0.14028261601924896
shape_resnet50_SIN_and_IN_finetuned_on_IN,boat7-clock3.png,boat,clock,texture,868,tray,clock,2.654114541655872e-05,0.006423841696232557,0.0
shape_resnet50_SIN_and_IN_finetuned_on_IN,boat7-elephant3.png,boat,elephant,texture,386,African_elephant,elephant,3.7950492526306334e-08,0.47944048047065735,0.0
shape_resnet50_SIN_and_IN_finetuned_on_IN,boat7-keyboard3.png,boat,keyboard,neither,570,gasmask,bottle,2.3000695364316925e-05,0.000550373806618154,0.07000206410884857
shape_resnet50_SIN_and_IN_finetuned_on_IN,boat7-oven3.png,boat,oven,texture,760,refrigerator,oven,9.925814083544537e-06,0.003356288420036435,0.0
shape_resnet50_SIN_and_IN_finetuned_on_IN,boat7-truck2.png,boat,truck,texture,555,fire_engine,truck,0.005302663892507553,0.026196476072072983,0.0
shape_resnet50_SIN_and_IN_finetuned_on_IN,boat8-bird2.png,boat,bird,neither,394,sturgeon,bottle,4.047126367368037e-06,1.9600333871494513e-06,0.371725857257843
shape_resnet50_SIN_and_IN_finetuned_on_IN,boat8-bottle1.png,boat,bottle,texture,865,toyshop,bottle,4.4861207015856053e-07,0.0057479748502373695,0.0
shape_resnet50_SIN_and_IN_finetuned_on_IN,boat8-dog3.png,boat,dog,neither,216,clumber,bear,0.0011233476689085364,0.004298893269151449,0.1715829223394394
shape_resnet50_SIN_and_IN_finetuned_on_IN,boat8-elephant1.png,boat,elephant,texture,385,Indian_elephant,elephant,2.269375798391593e-09,0.488293319940567,0.0
shape_resnet50_SIN_and_IN_finetuned_on_IN,boat8-knife1.png,boat,knife,texture,592,hard_disc,knife,2.736778696998954e-06,0.0010120616061612964,0.0
shape_resnet50_SIN_and_IN_finetuned_on_IN,boat8-oven1.png,boat,oven,shape,742,printer,boat,0.001683447160758078,0.00010881722846534103,0.0
shape_resnet50_SIN_and_IN_finetuned_on_IN,boat8-truck2.png,boat,truck,neither,581,grille,car,0.0028198445215821266,0.019352469593286514,0.19874493777751923
shape_resnet50_SIN_and_IN_finetuned_on_IN,boat9-airplane2.png,boat,airplane,texture,723,pinwheel,airplane,0.0003262279205955565,0.0013095444301143289,0.0
shape_resnet50_SIN_and_IN_finetuned_on_IN,boat9-bear3.png,boat,bear,neither,360,otter,elephant,0.00048590879305265844,0.0029549316968768835,0.25001436471939087
shape_resnet50_SIN_and_IN_finetuned_on_IN,boat9-bird1.png,boat,bird,texture,669,mosquito_net,bird,4.850045661441982e-05,0.00022024747158866376,0.0
shape_resnet50_SIN_and_IN_finetuned_on_IN,boat9-cat3.png,boat,cat,neither,280,grey_fox,bird,2.3527460143668577e-05,0.0008321848581545055,0.19124816358089447
shape_resnet50_SIN_and_IN_finetuned_on_IN,boat9-chair2.png,boat,chair,shape,724,pirate,boat,0.0037156580947339535,0.0015226893592625856,0.0
shape_resnet50_SIN_and_IN_finetuned_on_IN,boat9-clock1.png,boat,clock,neither,711,perfume,bottle,6.209508228494087e-06,0.0031388457864522934,0.5395936965942383
shape_resnet50_SIN_and_IN_finetuned_on_IN,boat9-dog2.png,boat,dog,neither,987,corn,bottle,0.00012375132064335048,0.0015794463688507676,0.1135345920920372
shape_resnet50_SIN_and_IN_finetuned_on_IN,boat9-keyboard2.png,boat,keyboard,neither,760,refrigerator,bottle,0.0007705848547630012,0.00029653715319000185,0.4193269908428192
shape_resnet50_SIN_and_IN_finetuned_on_IN,boat9-knife2.png,boat,knife,texture,549,envelope,knife,1.7983522411668673e-05,0.10577549040317535,0.0
shape_resnet50_SIN_and_IN_finetuned_on_IN,bottle1-bear1.png,bottle,bear,texture,354,Arabian_camel,bear,0.0026342361234128475,0.010375129990279675,0.0
shape_resnet50_SIN_and_IN_finetuned_on_IN,bottle1-bird3.png,bottle,bird,shape,552,feather_boa,bottle,7.070108495099703e-06,3.7172867450863123e-06,0.0
shape_resnet50_SIN_and_IN_finetuned_on_IN,bottle1-car1.png,bottle,car,neither,709,pencil_box,boat,0.00011407247802708298,2.228877065135748e-06,0.5193728804588318
shape_resnet50_SIN_and_IN_finetuned_on_IN,bottle1-cat3.png,bottle,cat,texture,23,vulture,cat,0.0037180413492023945,0.005169300362467766,0.0
shape_resnet50_SIN_and_IN_finetuned_on_IN,bottle1-chair2.png,bottle,chair,neither,534,dishwasher,oven,0.010798754170536995,0.00046746499720029533,0.5150086283683777
shape_resnet50_SIN_and_IN_finetuned_on_IN,bottle1-clock1.png,bottle,clock,texture,892,wall_clock,clock,0.0003996375307906419,0.20055900514125824,0.0
shape_resnet50_SIN_and_IN_finetuned_on_IN,bottle1-dog2.png,bottle,dog,texture,212,English_setter,dog,2.394271177763585e-05,0.00909203477203846,0.0
shape_resnet50_SIN_and_IN_finetuned_on_IN,bottle1-keyboard3.png,bottle,keyboard,shape,747,punching_bag,bottle,0.0003670024161692709,2.6489253286854364e-05,0.0
shape_resnet50_SIN_and_IN_finetuned_on_IN,bottle10-bear2.png,bottle,bear,texture,296,ice_bear,bear,0.0004322046006564051,0.24257372319698334,0.0
shape_resnet50_SIN_and_IN_finetuned_on_IN,bottle10-boat3.png,bottle,boat,shape,534,dishwasher,bottle,0.021466415375471115,3.4764430893119425e-05,0.0
shape_resnet50_SIN_and_IN_finetuned_on_IN,bottle10-car1.png,bottle,car,shape,865,toyshop,bottle,0.006755363196134567,0.00014109775656834245,0.0
shape_resnet50_SIN_and_IN_finetuned_on_IN,bottle10-clock2.png,bottle,clock,shape,898,water_bottle,bottle,0.036621809005737305,0.0034174963366240263,0.0
shape_resnet50_SIN_and_IN_finetuned_on_IN,bottle10-dog1.png,bottle,dog,neither,298,mongoose,cat,4.9553168679494775e-08,4.844995373787242e-07,0.5334563255310059
shape_resnet50_SIN_and_IN_finetuned_on_IN,bottle10-truck3.png,bottle,truck,shape,760,refrigerator,bottle,0.036171067506074905,3.368152101757005e-05,0.0
shape_resnet50_SIN_and_IN_finetuned_on_IN,bottle2-car2.png,bottle,car,shape,917,comic_book,bottle,0.00161197769921273,0.00039782546809874475,0.0
shape_resnet50_SIN_and_IN_finetuned_on_IN,bottle2-chair3.png,bottle,chair,neither,794,shower_curtain,boat,0.00037969756522215903,0.00016324958414770663,0.4364958703517914
shape_resnet50_SIN_and_IN_finetuned_on_IN,bottle2-clock1.png,bottle,clock,texture,592,hard_disc,clock,0.0015053102979436517,0.022325867787003517,0.0
shape_resnet50_SIN_and_IN_finetuned_on_IN,bottle2-elephant1.png,bottle,elephant,texture,385,Indian_elephant,elephant,2.3985484709498905e-09,0.41532808542251587,0.0
shape_resnet50_SIN_and_IN_finetuned_on_IN,bottle2-knife3.png,bottle,knife,shape,907,wine_bottle,bottle,0.030683839693665504,0.0018316670320928097,0.0
shape_resnet50_SIN_and_IN_finetuned_on_IN,bottle3-airplane2.png,bottle,airplane,shape,723,pinwheel,bottle,0.0061791869811713696,0.00037321067065931857,0.0
shape_resnet50_SIN_and_IN_finetuned_on_IN,bottle3-bear2.png,bottle,bear,texture,296,ice_bear,bear,7.360773452091962e-06,0.2063007950782776,0.0
shape_resnet50_SIN_and_IN_finetuned_on_IN,bottle3-bicycle3.png,bottle,bicycle,shape,124,crayfish,bottle,0.016306793317198753,1.5158697351580486e-05,0.0
shape_resnet50_SIN_and_IN_finetuned_on_IN,bottle3-bird1.png,bottle,bird,texture,17,jay,bird,0.00033711318974383175,0.01036562118679285,0.0
shape_resnet50_SIN_and_IN_finetuned_on_IN,bottle3-boat3.png,bottle,boat,texture,562,fountain,boat,0.0018973049009218812,0.002832559635862708,0.0
shape_resnet50_SIN_and_IN_finetuned_on_IN,bottle3-cat3.png,bottle,cat,texture,76,tarantula,cat,0.0001404938957421109,0.0004677077231463045,0.0
shape_resnet50_SIN_and_IN_finetuned_on_IN,bottle3-chair3.png,bottle,chair,shape,562,fountain,bottle,0.0027813671622425318,0.001355592394247651,0.0
shape_resnet50_SIN_and_IN_finetuned_on_IN,bottle3-knife3.png,bottle,knife,shape,617,lab_coat,bottle,0.016995159909129143,0.00037211249582469463,0.0
shape_resnet50_SIN_and_IN_finetuned_on_IN,bottle4-airplane1.png,bottle,airplane,neither,895,warplane,clock,0.0005522661376744509,0.0008196945418603718,0.31214675307273865
shape_resnet50_SIN_and_IN_finetuned_on_IN,bottle4-bicycle1.png,bottle,bicycle,texture,772,safety_pin,bicycle,0.0018120715394616127,0.0023849105928093195,0.0
shape_resnet50_SIN_and_IN_finetuned_on_IN,bottle4-car3.png,bottle,car,texture,670,motor_scooter,car,0.0005914638750255108,0.02586331032216549,0.0
shape_resnet50_SIN_and_IN_finetuned_on_IN,bottle4-dog2.png,bottle,dog,texture,212,English_setter,dog,0.006084606982767582,0.007994082756340504,0.0
shape_resnet50_SIN_and_IN_finetuned_on_IN,bottle4-oven2.png,bottle,oven,shape,760,refrigerator,bottle,0.018712205812335014,0.0006245282711461186,0.0
shape_resnet50_SIN_and_IN_finetuned_on_IN,bottle4-truck1.png,bottle,truck,shape,898,water_bottle,bottle,0.11954652518033981,0.0001134762933361344,0.0
shape_resnet50_SIN_and_IN_finetuned_on_IN,bottle5-airplane1.png,bottle,airplane,texture,895,warplane,airplane,2.2030353648005985e-05,0.0009664833778515458,0.0
shape_resnet50_SIN_and_IN_finetuned_on_IN,bottle5-bird3.png,bottle,bird,shape,552,feather_boa,bottle,0.003292372217401862,0.00036655523581430316,0.0
shape_resnet50_SIN_and_IN_finetuned_on_IN,bottle5-boat1.png,bottle,boat,shape,898,water_bottle,bottle,0.015240177512168884,0.0006308276206254959,0.0
shape_resnet50_SIN_and_IN_finetuned_on_IN,bottle5-cat1.png,bottle,cat,texture,286,cougar,cat,0.0006160367047414184,0.05009813234210014,0.0
shape_resnet50_SIN_and_IN_finetuned_on_IN,bottle5-chair1.png,bottle,chair,neither,854,theater_curtain,car,0.0007345942431129515,0.0007236504461616278,0.17059439420700073
shape_resnet50_SIN_and_IN_finetuned_on_IN,bottle5-clock3.png,bottle,clock,texture,464,buckle,clock,0.00025533526786603034,0.00026356917805969715,0.0
shape_resnet50_SIN_and_IN_finetuned_on_IN,bottle5-elephant1.png,bottle,elephant,texture,385,Indian_elephant,elephant,4.6164433387119175e-11,0.4498581886291504,0.0
shape_resnet50_SIN_and_IN_finetuned_on_IN,bottle5-keyboard2.png,bottle,keyboard,texture,879,umbrella,keyboard,0.0006205768440850079,0.0017944339197129011,0.0
shape_resnet50_SIN_and_IN_finetuned_on_IN,bottle5-knife1.png,bottle,knife,shape,692,packet,bottle,0.00946373213082552,0.0011196652194485068,0.0
shape_resnet50_SIN_and_IN_finetuned_on_IN,bottle5-oven2.png,bottle,oven,shape,760,refrigerator,bottle,0.01605212688446045,0.00027651371783576906,0.0
shape_resnet50_SIN_and_IN_finetuned_on_IN,bottle5-truck1.png,bottle,truck,shape,898,water_bottle,bottle,0.12723447382450104,9.582309758116025e-06,0.0
shape_resnet50_SIN_and_IN_finetuned_on_IN,bottle6-airplane1.png,bottle,airplane,neither,895,warplane,clock,0.002338488819077611,0.0013869351241737604,0.4406481385231018
shape_resnet50_SIN_and_IN_finetuned_on_IN,bottle6-bear2.png,bottle,bear,texture,296,ice_bear,bear,6.527133791678352e-06,0.2471168488264084,0.0
shape_resnet50_SIN_and_IN_finetuned_on_IN,bottle6-bicycle3.png,bottle,bicycle,shape,124,crayfish,bottle,0.003250808920711279,3.981294867116958e-05,0.0
shape_resnet50_SIN_and_IN_finetuned_on_IN,bottle6-bird1.png,bottle,bird,texture,17,jay,bird,0.003617439651861787,0.008687863126397133,0.0
shape_resnet50_SIN_and_IN_finetuned_on_IN,bottle6-boat3.png,bottle,boat,shape,711,perfume,bottle,0.012880094349384308,0.00013276239042170346,0.0
shape_resnet50_SIN_and_IN_finetuned_on_IN,bottle6-chair2.png,bottle,chair,texture,711,perfume,chair,0.0032108540181070566,0.008766924031078815,0.0
shape_resnet50_SIN_and_IN_finetuned_on_IN,bottle6-dog3.png,bottle,dog,texture,216,clumber,dog,0.0011001935927197337,0.007876591756939888,0.0
shape_resnet50_SIN_and_IN_finetuned_on_IN,bottle6-knife3.png,bottle,knife,shape,899,water_jug,bottle,0.0563170425593853,0.0007641043630428612,0.0
shape_resnet50_SIN_and_IN_finetuned_on_IN,bottle6-oven3.png,bottle,oven,texture,760,refrigerator,oven,1.0526769983698614e-05,0.00015405003796331584,0.0
shape_resnet50_SIN_and_IN_finetuned_on_IN,bottle7-airplane3.png,bottle,airplane,shape,643,mask,bottle,0.002693756250664592,0.0004844536306336522,0.0
shape_resnet50_SIN_and_IN_finetuned_on_IN,bottle7-bear1.png,bottle,bear,neither,299,meerkat,cat,0.0005529102636501193,0.0021904706954956055,0.4023037552833557
shape_resnet50_SIN_and_IN_finetuned_on_IN,bottle7-boat3.png,bottle,boat,shape,534,dishwasher,bottle,0.00012335133214946836,8.917279774323106e-05,0.0
shape_resnet50_SIN_and_IN_finetuned_on_IN,bottle7-cat2.png,bottle,cat,texture,287,lynx,cat,5.605862156699004e-07,0.001620001276023686,0.0
shape_resnet50_SIN_and_IN_finetuned_on_IN,bottle7-clock1.png,bottle,clock,texture,592,hard_disc,clock,0.0006829734775237739,0.024544596672058105,0.0
shape_resnet50_SIN_and_IN_finetuned_on_IN,bottle7-elephant2.png,bottle,elephant,texture,385,Indian_elephant,elephant,3.5348222127140616e-08,0.4964318871498108,0.0
shape_resnet50_SIN_and_IN_finetuned_on_IN,bottle7-keyboard2.png,bottle,keyboard,shape,898,water_bottle,bottle,0.02102723717689514,0.0005554032977670431,0.0
shape_resnet50_SIN_and_IN_finetuned_on_IN,bottle7-oven2.png,bottle,oven,shape,760,refrigerator,bottle,0.049501944333314896,0.0003742872504517436,0.0
shape_resnet50_SIN_and_IN_finetuned_on_IN,bottle7-truck2.png,bottle,truck,shape,898,water_bottle,bottle,0.028727639466524124,0.0019108908018097281,0.0
shape_resnet50_SIN_and_IN_finetuned_on_IN,bottle8-bicycle1.png,bottle,bicycle,shape,512,corkscrew,bottle,0.02340887300670147,0.003938301466405392,0.0
shape_resnet50_SIN_and_IN_finetuned_on_IN,bottle8-bird1.png,bottle,bird,shape,747,punching_bag,bottle,0.005870341323316097,0.0003847683547064662,0.0
shape_resnet50_SIN_and_IN_finetuned_on_IN,bottle8-dog2.png,bottle,dog,texture,212,English_setter,dog,7.841637125238776e-05,0.009099750779569149,0.0
shape_resnet50_SIN_and_IN_finetuned_on_IN,bottle8-elephant3.png,bottle,elephant,texture,386,African_elephant,elephant,9.020765467937508e-09,0.49768421053886414,0.0
shape_resnet50_SIN_and_IN_finetuned_on_IN,bottle8-keyboard3.png,bottle,keyboard,shape,747,punching_bag,bottle,0.0004582210094667971,1.583659104653634e-05,0.0
shape_resnet50_SIN_and_IN_finetuned_on_IN,bottle8-knife1.png,bottle,knife,shape,898,water_bottle,bottle,0.09244047850370407,2.2882231860421598e-05,0.0
shape_resnet50_SIN_and_IN_finetuned_on_IN,bottle9-bicycle1.png,bottle,bicycle,shape,770,running_shoe,bottle,0.0012362415436655283,5.802704981761053e-05,0.0
shape_resnet50_SIN_and_IN_finetuned_on_IN,bottle9-car3.png,bottle,car,texture,581,grille,car,8.228127990150824e-05,0.09727096557617188,0.0
shape_resnet50_SIN_and_IN_finetuned_on_IN,bottle9-cat2.png,bottle,cat,texture,287,lynx,cat,5.461200203171757e-07,0.00047089727013371885,0.0
shape_resnet50_SIN_and_IN_finetuned_on_IN,bottle9-elephant2.png,bottle,elephant,texture,385,Indian_elephant,elephant,2.9823143954388343e-09,0.48951753973960876,0.0
shape_resnet50_SIN_and_IN_finetuned_on_IN,bottle9-keyboard1.png,bottle,keyboard,shape,438,beaker,bottle,0.0421629473567009,0.0046925535425543785,0.0
shape_resnet50_SIN_and_IN_finetuned_on_IN,bottle9-oven2.png,bottle,oven,shape,898,water_bottle,bottle,0.07657517492771149,8.692108531249687e-05,0.0
shape_resnet50_SIN_and_IN_finetuned_on_IN,bottle9-truck1.png,bottle,truck,shape,898,water_bottle,bottle,0.08709633350372314,0.0002482717391103506,0.0
shape_resnet50_SIN_and_IN_finetuned_on_IN,car1-airplane1.png,car,airplane,neither,895,warplane,boat,0.0022541300859302282,0.0003437306731939316,0.23598244786262512
shape_resnet50_SIN_and_IN_finetuned_on_IN,car1-chair3.png,car,chair,shape,471,cannon,car,0.02892972342669964,0.0005268325330689549,0.0
shape_resnet50_SIN_and_IN_finetuned_on_IN,car1-clock2.png,car,clock,shape,518,crash_helmet,car,0.004997966345399618,0.0016913465224206448,0.0
shape_resnet50_SIN_and_IN_finetuned_on_IN,car1-dog2.png,car,dog,neither,998,ear,bottle,3.685415140353143e-05,0.0009030057117342949,0.0490591786801815
shape_resnet50_SIN_and_IN_finetuned_on_IN,car1-keyboard2.png,car,keyboard,texture,686,oil_filter,keyboard,0.00034494264400564134,0.013775724917650223,0.0
shape_resnet50_SIN_and_IN_finetuned_on_IN,car1-oven3.png,car,oven,neither,480,cash_machine,truck,0.0019083755323663354,0.0002596396370790899,0.5370931029319763
shape_resnet50_SIN_and_IN_finetuned_on_IN,car10-bicycle2.png,car,bicycle,neither,772,safety_pin,bottle,0.001138888532295823,0.0025176729541271925,0.3828679025173187
shape_resnet50_SIN_and_IN_finetuned_on_IN,car10-bottle3.png,car,bottle,texture,737,pop_bottle,bottle,1.3919235186676815e-07,0.141926571726799,0.0
shape_resnet50_SIN_and_IN_finetuned_on_IN,car10-chair1.png,car,chair,shape,511,convertible,car,0.17323052883148193,4.486944817472249e-05,0.0
shape_resnet50_SIN_and_IN_finetuned_on_IN,car10-dog1.png,car,dog,neither,299,meerkat,cat,3.3603155316086486e-05,0.002289146650582552,0.41504567861557007
shape_resnet50_SIN_and_IN_finetuned_on_IN,car10-elephant2.png,car,elephant,texture,385,Indian_elephant,elephant,6.858588808000832e-09,0.4940795600414276,0.0
shape_resnet50_SIN_and_IN_finetuned_on_IN,car10-keyboard2.png,car,keyboard,neither,760,refrigerator,bottle,7.284519233508036e-05,0.0009475944098085165,0.5787448287010193
shape_resnet50_SIN_and_IN_finetuned_on_IN,car2-bird3.png,car,bird,neither,314,cockroach,oven,0.0003420261200517416,9.115174179896712e-05,0.2672789990901947
shape_resnet50_SIN_and_IN_finetuned_on_IN,car2-cat3.png,car,cat,texture,441,beer_glass,cat,1.1418542271712795e-05,0.014629792422056198,0.0
shape_resnet50_SIN_and_IN_finetuned_on_IN,car2-chair1.png,car,chair,shape,511,convertible,car,0.31644466519355774,2.887170467147371e-06,0.0
shape_resnet50_SIN_and_IN_finetuned_on_IN,car2-knife3.png,car,knife,texture,499,cleaver,knife,0.0007161709945648909,0.4927157163619995,0.0
shape_resnet50_SIN_and_IN_finetuned_on_IN,car3-airplane3.png,car,airplane,texture,895,warplane,airplane,0.0028944741934537888,0.02526484802365303,0.0
shape_resnet50_SIN_and_IN_finetuned_on_IN,car3-bird2.png,car,bird,texture,87,African_grey,bird,0.0010254099033772945,0.013539406470954418,0.0
shape_resnet50_SIN_and_IN_finetuned_on_IN,car3-boat1.png,car,boat,shape,817,sports_car,car,0.1621534377336502,0.0023377840407192707,0.0
shape_resnet50_SIN_and_IN_finetuned_on_IN,car3-bottle3.png,car,bottle,texture,737,pop_bottle,bottle,7.308067893063708e-07,0.053316857665777206,0.0
shape_resnet50_SIN_and_IN_finetuned_on_IN,car3-dog2.png,car,dog,neither,299,meerkat,bottle,0.00030999546288512647,0.0011947547318413854,0.060597725212574005
shape_resnet50_SIN_and_IN_finetuned_on_IN,car3-elephant3.png,car,elephant,texture,386,African_elephant,elephant,3.14422163683048e-06,0.39514923095703125,0.0
shape_resnet50_SIN_and_IN_finetuned_on_IN,car3-oven3.png,car,oven,texture,760,refrigerator,oven,5.585084636550164e-06,0.00037506353692151606,0.0
shape_resnet50_SIN_and_IN_finetuned_on_IN,car3-truck1.png,car,truck,shape,817,sports_car,car,0.27760985493659973,0.0003145038790535182,0.0
shape_resnet50_SIN_and_IN_finetuned_on_IN,car4-bear3.png,car,bear,texture,360,otter,bear,2.3364216303889407e-06,0.0016769468784332275,0.0
shape_resnet50_SIN_and_IN_finetuned_on_IN,car4-bicycle3.png,car,bicycle,neither,509,confectionery,bottle,5.552438960876316e-05,6.980085163377225e-05,0.4367589056491852
shape_resnet50_SIN_and_IN_finetuned_on_IN,car4-bird1.png,car,bird,neither,728,plastic_bag,bottle,1.6683936337358318e-05,0.0024030881468206644,0.32150277495384216
shape_resnet50_SIN_and_IN_finetuned_on_IN,car4-boat1.png,car,boat,neither,592,hard_disc,bottle,0.0004964086692780256,0.001649905345402658,0.1307295709848404
shape_resnet50_SIN_and_IN_finetuned_on_IN,car4-bottle1.png,car,bottle,neither,711,perfume,clock,1.0812507298396667e-06,0.008697399869561195,0.31546881794929504
shape_resnet50_SIN_and_IN_finetuned_on_IN,car4-cat3.png,car,cat,neither,76,tarantula,bird,1.221214347424393e-07,0.00036303652450442314,0.7395081520080566
shape_resnet50_SIN_and_IN_finetuned_on_IN,car4-clock1.png,car,clock,texture,635,magnetic_compass,clock,2.3978434910532087e-05,0.057572584599256516,0.0
shape_resnet50_SIN_and_IN_finetuned_on_IN,car4-elephant3.png,car,elephant,texture,69,trilobite,elephant,8.457527655991726e-06,0.11484012007713318,0.0
shape_resnet50_SIN_and_IN_finetuned_on_IN,car4-oven2.png,car,oven,texture,651,microwave,oven,0.00023980771948117763,0.026358023285865784,0.0
shape_resnet50_SIN_and_IN_finetuned_on_IN,car5-airplane3.png,car,airplane,texture,560,football_helmet,airplane,0.01276998221874237,0.041966091841459274,0.0
shape_resnet50_SIN_and_IN_finetuned_on_IN,car5-bear3.png,car,bear,neither,144,pelican,bird,6.957723144296324e-06,0.004376417025923729,0.5294016003608704
shape_resnet50_SIN_and_IN_finetuned_on_IN,car5-bottle1.png,car,bottle,neither,865,toyshop,clock,1.615125802345574e-05,0.00021594727877527475,0.7985837459564209
shape_resnet50_SIN_and_IN_finetuned_on_IN,car5-cat1.png,car,cat,neither,213,Irish_setter,dog,0.00010247684986097738,0.0010801685275509953,0.6282771825790405
shape_resnet50_SIN_and_IN_finetuned_on_IN,car5-keyboard3.png,car,keyboard,neither,719,piggy_bank,bottle,0.0002590726944617927,0.000673431612085551,0.18564531207084656
shape_resnet50_SIN_and_IN_finetuned_on_IN,car5-knife2.png,car,knife,neither,864,tow_truck,truck,0.013804420828819275,0.00013209028111305088,0.3281492292881012
shape_resnet50_SIN_and_IN_finetuned_on_IN,car5-oven2.png,car,oven,texture,848,tape_player,oven,0.0010615705978125334,0.0036424375139176846,0.0
shape_resnet50_SIN_and_IN_finetuned_on_IN,car5-truck3.png,car,truck,shape,468,cab,car,0.08856424689292908,0.03772265836596489,0.0
shape_resnet50_SIN_and_IN_finetuned_on_IN,car6-bear1.png,car,bear,neither,299,meerkat,cat,4.617867489287164e-06,0.00031422823667526245,0.8258616328239441
shape_resnet50_SIN_and_IN_finetuned_on_IN,car6-bicycle3.png,car,bicycle,neither,509,confectionery,clock,0.0005954005755484104,0.00017905251297634095,0.17199397087097168
shape_resnet50_SIN_and_IN_finetuned_on_IN,car6-boat1.png,car,boat,texture,971,bubble,boat,0.005565017461776733,0.009767035953700542,0.0
shape_resnet50_SIN_and_IN_finetuned_on_IN,car6-bottle1.png,car,bottle,texture,865,toyshop,bottle,4.32813038742097e-08,0.0003347306337673217,0.0
shape_resnet50_SIN_and_IN_finetuned_on_IN,car6-chair3.png,car,chair,shape,866,tractor,car,0.027055317535996437,4.5319982746150345e-05,0.0
shape_resnet50_SIN_and_IN_finetuned_on_IN,car6-elephant3.png,car,elephant,texture,386,African_elephant,elephant,5.821602826472372e-07,0.4890192747116089,0.0
shape_resnet50_SIN_and_IN_finetuned_on_IN,car6-knife1.png,car,knife,neither,592,hard_disc,truck,0.0052999635227024555,0.00025501425261609256,0.24478021264076233
shape_resnet50_SIN_and_IN_finetuned_on_IN,car6-truck3.png,car,truck,shape,859,toaster,car,0.01167076826095581,0.005868289619684219,0.0
shape_resnet50_SIN_and_IN_finetuned_on_IN,car7-airplane2.png,car,airplane,shape,751,racer,car,0.0603206641972065,0.0022141134832054377,0.0
shape_resnet50_SIN_and_IN_finetuned_on_IN,car7-bear1.png,car,bear,texture,299,meerkat,bear,1.9804176190518774e-05,0.05814031511545181,0.0
shape_resnet50_SIN_and_IN_finetuned_on_IN,car7-bird3.png,car,bird,neither,617,lab_coat,knife,5.196339407120831e-05,1.618736314412672e-05,0.15649938583374023
shape_resnet50_SIN_and_IN_finetuned_on_IN,car7-boat3.png,car,boat,neither,534,dishwasher,truck,0.005156591068953276,0.0017696594586595893,0.27516868710517883
shape_resnet50_SIN_and_IN_finetuned_on_IN,car7-clock1.png,car,clock,texture,409,analog_clock,clock,4.007593815913424e-06,0.2253713607788086,0.0
shape_resnet50_SIN_and_IN_finetuned_on_IN,car7-dog3.png,car,dog,texture,216,clumber,dog,1.9718502244359115e-06,0.007589466869831085,0.0
shape_resnet50_SIN_and_IN_finetuned_on_IN,car7-elephant3.png,car,elephant,texture,386,African_elephant,elephant,7.678871952521149e-06,0.48386940360069275,0.0
shape_resnet50_SIN_and_IN_finetuned_on_IN,car7-keyboard3.png,car,keyboard,neither,711,perfume,bottle,0.001387444674037397,0.0008649643859826028,0.10184944421052933
shape_resnet50_SIN_and_IN_finetuned_on_IN,car7-oven2.png,car,oven,texture,651,microwave,oven,0.0010497350012883544,0.01432257890701294,0.0
shape_resnet50_SIN_and_IN_finetuned_on_IN,car8-airplane3.png,car,airplane,texture,895,warplane,airplane,0.0035816372837871313,0.028933605179190636,0.0
shape_resnet50_SIN_and_IN_finetuned_on_IN,car8-bear1.png,car,bear,texture,294,brown_bear,bear,2.4817307348712347e-05,0.14081861078739166,0.0
shape_resnet50_SIN_and_IN_finetuned_on_IN,car8-bicycle2.png,car,bicycle,shape,534,dishwasher,car,0.015409695915877819,0.002340690465644002,0.0
shape_resnet50_SIN_and_IN_finetuned_on_IN,car8-boat3.png,car,boat,shape,751,racer,car,0.02680763602256775,0.0030277252662926912,0.0
shape_resnet50_SIN_and_IN_finetuned_on_IN,car8-cat1.png,car,cat,texture,286,cougar,cat,7.579346856800839e-05,0.0581430047750473,0.0
shape_resnet50_SIN_and_IN_finetuned_on_IN,car8-chair1.png,car,chair,shape,511,convertible,car,0.30141839385032654,1.176237128674984e-05,0.0
shape_resnet50_SIN_and_IN_finetuned_on_IN,car8-clock2.png,car,clock,shape,817,sports_car,car,0.2652360498905182,6.2746592448093e-05,0.0
shape_resnet50_SIN_and_IN_finetuned_on_IN,car8-dog1.png,car,dog,texture,299,meerkat,dog,3.769922841456719e-05,0.005052936729043722,0.0
shape_resnet50_SIN_and_IN_finetuned_on_IN,car8-knife2.png,car,knife,neither,895,warplane,truck,0.0008642627508379519,0.00034509049146436155,0.17362065613269806
shape_resnet50_SIN_and_IN_finetuned_on_IN,car8-truck3.png,car,truck,shape,717,pickup,car,0.04607853293418884,0.038405515253543854,0.0
shape_resnet50_SIN_and_IN_finetuned_on_IN,car9-bicycle2.png,car,bicycle,shape,581,grille,car,0.021158888936042786,0.00036043720319867134,0.0
shape_resnet50_SIN_and_IN_finetuned_on_IN,car9-bird1.png,car,bird,neither,696,paintbrush,bottle,0.0013175933854654431,0.003007767256349325,0.08033253252506256
shape_resnet50_SIN_and_IN_finetuned_on_IN,car9-cat1.png,car,cat,neither,207,golden_retriever,dog,1.9963772501796484e-06,0.0006858754786662757,0.453372597694397
shape_resnet50_SIN_and_IN_finetuned_on_IN,car9-clock2.png,car,clock,shape,817,sports_car,car,0.060075774788856506,0.0008771984721533954,0.0
shape_resnet50_SIN_and_IN_finetuned_on_IN,car9-keyboard2.png,car,keyboard,neither,622,lens_cap,bottle,5.398818393587135e-05,0.00011110029299743474,0.29226675629615784
shape_resnet50_SIN_and_IN_finetuned_on_IN,car9-knife1.png,car,knife,shape,867,trailer_truck,car,0.08263693004846573,1.8449374692863785e-05,0.0
shape_resnet50_SIN_and_IN_finetuned_on_IN,car9-truck3.png,car,truck,texture,760,refrigerator,truck,0.006109947804361582,0.012175471521914005,0.0
shape_resnet50_SIN_and_IN_finetuned_on_IN,cat1-airplane1.png,cat,airplane,neither,895,warplane,clock,3.685954652610235e-06,0.000577935017645359,0.5201021432876587
shape_resnet50_SIN_and_IN_finetuned_on_IN,cat1-bird1.png,cat,bird,texture,17,jay,bird,0.0028853872790932655,0.008651388809084892,0.0
shape_resnet50_SIN_and_IN_finetuned_on_IN,cat1-boat1.png,cat,boat,neither,592,hard_disc,bottle,7.987527169461828e-06,0.00015790207544341683,0.8283986449241638
shape_resnet50_SIN_and_IN_finetuned_on_IN,cat1-car2.png,cat,car,neither,709,pencil_box,bottle,2.5722749342094176e-05,0.0010718859266489744,0.12646226584911346
shape_resnet50_SIN_and_IN_finetuned_on_IN,cat1-chair2.png,cat,chair,texture,762,restaurant,chair,4.110440841031959e-06,0.022225037217140198,0.0
shape_resnet50_SIN_and_IN_finetuned_on_IN,cat1-dog1.png,cat,dog,shape,299,meerkat,cat,0.0012053431710228324,0.00028855414711870253,0.0
shape_resnet50_SIN_and_IN_finetuned_on_IN,cat1-keyboard3.png,cat,keyboard,neither,473,can_opener,bottle,0.00012111154501326382,0.002724012825638056,0.1087656244635582
shape_resnet50_SIN_and_IN_finetuned_on_IN,cat1-oven1.png,cat,oven,neither,760,refrigerator,truck,0.00021730881417170167,0.0006616631872020662,0.20081880688667297
shape_resnet50_SIN_and_IN_finetuned_on_IN,cat10-airplane3.png,cat,airplane,neither,895,warplane,car,7.236318197101355e-05,0.0008600009023211896,0.10496021807193756
shape_resnet50_SIN_and_IN_finetuned_on_IN,cat10-bear1.png,cat,bear,texture,294,brown_bear,bear,0.0002160536387236789,0.13747957348823547,0.0
shape_resnet50_SIN_and_IN_finetuned_on_IN,cat10-bicycle1.png,cat,bicycle,texture,772,safety_pin,bicycle,1.8459162674844265e-05,0.00345217646099627,0.0
shape_resnet50_SIN_and_IN_finetuned_on_IN,cat10-bird2.png,cat,bird,shape,728,plastic_bag,cat,0.0227444376796484,0.0005015881033614278,0.0
shape_resnet50_SIN_and_IN_finetuned_on_IN,cat10-bottle1.png,cat,bottle,texture,788,shoe_shop,bottle,8.79794868069439e-07,0.0012381167616695166,0.0
shape_resnet50_SIN_and_IN_finetuned_on_IN,cat10-clock1.png,cat,clock,texture,711,perfume,clock,1.3891681192035321e-05,0.02208455465734005,0.0
shape_resnet50_SIN_and_IN_finetuned_on_IN,cat10-elephant3.png,cat,elephant,texture,386,African_elephant,elephant,8.715077456145082e-06,0.4810006618499756,0.0
shape_resnet50_SIN_and_IN_finetuned_on_IN,cat10-keyboard1.png,cat,keyboard,texture,726,plane,keyboard,1.4555952475348022e-05,0.03321707993745804,0.0
shape_resnet50_SIN_and_IN_finetuned_on_IN,cat10-oven2.png,cat,oven,texture,534,dishwasher,oven,1.5818126541944366e-07,0.00011866026761708781,0.0
shape_resnet50_SIN_and_IN_finetuned_on_IN,cat2-boat2.png,cat,boat,neither,592,hard_disc,clock,0.00013617654622066766,0.0012715616030618548,0.41513746976852417
shape_resnet50_SIN_and_IN_finetuned_on_IN,cat2-bottle3.png,cat,bottle,texture,582,grocery_store,bottle,6.0742037021555007e-05,0.027776500210165977,0.0
shape_resnet50_SIN_and_IN_finetuned_on_IN,cat2-car3.png,cat,car,texture,917,comic_book,car,3.7227790016913787e-05,0.022361433133482933,0.0
shape_resnet50_SIN_and_IN_finetuned_on_IN,cat2-elephant1.png,cat,elephant,texture,385,Indian_elephant,elephant,1.4512947643652296e-07,0.49535128474235535,0.0
shape_resnet50_SIN_and_IN_finetuned_on_IN,cat2-knife3.png,cat,knife,neither,813,spatula,bottle,1.2969169802090619e-05,0.0007567008724436164,0.14331477880477905
shape_resnet50_SIN_and_IN_finetuned_on_IN,cat2-truck3.png,cat,truck,neither,760,refrigerator,car,4.059733782924013e-06,0.00019987233099527657,0.800524115562439
shape_resnet50_SIN_and_IN_finetuned_on_IN,cat3-bear2.png,cat,bear,texture,360,otter,bear,0.0007702567963860929,0.07298726588487625,0.0
shape_resnet50_SIN_and_IN_finetuned_on_IN,cat3-bicycle1.png,cat,bicycle,neither,770,running_shoe,car,2.667766784725245e-05,0.0003150694537907839,0.20791509747505188
shape_resnet50_SIN_and_IN_finetuned_on_IN,cat3-elephant2.png,cat,elephant,texture,385,Indian_elephant,elephant,5.969755534351862e-07,0.48359251022338867,0.0
shape_resnet50_SIN_and_IN_finetuned_on_IN,cat3-oven2.png,cat,oven,neither,534,dishwasher,keyboard,6.074854468351987e-07,0.00015640020137652755,0.8990204334259033
shape_resnet50_SIN_and_IN_finetuned_on_IN,cat3-truck3.png,cat,truck,texture,675,moving_van,truck,5.448768661153736e-06,0.07420334219932556,0.0
shape_resnet50_SIN_and_IN_finetuned_on_IN,cat4-airplane1.png,cat,airplane,texture,403,aircraft_carrier,airplane,1.8954673578264192e-05,0.0023317490704357624,0.0
shape_resnet50_SIN_and_IN_finetuned_on_IN,cat4-bird2.png,cat,bird,texture,728,plastic_bag,bird,0.0002738542971201241,0.003235231153666973,0.0
shape_resnet50_SIN_and_IN_finetuned_on_IN,cat4-car2.png,cat,car,neither,917,comic_book,keyboard,2.6938321752822958e-05,0.0003623567463364452,0.23813429474830627
shape_resnet50_SIN_and_IN_finetuned_on_IN,cat4-chair2.png,cat,chair,texture,532,dining_table,chair,8.10546498541953e-06,0.004580870270729065,0.0
shape_resnet50_SIN_and_IN_finetuned_on_IN,cat4-clock2.png,cat,clock,texture,518,crash_helmet,clock,1.2670854630414397e-05,0.006022994872182608,0.0
shape_resnet50_SIN_and_IN_finetuned_on_IN,cat4-dog3.png,cat,dog,texture,216,clumber,dog,0.00017906806897372007,0.008684839121997356,0.0
shape_resnet50_SIN_and_IN_finetuned_on_IN,cat4-keyboard2.png,cat,keyboard,neither,435,bathtub,bottle,4.8864723794395104e-05,0.003158323001116514,0.1356811672449112
shape_resnet50_SIN_and_IN_finetuned_on_IN,cat4-knife1.png,cat,knife,neither,692,packet,bottle,5.7825251133181155e-05,0.00014502486737910658,0.19406603276729584
shape_resnet50_SIN_and_IN_finetuned_on_IN,cat4-oven1.png,cat,oven,texture,760,refrigerator,oven,1.035836339724483e-05,0.0012583748903125525,0.0
shape_resnet50_SIN_and_IN_finetuned_on_IN,cat4-truck3.png,cat,truck,texture,760,refrigerator,truck,2.3148979835241335e-06,0.0015345296123996377,0.0
shape_resnet50_SIN_and_IN_finetuned_on_IN,cat5-airplane2.png,cat,airplane,neither,518,crash_helmet,car,1.8985900169354863e-05,0.001771900919266045,0.228993222117424
shape_resnet50_SIN_and_IN_finetuned_on_IN,cat5-bear2.png,cat,bear,texture,360,otter,bear,0.010206079110503197,0.0281326025724411,0.0
shape_resnet50_SIN_and_IN_finetuned_on_IN,cat5-bicycle3.png,cat,bicycle,neither,509,confectionery,bottle,3.7757636164315045e-06,1.2714821195913828e-07,0.9329759478569031
shape_resnet50_SIN_and_IN_finetuned_on_IN,cat5-boat1.png,cat,boat,texture,592,hard_disc,boat,6.076784848119132e-05,0.0017791518475860357,0.0
shape_resnet50_SIN_and_IN_finetuned_on_IN,cat5-bottle1.png,cat,bottle,texture,509,confectionery,bottle,8.804630056147289e-07,0.0007583640399388969,0.0
shape_resnet50_SIN_and_IN_finetuned_on_IN,cat5-car2.png,cat,car,neither,917,comic_book,bottle,0.0003787327732425183,0.0002570709038991481,0.16827212274074554
shape_resnet50_SIN_and_IN_finetuned_on_IN,cat5-chair3.png,cat,chair,neither,51,triceratops,car,1.2411124998834566e-06,0.0005564501043409109,0.5818085670471191
shape_resnet50_SIN_and_IN_finetuned_on_IN,cat5-dog3.png,cat,dog,shape,202,soft-coated_wheaten_terrier,cat,0.005728339310735464,0.004518370609730482,0.0
shape_resnet50_SIN_and_IN_finetuned_on_IN,cat5-elephant2.png,cat,elephant,texture,385,Indian_elephant,elephant,1.4701446282572306e-08,0.49451982975006104,0.0
shape_resnet50_SIN_and_IN_finetuned_on_IN,cat5-keyboard3.png,cat,keyboard,neither,719,piggy_bank,bottle,6.857371045043692e-05,0.0009621659992262721,0.18203039467334747
shape_resnet50_SIN_and_IN_finetuned_on_IN,cat5-knife2.png,cat,knife,texture,696,paintbrush,knife,7.273691153386608e-06,0.20990583300590515,0.0
shape_resnet50_SIN_and_IN_finetuned_on_IN,cat6-bear1.png,cat,bear,shape,299,meerkat,cat,0.026981865987181664,0.019806182011961937,0.0
shape_resnet50_SIN_and_IN_finetuned_on_IN,cat6-chair3.png,cat,chair,texture,762,restaurant,chair,5.185864324630529e-07,0.0006932819960638881,0.0
shape_resnet50_SIN_and_IN_finetuned_on_IN,cat6-clock3.png,cat,clock,texture,464,buckle,clock,8.189191430574283e-05,0.0018882526783272624,0.0
shape_resnet50_SIN_and_IN_finetuned_on_IN,cat6-keyboard3.png,cat,keyboard,neither,898,water_bottle,bottle,6.507215584861115e-05,0.0008255292195826769,0.15430618822574615
shape_resnet50_SIN_and_IN_finetuned_on_IN,cat6-oven1.png,cat,oven,neither,742,printer,keyboard,7.219227700261399e-05,0.001005758298560977,0.42784228920936584
shape_resnet50_SIN_and_IN_finetuned_on_IN,cat7-airplane2.png,cat,airplane,neither,723,pinwheel,car,6.799853963457281e-06,1.9015275029232726e-05,0.8099945187568665
shape_resnet50_SIN_and_IN_finetuned_on_IN,cat7-boat3.png,cat,boat,texture,534,dishwasher,boat,1.054238327924395e-05,0.0003701149544212967,0.0
shape_resnet50_SIN_and_IN_finetuned_on_IN,cat7-bottle1.png,cat,bottle,texture,711,perfume,bottle,9.931960676112794e-07,0.0016535507747903466,0.0
shape_resnet50_SIN_and_IN_finetuned_on_IN,cat7-clock3.png,cat,clock,texture,847,tank,clock,3.8384914660127833e-05,0.0017742825439199805,0.0
shape_resnet50_SIN_and_IN_finetuned_on_IN,cat7-dog3.png,cat,dog,shape,338,guinea_pig,cat,0.02288183756172657,0.0022792043164372444,0.0
shape_resnet50_SIN_and_IN_finetuned_on_IN,cat7-elephant1.png,cat,elephant,texture,385,Indian_elephant,elephant,3.430929851333531e-08,0.4492698311805725,0.0
shape_resnet50_SIN_and_IN_finetuned_on_IN,cat7-knife2.png,cat,knife,texture,784,screwdriver,knife,5.431924819276901e-06,0.22214962542057037,0.0
shape_resnet50_SIN_and_IN_finetuned_on_IN,cat7-truck2.png,cat,truck,neither,581,grille,car,2.4748751457082108e-06,0.016515832394361496,0.4909839928150177
shape_resnet50_SIN_and_IN_finetuned_on_IN,cat8-bear1.png,cat,bear,texture,299,meerkat,bear,0.0008399005164392292,0.028284743428230286,0.0
shape_resnet50_SIN_and_IN_finetuned_on_IN,cat8-bicycle3.png,cat,bicycle,neither,509,confectionery,bottle,8.352892473340034e-05,1.2719637197733391e-05,0.22910043597221375
shape_resnet50_SIN_and_IN_finetuned_on_IN,cat8-bird2.png,cat,bird,shape,280,grey_fox,cat,0.02734457701444626,0.00012288393918424845,0.0
shape_resnet50_SIN_and_IN_finetuned_on_IN,cat8-car2.png,cat,car,neither,709,pencil_box,clock,1.8202150386059657e-05,0.0005094294319860637,0.5097425580024719
shape_resnet50_SIN_and_IN_finetuned_on_IN,cat9-bicycle1.png,cat,bicycle,texture,665,moped,bicycle,1.4568191772923456e-06,0.005476672202348709,0.0
shape_resnet50_SIN_and_IN_finetuned_on_IN,cat9-bird3.png,cat,bird,neither,728,plastic_bag,knife,5.917538146604784e-05,0.0015739486552774906,0.18218955397605896
shape_resnet50_SIN_and_IN_finetuned_on_IN,cat9-boat2.png,cat,boat,texture,917,comic_book,boat,2.3297972802538425e-05,0.012537054717540741,0.0
shape_resnet50_SIN_and_IN_finetuned_on_IN,cat9-bottle2.png,cat,bottle,texture,711,perfume,bottle,5.658566948341104e-10,0.019054071977734566,0.0
shape_resnet50_SIN_and_IN_finetuned_on_IN,cat9-chair2.png,cat,chair,texture,762,restaurant,chair,3.223249905204284e-06,0.0013834335841238499,0.0
shape_resnet50_SIN_and_IN_finetuned_on_IN,cat9-clock2.png,cat,clock,neither,917,comic_book,bottle,1.5483439710806124e-05,0.002955082105472684,0.2625819146633148
shape_resnet50_SIN_and_IN_finetuned_on_IN,cat9-dog2.png,cat,dog,texture,219,cocker_spaniel,dog,0.0024972225073724985,0.007143003866076469,0.0
shape_resnet50_SIN_and_IN_finetuned_on_IN,cat9-knife2.png,cat,knife,neither,784,screwdriver,bottle,9.175314517051447e-06,0.002233208157122135,0.2873901128768921
shape_resnet50_SIN_and_IN_finetuned_on_IN,cat9-truck1.png,cat,truck,neither,898,water_bottle,bottle,9.02024930837797e-06,0.0011365556856617332,0.295074999332428
shape_resnet50_SIN_and_IN_finetuned_on_IN,chair1-airplane2.png,chair,airplane,neither,518,crash_helmet,car,0.00016126016271300614,0.0006850628415122628,0.4086049795150757
shape_resnet50_SIN_and_IN_finetuned_on_IN,chair1-bear1.png,chair,bear,neither,299,meerkat,cat,6.0607058003370184e-06,0.00028932024724781513,0.9348991513252258
shape_resnet50_SIN_and_IN_finetuned_on_IN,chair1-cat3.png,chair,cat,texture,371,patas,cat,5.1278871069371235e-06,5.282502024783753e-05,0.0
shape_resnet50_SIN_and_IN_finetuned_on_IN,chair1-clock2.png,chair,clock,neither,898,water_bottle,bottle,1.0858832865778822e-05,0.0018728249706327915,0.42338818311691284
shape_resnet50_SIN_and_IN_finetuned_on_IN,chair1-dog1.png,chair,dog,neither,299,meerkat,cat,2.1320298060345522e-07,1.4786685369472252e-06,0.5263075828552246
shape_resnet50_SIN_and_IN_finetuned_on_IN,chair1-elephant1.png,chair,elephant,texture,386,African_elephant,elephant,5.575120809453438e-08,0.47168660163879395,0.0
shape_resnet50_SIN_and_IN_finetuned_on_IN,chair1-oven3.png,chair,oven,texture,760,refrigerator,oven,6.6739598878484685e-06,0.008061068132519722,0.0
shape_resnet50_SIN_and_IN_finetuned_on_IN,chair1-truck3.png,chair,truck,texture,648,medicine_chest,truck,0.0002540303976275027,0.017432723194360733,0.0
shape_resnet50_SIN_and_IN_finetuned_on_IN,chair10-airplane2.png,chair,airplane,neither,742,printer,knife,0.0007029808475635946,0.00037317074020393193,0.14292530715465546
shape_resnet50_SIN_and_IN_finetuned_on_IN,chair10-bicycle1.png,chair,bicycle,texture,692,packet,bicycle,0.0001225111773237586,0.012251031585037708,0.0
shape_resnet50_SIN_and_IN_finetuned_on_IN,chair10-bird3.png,chair,bird,neither,696,paintbrush,knife,0.00030492644873447716,0.00048693022108636796,0.29835349321365356
shape_resnet50_SIN_and_IN_finetuned_on_IN,chair10-bottle3.png,chair,bottle,texture,737,pop_bottle,bottle,3.6629221540351864e-06,0.1330014020204544,0.0
shape_resnet50_SIN_and_IN_finetuned_on_IN,chair10-car2.png,chair,car,neither,784,screwdriver,bottle,8.034448001126293e-06,3.0824081477476284e-05,0.3725692927837372
shape_resnet50_SIN_and_IN_finetuned_on_IN,chair10-cat1.png,chair,cat,neither,218,Welsh_springer_spaniel,dog,4.1142848203890026e-05,0.0010069889249280095,0.7187663316726685
shape_resnet50_SIN_and_IN_finetuned_on_IN,chair10-clock1.png,chair,clock,texture,592,hard_disc,clock,1.877203794720117e-05,0.0068613081239163876,0.0
shape_resnet50_SIN_and_IN_finetuned_on_IN,chair10-dog1.png,chair,dog,texture,299,meerkat,dog,8.422546784458973e-07,0.00035250006476417184,0.0
shape_resnet50_SIN_and_IN_finetuned_on_IN,chair10-oven1.png,chair,oven,texture,760,refrigerator,oven,3.4584766126499744e-06,0.0011559370905160904,0.0
shape_resnet50_SIN_and_IN_finetuned_on_IN,chair2-bear2.png,chair,bear,texture,296,ice_bear,bear,2.105822932207957e-05,0.0871848613023758,0.0
shape_resnet50_SIN_and_IN_finetuned_on_IN,chair2-boat1.png,chair,boat,neither,898,water_bottle,bottle,0.0006707447464577854,0.000591541756875813,0.3018449544906616
shape_resnet50_SIN_and_IN_finetuned_on_IN,chair2-keyboard2.png,chair,keyboard,neither,794,shower_curtain,bottle,0.000162724987603724,0.0003098708693869412,0.09610017389059067
shape_resnet50_SIN_and_IN_finetuned_on_IN,chair2-knife1.png,chair,knife,texture,917,comic_book,knife,6.61803933326155e-05,0.03958698734641075,0.0
shape_resnet50_SIN_and_IN_finetuned_on_IN,chair3-airplane2.png,chair,airplane,neither,723,pinwheel,knife,5.4960088164079934e-05,0.0012326258001849055,0.21195892989635468
shape_resnet50_SIN_and_IN_finetuned_on_IN,chair3-bicycle3.png,chair,bicycle,shape,791,shopping_cart,chair,0.0013975693145766854,8.841930139169563e-06,0.0
shape_resnet50_SIN_and_IN_finetuned_on_IN,chair3-bottle3.png,chair,bottle,texture,737,pop_bottle,bottle,2.5063429347937927e-05,0.12622669339179993,0.0
shape_resnet50_SIN_and_IN_finetuned_on_IN,chair3-car3.png,chair,car,texture,817,sports_car,car,0.0003386522876098752,0.19295386970043182,0.0
shape_resnet50_SIN_and_IN_finetuned_on_IN,chair3-dog2.png,chair,dog,texture,299,meerkat,dog,6.824044976383448e-05,0.004751524887979031,0.0
shape_resnet50_SIN_and_IN_finetuned_on_IN,chair3-knife1.png,chair,knife,texture,592,hard_disc,knife,0.0006079872837290168,0.003435377497226,0.0
shape_resnet50_SIN_and_IN_finetuned_on_IN,chair4-bear2.png,chair,bear,texture,296,ice_bear,bear,5.9750400396296754e-06,0.15551428496837616,0.0
shape_resnet50_SIN_and_IN_finetuned_on_IN,chair4-cat2.png,chair,cat,texture,299,meerkat,cat,1.2920938388560899e-05,0.015519418753683567,0.0
shape_resnet50_SIN_and_IN_finetuned_on_IN,chair4-keyboard2.png,chair,keyboard,neither,592,hard_disc,bottle,2.166805643355474e-05,0.0022591482847929,0.21868598461151123
shape_resnet50_SIN_and_IN_finetuned_on_IN,chair4-oven2.png,chair,oven,neither,711,perfume,bottle,3.8085698179202154e-05,0.005920731462538242,0.23875309526920319
shape_resnet50_SIN_and_IN_finetuned_on_IN,chair4-truck2.png,chair,truck,neither,828,strainer,bottle,0.0005395767511799932,0.0006466960767284036,0.07719084620475769
shape_resnet50_SIN_and_IN_finetuned_on_IN,chair5-bicycle1.png,chair,bicycle,texture,791,shopping_cart,bicycle,1.1620491022767965e-05,0.0005095221567898989,0.0
shape_resnet50_SIN_and_IN_finetuned_on_IN,chair5-bird1.png,chair,bird,texture,17,jay,bird,1.7708390487314318e-07,0.0006586554227396846,0.0
shape_resnet50_SIN_and_IN_finetuned_on_IN,chair5-boat3.png,chair,boat,texture,562,fountain,boat,9.175850573228672e-05,0.0026978447567671537,0.0
shape_resnet50_SIN_and_IN_finetuned_on_IN,chair5-bottle3.png,chair,bottle,texture,898,water_bottle,bottle,7.970058959472226e-07,0.1301097422838211,0.0
shape_resnet50_SIN_and_IN_finetuned_on_IN,chair5-car1.png,chair,car,texture,865,toyshop,car,0.0008396385237574577,0.00398236745968461,0.0
shape_resnet50_SIN_and_IN_finetuned_on_IN,chair5-cat3.png,chair,cat,neither,819,stage,bottle,9.344781574327499e-05,0.00048490078188478947,0.11963195353746414
shape_resnet50_SIN_and_IN_finetuned_on_IN,chair5-clock2.png,chair,clock,neither,670,motor_scooter,car,2.3582606445415877e-05,0.0005054090288467705,0.34120869636535645
shape_resnet50_SIN_and_IN_finetuned_on_IN,chair5-keyboard2.png,chair,keyboard,texture,592,hard_disc,keyboard,2.0547734038700582e-06,0.000679459422826767,0.0
shape_resnet50_SIN_and_IN_finetuned_on_IN,chair5-knife3.png,chair,knife,texture,813,spatula,knife,0.0003821586724370718,0.10548907518386841,0.0
shape_resnet50_SIN_and_IN_finetuned_on_IN,chair5-oven2.png,chair,oven,texture,760,refrigerator,oven,2.4974926418508403e-05,0.03391304984688759,0.0
shape_resnet50_SIN_and_IN_finetuned_on_IN,chair5-truck3.png,chair,truck,neither,760,refrigerator,car,5.8204022934660316e-05,0.0013150109443813562,0.7170503735542297
shape_resnet50_SIN_and_IN_finetuned_on_IN,chair6-bird2.png,chair,bird,texture,394,sturgeon,bird,0.00012624986993614584,0.0021452666260302067,0.0
shape_resnet50_SIN_and_IN_finetuned_on_IN,chair6-dog1.png,chair,dog,texture,299,meerkat,dog,8.028556521821884e-07,2.3150514607550576e-05,0.0
shape_resnet50_SIN_and_IN_finetuned_on_IN,chair6-elephant2.png,chair,elephant,texture,385,Indian_elephant,elephant,2.366560558630937e-10,0.4989773631095886,0.0
shape_resnet50_SIN_and_IN_finetuned_on_IN,chair6-truck2.png,chair,truck,texture,555,fire_engine,truck,4.066064866492525e-05,0.06594610214233398,0.0
shape_resnet50_SIN_and_IN_finetuned_on_IN,chair7-airplane1.png,chair,airplane,texture,403,aircraft_carrier,airplane,2.7352775759936776e-06,0.0021892557851970196,0.0
shape_resnet50_SIN_and_IN_finetuned_on_IN,chair7-bird1.png,chair,bird,texture,131,little_blue_heron,bird,8.632643584860489e-05,0.012241984717547894,0.0
shape_resnet50_SIN_and_IN_finetuned_on_IN,chair7-boat3.png,chair,boat,neither,534,dishwasher,keyboard,0.0007585873827338219,0.00030271391733549535,0.3052254617214203
shape_resnet50_SIN_and_IN_finetuned_on_IN,chair7-bottle1.png,chair,bottle,neither,865,toyshop,clock,0.00010695897799450904,0.0003267103456892073,0.8707183003425598
shape_resnet50_SIN_and_IN_finetuned_on_IN,chair7-car2.png,chair,car,neither,477,carpenter's_kit,knife,2.3017813077785831e-07,3.574977426978876e-06,0.43962910771369934
shape_resnet50_SIN_and_IN_finetuned_on_IN,chair7-cat1.png,chair,cat,texture,568,fur_coat,cat,0.00032920559169724584,0.005868012551218271,0.0
shape_resnet50_SIN_and_IN_finetuned_on_IN,chair7-clock3.png,chair,clock,texture,592,hard_disc,clock,3.5026718251174316e-05,0.009435190819203854,0.0
shape_resnet50_SIN_and_IN_finetuned_on_IN,chair7-elephant1.png,chair,elephant,texture,386,African_elephant,elephant,7.098260539351031e-06,0.4804242253303528,0.0
shape_resnet50_SIN_and_IN_finetuned_on_IN,chair7-knife2.png,chair,knife,texture,499,cleaver,knife,3.539485260262154e-05,0.8445476293563843,0.0
shape_resnet50_SIN_and_IN_finetuned_on_IN,chair7-truck3.png,chair,truck,texture,526,desk,truck,0.0014066770672798157,0.0019327049376443028,0.0
shape_resnet50_SIN_and_IN_finetuned_on_IN,chair8-airplane1.png,chair,airplane,texture,713,photocopier,airplane,2.0534534996841103e-05,0.0010297707049176097,0.0
shape_resnet50_SIN_and_IN_finetuned_on_IN,chair8-bear1.png,chair,bear,texture,354,Arabian_camel,bear,1.333991895080544e-05,0.0045279646292328835,0.0
shape_resnet50_SIN_and_IN_finetuned_on_IN,chair8-bicycle3.png,chair,bicycle,shape,868,tray,chair,0.018874159082770348,8.134644303936511e-06,0.0
shape_resnet50_SIN_and_IN_finetuned_on_IN,chair8-boat1.png,chair,boat,neither,592,hard_disc,bottle,0.0008596196421422064,7.88144679972902e-05,0.1718437671661377
shape_resnet50_SIN_and_IN_finetuned_on_IN,chair8-car1.png,chair,car,neither,709,pencil_box,bottle,0.0010085775284096599,0.00018457094847690314,0.11223140358924866
shape_resnet50_SIN_and_IN_finetuned_on_IN,chair8-clock3.png,chair,clock,neither,592,hard_disc,bottle,6.82345125824213e-05,0.0026244993787258863,0.10461582988500595
shape_resnet50_SIN_and_IN_finetuned_on_IN,chair8-elephant1.png,chair,elephant,texture,385,Indian_elephant,elephant,6.171336774940528e-09,0.4753596782684326,0.0
shape_resnet50_SIN_and_IN_finetuned_on_IN,chair8-keyboard3.png,chair,keyboard,neither,592,hard_disc,bottle,4.848607204621658e-06,0.0001751086674630642,0.14691057801246643
shape_resnet50_SIN_and_IN_finetuned_on_IN,chair8-knife2.png,chair,knife,neither,966,red_wine,bottle,0.00013826348003931344,0.01829417608678341,0.21653573215007782
shape_resnet50_SIN_and_IN_finetuned_on_IN,chair8-oven1.png,chair,oven,neither,760,refrigerator,bottle,9.950183084583841e-06,2.9993083444423974e-05,0.9456577897071838
shape_resnet50_SIN_and_IN_finetuned_on_IN,chair9-bear1.png,chair,bear,texture,299,meerkat,bear,5.535872560358257e-07,0.0007985969423316419,0.0
shape_resnet50_SIN_and_IN_finetuned_on_IN,chair9-bicycle3.png,chair,bicycle,neither,572,goblet,bottle,6.817681423854083e-05,3.735909103852464e-06,0.31733882427215576
shape_resnet50_SIN_and_IN_finetuned_on_IN,chair9-bird3.png,chair,bird,neither,643,mask,knife,1.418075589754153e-05,3.86269784939941e-05,0.8431609272956848
shape_resnet50_SIN_and_IN_finetuned_on_IN,chair9-boat2.png,chair,boat,texture,830,stretcher,boat,0.000368718639947474,0.009795429185032845,0.0
shape_resnet50_SIN_and_IN_finetuned_on_IN,chair9-bottle3.png,chair,bottle,texture,737,pop_bottle,bottle,1.6927913748077117e-05,0.11898662149906158,0.0
shape_resnet50_SIN_and_IN_finetuned_on_IN,chair9-dog2.png,chair,dog,texture,299,meerkat,dog,2.1043510059826076e-05,0.001893410342745483,0.0
shape_resnet50_SIN_and_IN_finetuned_on_IN,chair9-elephant1.png,chair,elephant,texture,385,Indian_elephant,elephant,7.207246355278585e-09,0.45758551359176636,0.0
shape_resnet50_SIN_and_IN_finetuned_on_IN,chair9-keyboard2.png,chair,keyboard,neither,794,shower_curtain,bottle,7.520413873862708e-06,8.222053293138742e-05,0.35658690333366394
shape_resnet50_SIN_and_IN_finetuned_on_IN,clock1-bear1.png,clock,bear,neither,299,meerkat,cat,1.7080712495953776e-05,0.0036367024295032024,0.1483384519815445
shape_resnet50_SIN_and_IN_finetuned_on_IN,clock1-boat3.png,clock,boat,texture,724,pirate,boat,0.0012843330623582006,0.010454791598021984,0.0
shape_resnet50_SIN_and_IN_finetuned_on_IN,clock1-car1.png,clock,car,neither,509,confectionery,boat,0.0003216259938199073,0.0006835037493146956,0.22656932473182678
shape_resnet50_SIN_and_IN_finetuned_on_IN,clock1-dog2.png,clock,dog,neither,299,meerkat,bottle,0.00013335564290173352,0.0007511009462177753,0.3007422089576721
shape_resnet50_SIN_and_IN_finetuned_on_IN,clock1-elephant2.png,clock,elephant,texture,385,Indian_elephant,elephant,8.034537479773007e-09,0.49783504009246826,0.0
shape_resnet50_SIN_and_IN_finetuned_on_IN,clock1-truck3.png,clock,truck,neither,757,recreational_vehicle,car,0.00039414394996128976,0.0017502077389508486,0.07534423470497131
shape_resnet50_SIN_and_IN_finetuned_on_IN,clock10-airplane1.png,clock,airplane,texture,895,warplane,airplane,0.0009321903926320374,0.0043574306182563305,0.0
shape_resnet50_SIN_and_IN_finetuned_on_IN,clock10-bird3.png,clock,bird,neither,696,paintbrush,knife,0.00016318731650244445,0.0003665628901217133,0.13934288918972015
shape_resnet50_SIN_and_IN_finetuned_on_IN,clock10-boat2.png,clock,boat,shape,865,toyshop,clock,0.021624838933348656,0.007911885157227516,0.0
shape_resnet50_SIN_and_IN_finetuned_on_IN,clock10-bottle1.png,clock,bottle,shape,865,toyshop,clock,0.0003571745764929801,0.00016529389540664852,0.0
shape_resnet50_SIN_and_IN_finetuned_on_IN,clock10-cat1.png,clock,cat,neither,218,Welsh_springer_spaniel,dog,4.295790859032422e-06,0.00064551254035905,0.4546869099140167
shape_resnet50_SIN_and_IN_finetuned_on_IN,clock10-dog3.png,clock,dog,texture,216,clumber,dog,3.879952146235155e-06,0.0073411897756159306,0.0
shape_resnet50_SIN_and_IN_finetuned_on_IN,clock10-knife3.png,clock,knife,texture,859,toaster,knife,0.0002884306013584137,0.00868325773626566,0.0
shape_resnet50_SIN_and_IN_finetuned_on_IN,clock10-oven2.png,clock,oven,neither,534,dishwasher,keyboard,0.00018398665997665375,0.001339950249530375,0.5004463195800781
shape_resnet50_SIN_and_IN_finetuned_on_IN,clock10-truck2.png,clock,truck,neither,534,dishwasher,car,1.2337771295278799e-05,0.005594280082732439,0.7327403426170349
shape_resnet50_SIN_and_IN_finetuned_on_IN,clock2-bear2.png,clock,bear,neither,835,sundial,elephant,0.004411197733134031,0.005155865103006363,0.2826382517814636
shape_resnet50_SIN_and_IN_finetuned_on_IN,clock2-bicycle1.png,clock,bicycle,shape,409,analog_clock,clock,0.27102911472320557,2.3184519193364395e-07,0.0
shape_resnet50_SIN_and_IN_finetuned_on_IN,clock2-bottle3.png,clock,bottle,shape,409,analog_clock,clock,0.2093101292848587,2.0149220290477388e-05,0.0
shape_resnet50_SIN_and_IN_finetuned_on_IN,clock2-dog1.png,clock,dog,neither,376,proboscis_monkey,oven,0.0005362518131732941,0.00013425851648207754,0.1450730562210083
shape_resnet50_SIN_and_IN_finetuned_on_IN,clock2-elephant2.png,clock,elephant,texture,835,sundial,elephant,0.0021225595846772194,0.17405137419700623,0.0
shape_resnet50_SIN_and_IN_finetuned_on_IN,clock2-knife1.png,clock,knife,shape,409,analog_clock,clock,0.2149793654680252,1.193244525410364e-08,0.0
shape_resnet50_SIN_and_IN_finetuned_on_IN,clock3-bear3.png,clock,bear,neither,360,otter,elephant,1.9758654161705635e-05,0.0005164552130736411,0.3207435607910156
shape_resnet50_SIN_and_IN_finetuned_on_IN,clock3-bicycle2.png,clock,bicycle,shape,640,manhole_cover,clock,0.00697471434250474,6.120261241449043e-05,0.0
shape_resnet50_SIN_and_IN_finetuned_on_IN,clock3-bird1.png,clock,bird,shape,898,water_bottle,clock,0.11174758523702621,0.0008557501714676619,0.0
shape_resnet50_SIN_and_IN_finetuned_on_IN,clock3-car2.png,clock,car,shape,635,magnetic_compass,clock,0.010988532565534115,0.00016963201051112264,0.0
shape_resnet50_SIN_and_IN_finetuned_on_IN,clock3-cat1.png,clock,cat,shape,892,wall_clock,clock,0.13909636437892914,0.0033626314252614975,0.0
shape_resnet50_SIN_and_IN_finetuned_on_IN,clock3-dog2.png,clock,dog,shape,787,shield,clock,0.01794344000518322,0.00018217231263406575,0.0
shape_resnet50_SIN_and_IN_finetuned_on_IN,clock3-elephant3.png,clock,elephant,texture,386,African_elephant,elephant,0.0004261092690285295,0.4000280499458313,0.0
shape_resnet50_SIN_and_IN_finetuned_on_IN,clock3-keyboard3.png,clock,keyboard,shape,826,stopwatch,clock,0.008372204378247261,0.00017072372429538518,0.0
shape_resnet50_SIN_and_IN_finetuned_on_IN,clock4-airplane1.png,clock,airplane,shape,895,warplane,clock,0.02245987206697464,0.0008309202385134995,0.0
shape_resnet50_SIN_and_IN_finetuned_on_IN,clock4-bird3.png,clock,bird,shape,448,birdhouse,clock,0.028467310592532158,1.5852461956455954e-06,0.0
shape_resnet50_SIN_and_IN_finetuned_on_IN,clock4-boat3.png,clock,boat,texture,724,pirate,boat,0.001155560021288693,0.0020359070040285587,0.0
shape_resnet50_SIN_and_IN_finetuned_on_IN,clock4-bottle3.png,clock,bottle,shape,635,magnetic_compass,clock,0.11491770297288895,0.00013901469355914742,0.0
shape_resnet50_SIN_and_IN_finetuned_on_IN,clock4-car2.png,clock,car,shape,485,CD_player,clock,0.003915908746421337,0.000407731015002355,0.0
shape_resnet50_SIN_and_IN_finetuned_on_IN,clock4-chair1.png,clock,chair,neither,511,convertible,car,0.00020520039834082127,4.7209319745888934e-05,0.603887140750885
shape_resnet50_SIN_and_IN_finetuned_on_IN,clock4-elephant2.png,clock,elephant,texture,386,African_elephant,elephant,0.00089554040459916,0.23568762838840485,0.0
shape_resnet50_SIN_and_IN_finetuned_on_IN,clock4-knife1.png,clock,knife,shape,787,shield,clock,0.01394700538367033,0.0005749966949224472,0.0
shape_resnet50_SIN_and_IN_finetuned_on_IN,clock4-oven1.png,clock,oven,shape,892,wall_clock,clock,0.08522240072488785,0.000269349169684574,0.0
shape_resnet50_SIN_and_IN_finetuned_on_IN,clock5-airplane1.png,clock,airplane,shape,778,scale,clock,0.008948598057031631,6.136394949862733e-05,0.0
shape_resnet50_SIN_and_IN_finetuned_on_IN,clock5-bicycle1.png,clock,bicycle,shape,892,wall_clock,clock,0.22394059598445892,3.824281975539634e-06,0.0
shape_resnet50_SIN_and_IN_finetuned_on_IN,clock5-chair3.png,clock,chair,texture,545,electric_fan,chair,0.0007424126379191875,0.0007483281660825014,0.0
shape_resnet50_SIN_and_IN_finetuned_on_IN,clock5-elephant2.png,clock,elephant,texture,385,Indian_elephant,elephant,0.00032454184838570654,0.47821664810180664,0.0
shape_resnet50_SIN_and_IN_finetuned_on_IN,clock5-keyboard1.png,clock,keyboard,shape,818,spotlight,clock,0.0027495641261339188,0.0003945896460209042,0.0
shape_resnet50_SIN_and_IN_finetuned_on_IN,clock5-oven1.png,clock,oven,shape,892,wall_clock,clock,0.1659020334482193,0.00022195374185685068,0.0
shape_resnet50_SIN_and_IN_finetuned_on_IN,clock6-bicycle1.png,clock,bicycle,shape,635,magnetic_compass,clock,0.03321227431297302,1.4148035916150548e-06,0.0
shape_resnet50_SIN_and_IN_finetuned_on_IN,clock6-bird3.png,clock,bird,shape,861,toilet_seat,clock,0.013087805360555649,0.00020939130627084523,0.0
shape_resnet50_SIN_and_IN_finetuned_on_IN,clock6-bottle1.png,clock,bottle,shape,865,toyshop,clock,0.014666352421045303,0.0005873391055501997,0.0
shape_resnet50_SIN_and_IN_finetuned_on_IN,clock6-car2.png,clock,car,shape,635,magnetic_compass,clock,0.019768986850976944,0.0008090317714959383,0.0
shape_resnet50_SIN_and_IN_finetuned_on_IN,clock6-chair3.png,clock,chair,shape,545,electric_fan,clock,0.0033792350441217422,8.093620999716222e-05,0.0
shape_resnet50_SIN_and_IN_finetuned_on_IN,clock6-knife2.png,clock,knife,shape,633,loupe,clock,0.016027243807911873,0.00013730276259593666,0.0
shape_resnet50_SIN_and_IN_finetuned_on_IN,clock6-oven1.png,clock,oven,texture,827,stove,oven,0.0012810290791094303,0.008892216719686985,0.0
shape_resnet50_SIN_and_IN_finetuned_on_IN,clock6-truck3.png,clock,truck,neither,511,convertible,car,0.003192431991919875,0.0020126306917518377,0.12378250807523727
shape_resnet50_SIN_and_IN_finetuned_on_IN,clock7-bear2.png,clock,bear,neither,150,sea_lion,elephant,0.0008842297829687595,0.0014125332236289978,0.12666286528110504
shape_resnet50_SIN_and_IN_finetuned_on_IN,clock7-bicycle1.png,clock,bicycle,shape,892,wall_clock,clock,0.252737432718277,6.275345185713377e-06,0.0
shape_resnet50_SIN_and_IN_finetuned_on_IN,clock7-boat3.png,clock,boat,shape,868,tray,clock,0.002525537507608533,3.6721478409162955e-06,0.0
shape_resnet50_SIN_and_IN_finetuned_on_IN,clock7-bottle2.png,clock,bottle,texture,711,perfume,bottle,0.0005642484757117927,0.0012913240352645516,0.0
shape_resnet50_SIN_and_IN_finetuned_on_IN,clock7-car1.png,clock,car,neither,790,shopping_basket,chair,0.00413278304040432,0.0008702066261321306,0.4778449237346649
shape_resnet50_SIN_and_IN_finetuned_on_IN,clock7-cat2.png,clock,cat,texture,299,meerkat,cat,0.002504943171516061,0.007993682287633419,0.0
shape_resnet50_SIN_and_IN_finetuned_on_IN,clock7-dog2.png,clock,dog,shape,868,tray,clock,0.010491237044334412,0.00020708348893094808,0.0
shape_resnet50_SIN_and_IN_finetuned_on_IN,clock7-keyboard2.png,clock,keyboard,shape,826,stopwatch,clock,0.0357755608856678,3.3297164918622e-05,0.0
shape_resnet50_SIN_and_IN_finetuned_on_IN,clock7-truck3.png,clock,truck,neither,511,convertible,car,0.00044469317072071135,0.005795806646347046,0.2907988131046295
shape_resnet50_SIN_and_IN_finetuned_on_IN,clock8-airplane2.png,clock,airplane,neither,826,stopwatch,car,0.008092171512544155,0.013175814412534237,0.09060269594192505
shape_resnet50_SIN_and_IN_finetuned_on_IN,clock8-bear2.png,clock,bear,shape,826,stopwatch,clock,0.019616827368736267,0.0006625383975915611,0.0
shape_resnet50_SIN_and_IN_finetuned_on_IN,clock8-boat1.png,clock,boat,shape,711,perfume,clock,0.015907950699329376,0.005110043566673994,0.0
shape_resnet50_SIN_and_IN_finetuned_on_IN,clock8-cat1.png,clock,cat,neither,868,tray,bottle,0.01140675600618124,0.003535589436069131,0.08029668033123016
shape_resnet50_SIN_and_IN_finetuned_on_IN,clock8-chair2.png,clock,chair,neither,711,perfume,boat,0.005187748000025749,0.001501791412010789,0.5023132562637329
shape_resnet50_SIN_and_IN_finetuned_on_IN,clock8-keyboard1.png,clock,keyboard,shape,826,stopwatch,clock,0.015925297513604164,6.815973029006273e-05,0.0
shape_resnet50_SIN_and_IN_finetuned_on_IN,clock8-knife1.png,clock,knife,shape,847,tank,clock,0.007017113268375397,3.888208084390499e-06,0.0
shape_resnet50_SIN_and_IN_finetuned_on_IN,clock8-oven3.png,clock,oven,texture,707,pay-phone,oven,5.111893187859096e-06,9.60051784204552e-06,0.0
shape_resnet50_SIN_and_IN_finetuned_on_IN,clock8-truck2.png,clock,truck,neither,518,crash_helmet,car,9.537288133287802e-05,0.0004552392929326743,0.798604428768158
shape_resnet50_SIN_and_IN_finetuned_on_IN,clock9-airplane1.png,clock,airplane,shape,685,odometer,clock,0.0688299760222435,0.00018348163575865328,0.0
shape_resnet50_SIN_and_IN_finetuned_on_IN,clock9-bird2.png,clock,bird,shape,892,wall_clock,clock,0.1453608274459839,8.315136074088514e-05,0.0
shape_resnet50_SIN_and_IN_finetuned_on_IN,clock9-cat1.png,clock,cat,texture,282,tiger_cat,cat,0.0001998345833271742,0.032268401235342026,0.0
shape_resnet50_SIN_and_IN_finetuned_on_IN,clock9-chair3.png,clock,chair,neither,545,electric_fan,boat,0.0017410321161150932,0.0005364185199141502,0.5735489726066589
shape_resnet50_SIN_and_IN_finetuned_on_IN,clock9-keyboard2.png,clock,keyboard,neither,592,hard_disc,bottle,0.00010719635611167178,0.0012141705956310034,0.24316158890724182
shape_resnet50_SIN_and_IN_finetuned_on_IN,dog1-airplane3.png,dog,airplane,texture,786,sewing_machine,airplane,1.8797878738041618e-06,0.0020414821337908506,0.0
shape_resnet50_SIN_and_IN_finetuned_on_IN,dog1-bear1.png,dog,bear,texture,360,otter,bear,0.0005727689131163061,0.015361136756837368,0.0
shape_resnet50_SIN_and_IN_finetuned_on_IN,dog1-bird1.png,dog,bird,shape,153,Maltese_dog,dog,0.005958746653050184,0.001142121385782957,0.0
shape_resnet50_SIN_and_IN_finetuned_on_IN,dog1-boat3.png,dog,boat,neither,534,dishwasher,keyboard,9.248861715605017e-06,1.136886658059666e-05,0.296041876077652
shape_resnet50_SIN_and_IN_finetuned_on_IN,dog1-car2.png,dog,car,neither,784,screwdriver,bottle,3.073706102441065e-05,0.0013403627090156078,0.1279311329126358
shape_resnet50_SIN_and_IN_finetuned_on_IN,dog1-cat3.png,dog,cat,shape,207,golden_retriever,dog,0.0033541887532919645,0.00011467010335763916,0.0
shape_resnet50_SIN_and_IN_finetuned_on_IN,dog1-chair1.png,dog,chair,neither,785,seat_belt,car,6.0066515288781375e-05,0.0032255644910037518,0.3655407726764679
shape_resnet50_SIN_and_IN_finetuned_on_IN,dog1-knife3.png,dog,knife,texture,999,toilet_tissue,knife,1.3442429008136969e-05,0.005310350097715855,0.0
shape_resnet50_SIN_and_IN_finetuned_on_IN,dog10-airplane1.png,dog,airplane,neither,403,aircraft_carrier,clock,3.210933937225491e-05,0.0031603300012648106,0.26048457622528076
shape_resnet50_SIN_and_IN_finetuned_on_IN,dog10-bicycle1.png,dog,bicycle,texture,917,comic_book,bicycle,7.547853783762548e-06,0.0028035766445100307,0.0
shape_resnet50_SIN_and_IN_finetuned_on_IN,dog10-bottle1.png,dog,bottle,texture,865,toyshop,bottle,2.46407375925628e-06,0.002160735195502639,0.0
shape_resnet50_SIN_and_IN_finetuned_on_IN,dog10-car3.png,dog,car,texture,817,sports_car,car,3.3457959034421947e-06,0.14402441680431366,0.0
shape_resnet50_SIN_and_IN_finetuned_on_IN,dog10-clock1.png,dog,clock,texture,892,wall_clock,clock,6.461947350544506e-07,0.1764272302389145,0.0
shape_resnet50_SIN_and_IN_finetuned_on_IN,dog10-elephant1.png,dog,elephant,texture,385,Indian_elephant,elephant,1.1055784909785871e-07,0.42319074273109436,0.0
shape_resnet50_SIN_and_IN_finetuned_on_IN,dog10-keyboard2.png,dog,keyboard,texture,570,gasmask,keyboard,3.96029936382547e-05,0.011568652465939522,0.0
shape_resnet50_SIN_and_IN_finetuned_on_IN,dog10-oven2.png,dog,oven,neither,534,dishwasher,keyboard,7.6005021583114285e-06,0.0026660969015210867,0.2622677683830261
shape_resnet50_SIN_and_IN_finetuned_on_IN,dog10-truck2.png,dog,truck,texture,555,fire_engine,truck,6.848404154879972e-05,0.03724224492907524,0.0
shape_resnet50_SIN_and_IN_finetuned_on_IN,dog2-airplane2.png,dog,airplane,neither,817,sports_car,car,9.254485462406592e-07,0.0005276271258480847,0.2751327157020569
shape_resnet50_SIN_and_IN_finetuned_on_IN,dog2-bicycle2.png,dog,bicycle,texture,518,crash_helmet,bicycle,8.590307697886601e-05,0.033808670938014984,0.0
shape_resnet50_SIN_and_IN_finetuned_on_IN,dog2-bottle2.png,dog,bottle,texture,711,perfume,bottle,4.80701423111185e-10,0.0030217855237424374,0.0
shape_resnet50_SIN_and_IN_finetuned_on_IN,dog2-cat1.png,dog,cat,shape,216,clumber,dog,0.009169218130409718,6.172144253469014e-07,0.0
shape_resnet50_SIN_and_IN_finetuned_on_IN,dog2-knife3.png,dog,knife,neither,788,shoe_shop,bottle,3.5057296372542623e-06,0.00043877135613001883,0.7306931614875793
shape_resnet50_SIN_and_IN_finetuned_on_IN,dog3-bear3.png,dog,bear,texture,360,otter,bear,0.001443245797418058,0.06052611395716667,0.0
shape_resnet50_SIN_and_IN_finetuned_on_IN,dog3-bird2.png,dog,bird,shape,205,flat-coated_retriever,dog,0.007826326414942741,0.00029262236785143614,0.0
shape_resnet50_SIN_and_IN_finetuned_on_IN,dog3-boat1.png,dog,boat,neither,518,crash_helmet,truck,2.2226033252081834e-05,0.0013889959082007408,0.21097178757190704
shape_resnet50_SIN_and_IN_finetuned_on_IN,dog3-clock1.png,dog,clock,texture,892,wall_clock,clock,4.1769321796891745e-06,0.10189347714185715,0.0
shape_resnet50_SIN_and_IN_finetuned_on_IN,dog3-elephant2.png,dog,elephant,texture,386,African_elephant,elephant,6.206624192373056e-08,0.4966229200363159,0.0
shape_resnet50_SIN_and_IN_finetuned_on_IN,dog3-keyboard1.png,dog,keyboard,shape,473,can_opener,dog,0.0021748277358710766,0.0021594823338091373,0.0
shape_resnet50_SIN_and_IN_finetuned_on_IN,dog3-knife3.png,dog,knife,texture,178,Weimaraner,knife,0.003091388149186969,0.009654049761593342,0.0
shape_resnet50_SIN_and_IN_finetuned_on_IN,dog3-truck2.png,dog,truck,texture,555,fire_engine,truck,2.266579213028308e-05,0.05423860624432564,0.0
shape_resnet50_SIN_and_IN_finetuned_on_IN,dog4-airplane3.png,dog,airplane,neither,786,sewing_machine,keyboard,2.4230772396549582e-05,0.0005851068999618292,0.20569264888763428
shape_resnet50_SIN_and_IN_finetuned_on_IN,dog4-bicycle1.png,dog,bicycle,neither,845,syringe,clock,6.624222351092612e-06,0.0003728810988832265,0.2254047989845276
shape_resnet50_SIN_and_IN_finetuned_on_IN,dog4-bird1.png,dog,bird,texture,13,junco,bird,6.241223309189081e-05,0.01413644663989544,0.0
shape_resnet50_SIN_and_IN_finetuned_on_IN,dog4-bottle2.png,dog,bottle,texture,711,perfume,bottle,4.671350595231161e-08,0.00043974697473458946,0.0
shape_resnet50_SIN_and_IN_finetuned_on_IN,dog4-cat3.png,dog,cat,texture,359,black-footed_ferret,cat,0.0012025386095046997,0.019633468240499496,0.0
shape_resnet50_SIN_and_IN_finetuned_on_IN,dog4-chair1.png,dog,chair,neither,511,convertible,car,6.0031747125322e-05,0.00112045684363693,0.20634151995182037
shape_resnet50_SIN_and_IN_finetuned_on_IN,dog4-clock1.png,dog,clock,texture,692,packet,clock,2.2471269858215237e-06,0.03196214139461517,0.0
shape_resnet50_SIN_and_IN_finetuned_on_IN,dog4-elephant2.png,dog,elephant,texture,385,Indian_elephant,elephant,4.937676294503035e-07,0.49136650562286377,0.0
shape_resnet50_SIN_and_IN_finetuned_on_IN,dog4-keyboard2.png,dog,keyboard,texture,876,tub,keyboard,4.007967800134793e-05,0.011633322574198246,0.0
shape_resnet50_SIN_and_IN_finetuned_on_IN,dog4-oven1.png,dog,oven,neither,713,photocopier,bottle,2.08704386750469e-05,0.0016646793810650706,0.17305505275726318
shape_resnet50_SIN_and_IN_finetuned_on_IN,dog4-truck2.png,dog,truck,neither,581,grille,car,9.376335583510809e-06,0.011219230480492115,0.6828467845916748
shape_resnet50_SIN_and_IN_finetuned_on_IN,dog5-bear3.png,dog,bear,texture,360,otter,bear,0.00019139006326440722,0.017663102596998215,0.0
shape_resnet50_SIN_and_IN_finetuned_on_IN,dog5-boat3.png,dog,boat,neither,711,perfume,truck,6.188746738189366e-06,0.00038347611553035676,0.19580183923244476
shape_resnet50_SIN_and_IN_finetuned_on_IN,dog5-car3.png,dog,car,texture,917,comic_book,car,2.342776269870228e-06,0.02605791576206684,0.0
shape_resnet50_SIN_and_IN_finetuned_on_IN,dog5-elephant1.png,dog,elephant,texture,385,Indian_elephant,elephant,2.0182624211884104e-06,0.4433390200138092,0.0
shape_resnet50_SIN_and_IN_finetuned_on_IN,dog5-knife2.png,dog,knife,texture,711,perfume,knife,1.2800172726201708e-06,0.038618333637714386,0.0
shape_resnet50_SIN_and_IN_finetuned_on_IN,dog5-oven1.png,dog,oven,neither,713,photocopier,keyboard,1.7787395734103484e-07,8.615070328232832e-06,0.7697651386260986
shape_resnet50_SIN_and_IN_finetuned_on_IN,dog5-truck2.png,dog,truck,texture,534,dishwasher,truck,3.209033457096666e-05,0.017128650099039078,0.0
shape_resnet50_SIN_and_IN_finetuned_on_IN,dog6-bicycle1.png,dog,bicycle,neither,412,ashcan,chair,7.767247006995603e-05,0.0003046648052986711,0.27960333228111267
shape_resnet50_SIN_and_IN_finetuned_on_IN,dog6-bird1.png,dog,bird,texture,17,jay,bird,0.0006491527310572565,0.0057869646698236465,0.0
shape_resnet50_SIN_and_IN_finetuned_on_IN,dog6-cat1.png,dog,cat,shape,215,Brittany_spaniel,dog,0.00894197728484869,0.00018528600048739463,0.0
shape_resnet50_SIN_and_IN_finetuned_on_IN,dog6-clock1.png,dog,clock,texture,892,wall_clock,clock,3.4312570278416388e-06,0.0992657020688057,0.0
shape_resnet50_SIN_and_IN_finetuned_on_IN,dog6-elephant2.png,dog,elephant,texture,385,Indian_elephant,elephant,6.262338558826741e-08,0.49291306734085083,0.0
shape_resnet50_SIN_and_IN_finetuned_on_IN,dog6-truck2.png,dog,truck,texture,555,fire_engine,truck,9.529837370791938e-06,0.07864119857549667,0.0
shape_resnet50_SIN_and_IN_finetuned_on_IN,dog7-bird3.png,dog,bird,neither,552,feather_boa,bottle,0.0006353650242090225,0.00033757707569748163,0.3395113945007324
shape_resnet50_SIN_and_IN_finetuned_on_IN,dog7-car2.png,dog,car,neither,788,shoe_shop,bottle,1.8780411892294069e-06,4.701844954979606e-05,0.6882502436637878
shape_resnet50_SIN_and_IN_finetuned_on_IN,dog7-chair2.png,dog,chair,texture,762,restaurant,chair,8.211469685193151e-05,0.02360696718096733,0.0
shape_resnet50_SIN_and_IN_finetuned_on_IN,dog7-keyboard3.png,dog,keyboard,neither,898,water_bottle,bottle,5.153146048542112e-06,0.0004088070709258318,0.5141376256942749
shape_resnet50_SIN_and_IN_finetuned_on_IN,dog7-knife3.png,dog,knife,neither,813,spatula,bottle,1.7691443645162508e-05,0.0024077044799923897,0.15604640543460846
shape_resnet50_SIN_and_IN_finetuned_on_IN,dog7-oven2.png,dog,oven,texture,760,refrigerator,oven,1.3286065723150386e-06,0.008027438074350357,0.0
shape_resnet50_SIN_and_IN_finetuned_on_IN,dog8-bear3.png,dog,bear,texture,360,otter,bear,0.001006769947707653,0.0060896314680576324,0.0
shape_resnet50_SIN_and_IN_finetuned_on_IN,dog8-boat3.png,dog,boat,neither,534,dishwasher,bottle,3.0078076633799355e-06,1.4028686564415693e-05,0.7535814642906189
shape_resnet50_SIN_and_IN_finetuned_on_IN,dog8-bottle2.png,dog,bottle,texture,711,perfume,bottle,1.0949911199986673e-07,0.006376753561198711,0.0
shape_resnet50_SIN_and_IN_finetuned_on_IN,dog8-chair3.png,dog,chair,neither,562,fountain,bottle,0.00012894906103610992,0.0004345448687672615,0.241943359375
shape_resnet50_SIN_and_IN_finetuned_on_IN,dog8-clock2.png,dog,clock,texture,917,comic_book,clock,4.024728241347475e-06,0.0001448014663765207,0.0
shape_resnet50_SIN_and_IN_finetuned_on_IN,dog8-keyboard3.png,dog,keyboard,neither,518,crash_helmet,bottle,2.0113468053750694e-05,0.0002223971823696047,0.17212462425231934
shape_resnet50_SIN_and_IN_finetuned_on_IN,dog8-oven3.png,dog,oven,texture,480,cash_machine,oven,4.549994628177956e-06,0.0003058740112464875,0.0
shape_resnet50_SIN_and_IN_finetuned_on_IN,dog9-airplane3.png,dog,airplane,neither,895,warplane,car,5.2599549235310405e-05,0.0011477990774437785,0.09446343034505844
shape_resnet50_SIN_and_IN_finetuned_on_IN,dog9-bear3.png,dog,bear,texture,360,otter,bear,0.00011312271817587316,0.010789758525788784,0.0
shape_resnet50_SIN_and_IN_finetuned_on_IN,dog9-bicycle3.png,dog,bicycle,neither,124,crayfish,chair,0.00012551354302559048,6.096153083490208e-05,0.13884910941123962
shape_resnet50_SIN_and_IN_finetuned_on_IN,dog9-boat1.png,dog,boat,neither,592,hard_disc,bottle,1.9482202333165333e-05,0.0006113051786087453,0.14796951413154602
shape_resnet50_SIN_and_IN_finetuned_on_IN,dog9-bottle1.png,dog,bottle,neither,865,toyshop,clock,2.1210517786585115e-07,6.495160050690174e-06,0.6703563928604126
shape_resnet50_SIN_and_IN_finetuned_on_IN,dog9-car1.png,dog,car,neither,917,comic_book,boat,3.463757138888468e-06,5.378713467507623e-05,0.7393121719360352
shape_resnet50_SIN_and_IN_finetuned_on_IN,dog9-cat1.png,dog,cat,shape,213,Irish_setter,dog,0.009095821529626846,4.556491694529541e-05,0.0
shape_resnet50_SIN_and_IN_finetuned_on_IN,dog9-chair2.png,dog,chair,texture,765,rocking_chair,chair,0.00012036059342790395,0.03862897679209709,0.0
shape_resnet50_SIN_and_IN_finetuned_on_IN,elephant1-airplane2.png,elephant,airplane,neither,518,crash_helmet,car,2.6545358196017332e-06,4.300698492443189e-05,0.8528761863708496
shape_resnet50_SIN_and_IN_finetuned_on_IN,elephant1-bear2.png,elephant,bear,texture,296,ice_bear,bear,0.003859682474285364,0.24665699899196625,0.0
shape_resnet50_SIN_and_IN_finetuned_on_IN,elephant1-boat2.png,elephant,boat,texture,592,hard_disc,boat,5.800817461931729e-07,0.0015896519180387259,0.0
shape_resnet50_SIN_and_IN_finetuned_on_IN,elephant1-bottle1.png,elephant,bottle,neither,865,toyshop,clock,2.135970817107591e-06,0.0002147369523299858,0.7973054647445679
shape_resnet50_SIN_and_IN_finetuned_on_IN,elephant1-car3.png,elephant,car,texture,670,motor_scooter,car,1.5202361282717902e-05,0.028845464810729027,0.0
shape_resnet50_SIN_and_IN_finetuned_on_IN,elephant1-chair1.png,elephant,chair,neither,498,cinema,car,7.865943189244717e-06,0.0018435948295518756,0.6504614949226379
shape_resnet50_SIN_and_IN_finetuned_on_IN,elephant1-dog2.png,elephant,dog,texture,212,English_setter,dog,1.7565509551786818e-05,0.006734190508723259,0.0
shape_resnet50_SIN_and_IN_finetuned_on_IN,elephant1-keyboard3.png,elephant,keyboard,neither,570,gasmask,bottle,3.196520879100717e-07,0.00010134411422768608,0.265981525182724
shape_resnet50_SIN_and_IN_finetuned_on_IN,elephant1-oven2.png,elephant,oven,texture,534,dishwasher,oven,1.1540942068677396e-05,0.005870941560715437,0.0
shape_resnet50_SIN_and_IN_finetuned_on_IN,elephant10-bear1.png,elephant,bear,texture,294,brown_bear,bear,0.00030328112188726664,0.22211791574954987,0.0
shape_resnet50_SIN_and_IN_finetuned_on_IN,elephant10-keyboard1.png,elephant,keyboard,texture,535,disk_brake,keyboard,0.00023757516464684159,0.002525115152820945,0.0
shape_resnet50_SIN_and_IN_finetuned_on_IN,elephant10-knife3.png,elephant,knife,texture,534,dishwasher,knife,0.0007134871557354927,0.0027942140586674213,0.0
shape_resnet50_SIN_and_IN_finetuned_on_IN,elephant2-airplane3.png,elephant,airplane,neither,895,warplane,bottle,2.0751198462676257e-05,0.0008556971442885697,0.10518671572208405
shape_resnet50_SIN_and_IN_finetuned_on_IN,elephant2-bear3.png,elephant,bear,texture,294,brown_bear,bear,5.940665869275108e-05,0.1530390977859497,0.0
shape_resnet50_SIN_and_IN_finetuned_on_IN,elephant2-bird1.png,elephant,bird,texture,17,jay,bird,2.3927972506498918e-05,0.00809687189757824,0.0
shape_resnet50_SIN_and_IN_finetuned_on_IN,elephant2-boat1.png,elephant,boat,neither,723,pinwheel,bottle,4.6205691432987805e-06,0.00011384060053387657,0.36034271121025085
shape_resnet50_SIN_and_IN_finetuned_on_IN,elephant2-bottle3.png,elephant,bottle,texture,737,pop_bottle,bottle,1.261484339920571e-05,0.07175274193286896,0.0
shape_resnet50_SIN_and_IN_finetuned_on_IN,elephant2-cat1.png,elephant,cat,neither,568,fur_coat,bear,3.239888246753253e-05,0.007941477932035923,0.21517209708690643
shape_resnet50_SIN_and_IN_finetuned_on_IN,elephant2-clock1.png,elephant,clock,texture,643,mask,clock,2.12286613532342e-06,0.0029087320435792208,0.0
shape_resnet50_SIN_and_IN_finetuned_on_IN,elephant2-keyboard3.png,elephant,keyboard,texture,473,can_opener,keyboard,1.4887968063703738e-05,0.001957234460860491,0.0
shape_resnet50_SIN_and_IN_finetuned_on_IN,elephant2-truck2.png,elephant,truck,texture,526,desk,truck,2.4362812837352976e-05,0.014096123166382313,0.0
shape_resnet50_SIN_and_IN_finetuned_on_IN,elephant3-cat2.png,elephant,cat,texture,287,lynx,cat,5.266360858513508e-08,0.0001673194783506915,0.0
shape_resnet50_SIN_and_IN_finetuned_on_IN,elephant3-chair1.png,elephant,chair,neither,498,cinema,car,1.1773609912779648e-05,0.004737930838018656,0.5699184536933899
shape_resnet50_SIN_and_IN_finetuned_on_IN,elephant3-keyboard2.png,elephant,keyboard,neither,898,water_bottle,bottle,5.620492515845399e-07,9.19687663554214e-05,0.6641920804977417
shape_resnet50_SIN_and_IN_finetuned_on_IN,elephant3-knife1.png,elephant,knife,neither,692,packet,bottle,8.355248610314447e-06,0.0013984853867441416,0.12189841270446777
shape_resnet50_SIN_and_IN_finetuned_on_IN,elephant3-oven1.png,elephant,oven,neither,760,refrigerator,bottle,6.340656710790427e-08,0.00010471296263858676,0.9656313061714172
shape_resnet50_SIN_and_IN_finetuned_on_IN,elephant3-truck1.png,elephant,truck,neither,898,water_bottle,bottle,5.91625394008588e-07,2.223757837782614e-05,0.44603466987609863
shape_resnet50_SIN_and_IN_finetuned_on_IN,elephant4-bicycle2.png,elephant,bicycle,neither,791,shopping_cart,bottle,1.9863948352849548e-07,0.00033045950112864375,0.51532381772995
shape_resnet50_SIN_and_IN_finetuned_on_IN,elephant4-bird1.png,elephant,bird,texture,137,American_coot,bird,0.006002052687108517,0.009212831035256386,0.0
shape_resnet50_SIN_and_IN_finetuned_on_IN,elephant4-boat3.png,elephant,boat,neither,879,umbrella,chair,4.3587686377577484e-05,6.452040543081239e-05,0.5185725092887878
shape_resnet50_SIN_and_IN_finetuned_on_IN,elephant4-car3.png,elephant,car,texture,581,grille,car,7.365935744019225e-06,0.0424710251390934,0.0
shape_resnet50_SIN_and_IN_finetuned_on_IN,elephant4-chair3.png,elephant,chair,neither,51,triceratops,car,0.00018610598635859787,0.0007357332506217062,0.41921359300613403
shape_resnet50_SIN_and_IN_finetuned_on_IN,elephant4-clock3.png,elephant,clock,neither,847,tank,bottle,2.010778644034872e-06,0.004183430224657059,0.12424115836620331
shape_resnet50_SIN_and_IN_finetuned_on_IN,elephant4-oven1.png,elephant,oven,texture,713,photocopier,oven,8.7954981609073e-07,0.0008538771071471274,0.0
shape_resnet50_SIN_and_IN_finetuned_on_IN,elephant5-bear2.png,elephant,bear,texture,296,ice_bear,bear,0.012214948423206806,0.2193533480167389,0.0
shape_resnet50_SIN_and_IN_finetuned_on_IN,elephant5-bicycle3.png,elephant,bicycle,neither,611,jigsaw_puzzle,chair,0.00015081636956892908,7.880520570324734e-05,0.13455244898796082
shape_resnet50_SIN_and_IN_finetuned_on_IN,elephant5-bottle2.png,elephant,bottle,texture,711,perfume,bottle,3.9038980381711497e-10,0.002338424324989319,0.0
shape_resnet50_SIN_and_IN_finetuned_on_IN,elephant5-car1.png,elephant,car,neither,865,toyshop,bicycle,5.983847131574294e-06,8.783280645729974e-05,0.750866711139679
shape_resnet50_SIN_and_IN_finetuned_on_IN,elephant5-chair3.png,elephant,chair,neither,51,triceratops,car,0.0007043092628009617,0.0006431907531805336,0.46593043208122253
shape_resnet50_SIN_and_IN_finetuned_on_IN,elephant5-truck1.png,elephant,truck,neither,898,water_bottle,bottle,3.776754056161735e-07,0.00012365536531433463,0.6056239604949951
shape_resnet50_SIN_and_IN_finetuned_on_IN,elephant6-bicycle1.png,elephant,bicycle,texture,412,ashcan,bicycle,2.2360109142027795e-06,0.0016115455655381083,0.0
shape_resnet50_SIN_and_IN_finetuned_on_IN,elephant6-bird1.png,elephant,bird,texture,131,little_blue_heron,bird,0.0001143742265412584,0.013996347784996033,0.0
shape_resnet50_SIN_and_IN_finetuned_on_IN,elephant6-bottle2.png,elephant,bottle,texture,711,perfume,bottle,1.9493448633056687e-08,0.0027541068848222494,0.0
shape_resnet50_SIN_and_IN_finetuned_on_IN,elephant6-car3.png,elephant,car,texture,917,comic_book,car,7.970360456965864e-05,0.011914629489183426,0.0
shape_resnet50_SIN_and_IN_finetuned_on_IN,elephant6-cat2.png,elephant,cat,texture,287,lynx,cat,3.4227019796162494e-07,0.00045552768278867006,0.0
shape_resnet50_SIN_and_IN_finetuned_on_IN,elephant6-dog2.png,elephant,dog,texture,212,English_setter,dog,9.546984802000225e-05,0.00864498596638441,0.0
shape_resnet50_SIN_and_IN_finetuned_on_IN,elephant6-knife2.png,elephant,knife,texture,499,cleaver,knife,4.0785715100355446e-05,0.5853447914123535,0.0
shape_resnet50_SIN_and_IN_finetuned_on_IN,elephant6-oven1.png,elephant,oven,texture,760,refrigerator,oven,6.35490494005353e-07,0.0023102546110749245,0.0
shape_resnet50_SIN_and_IN_finetuned_on_IN,elephant6-truck3.png,elephant,truck,neither,589,hand_blower,car,1.4323570212582126e-05,0.018664749339222908,0.37641531229019165
shape_resnet50_SIN_and_IN_finetuned_on_IN,elephant7-airplane3.png,elephant,airplane,texture,895,warplane,airplane,6.101049075368792e-05,0.004203355871140957,0.0
shape_resnet50_SIN_and_IN_finetuned_on_IN,elephant7-bear3.png,elephant,bear,texture,360,otter,bear,0.00092619116185233,0.004643656779080629,0.0
shape_resnet50_SIN_and_IN_finetuned_on_IN,elephant7-bird1.png,elephant,bird,texture,17,jay,bird,9.539676102576777e-05,0.012598827481269836,0.0
shape_resnet50_SIN_and_IN_finetuned_on_IN,elephant7-bottle3.png,elephant,bottle,texture,737,pop_bottle,bottle,6.752597982995212e-07,0.11335613578557968,0.0
shape_resnet50_SIN_and_IN_finetuned_on_IN,elephant7-car3.png,elephant,car,texture,917,comic_book,car,6.435670911741909e-06,0.018296780064702034,0.0
shape_resnet50_SIN_and_IN_finetuned_on_IN,elephant7-cat1.png,elephant,cat,neither,169,borzoi,dog,5.721257366531063e-06,0.0037079371977597475,0.32740718126296997
shape_resnet50_SIN_and_IN_finetuned_on_IN,elephant7-clock2.png,elephant,clock,texture,518,crash_helmet,clock,2.7452151698525995e-06,0.0014366577379405499,0.0
shape_resnet50_SIN_and_IN_finetuned_on_IN,elephant7-dog1.png,elephant,dog,neither,298,mongoose,bear,5.6845465223887e-06,0.0003506550274323672,0.6114867925643921
shape_resnet50_SIN_and_IN_finetuned_on_IN,elephant7-keyboard3.png,elephant,keyboard,texture,876,tub,keyboard,1.5009369235485792e-05,0.0012874321546405554,0.0
shape_resnet50_SIN_and_IN_finetuned_on_IN,elephant7-knife2.png,elephant,knife,texture,467,butcher_shop,knife,0.00016913472791202366,0.04975063353776932,0.0
shape_resnet50_SIN_and_IN_finetuned_on_IN,elephant8-airplane3.png,elephant,airplane,neither,786,sewing_machine,knife,3.6566802009474486e-05,0.0005060346447862685,0.15628837049007416
shape_resnet50_SIN_and_IN_finetuned_on_IN,elephant8-bicycle3.png,elephant,bicycle,neither,509,confectionery,chair,6.205057434272021e-05,4.389654714032076e-05,0.17126375436782837
shape_resnet50_SIN_and_IN_finetuned_on_IN,elephant8-bird2.png,elephant,bird,neither,692,packet,bottle,0.0024104511830955744,0.0012000311398878694,0.24219709634780884
shape_resnet50_SIN_and_IN_finetuned_on_IN,elephant8-boat2.png,elephant,boat,texture,625,lifeboat,boat,3.319218819797243e-07,0.15471285581588745,0.0
shape_resnet50_SIN_and_IN_finetuned_on_IN,elephant8-cat1.png,elephant,cat,neither,568,fur_coat,bear,0.0001847510429797694,0.005288011860102415,0.20062120258808136
shape_resnet50_SIN_and_IN_finetuned_on_IN,elephant8-clock2.png,elephant,clock,neither,560,football_helmet,bottle,9.85947508524987e-07,0.0004403188358992338,0.2861117124557495
shape_resnet50_SIN_and_IN_finetuned_on_IN,elephant8-dog1.png,elephant,dog,neither,298,mongoose,bear,2.8798981475119945e-06,0.00025679488317109644,0.6067217588424683
shape_resnet50_SIN_and_IN_finetuned_on_IN,elephant8-knife2.png,elephant,knife,texture,499,cleaver,knife,5.266393054625951e-05,0.23424074053764343,0.0
shape_resnet50_SIN_and_IN_finetuned_on_IN,elephant8-oven3.png,elephant,oven,shape,760,refrigerator,elephant,0.0005357374320738018,1.4588583326258231e-05,0.0
shape_resnet50_SIN_and_IN_finetuned_on_IN,elephant8-truck3.png,elephant,truck,texture,717,pickup,truck,9.349962056148797e-05,0.022373678162693977,0.0
shape_resnet50_SIN_and_IN_finetuned_on_IN,elephant9-airplane2.png,elephant,airplane,neither,895,warplane,car,2.7565449727262603e-06,0.010314726270735264,0.2659761607646942
shape_resnet50_SIN_and_IN_finetuned_on_IN,elephant9-bicycle2.png,elephant,bicycle,neither,534,dishwasher,bottle,1.0638863386702724e-05,0.0011679409071803093,0.38957059383392334
shape_resnet50_SIN_and_IN_finetuned_on_IN,elephant9-boat3.png,elephant,boat,texture,534,dishwasher,boat,0.0003366908058524132,0.0008914213394746184,0.0
shape_resnet50_SIN_and_IN_finetuned_on_IN,elephant9-chair2.png,elephant,chair,texture,532,dining_table,chair,2.58809159277007e-05,0.006606587208807468,0.0
shape_resnet50_SIN_and_IN_finetuned_on_IN,elephant9-clock3.png,elephant,clock,texture,684,ocarina,clock,3.920693416148424e-06,0.009600627236068249,0.0
shape_resnet50_SIN_and_IN_finetuned_on_IN,elephant9-dog3.png,elephant,dog,texture,257,Great_Pyrenees,dog,0.0010106496047228575,0.005961273331195116,0.0
shape_resnet50_SIN_and_IN_finetuned_on_IN,keyboard1-airplane2.png,keyboard,airplane,neither,518,crash_helmet,car,0.0005458615487441421,0.001021626521833241,0.4774132966995239
shape_resnet50_SIN_and_IN_finetuned_on_IN,keyboard1-bear2.png,keyboard,bear,texture,296,ice_bear,bear,1.0284701602358837e-05,0.0783928856253624,0.0
shape_resnet50_SIN_and_IN_finetuned_on_IN,keyboard1-bird2.png,keyboard,bird,texture,391,coho,bird,4.8488241191080306e-06,0.005207759793847799,0.0
shape_resnet50_SIN_and_IN_finetuned_on_IN,keyboard1-car3.png,keyboard,car,texture,917,comic_book,car,0.00012496431008912623,0.04301195219159126,0.0
shape_resnet50_SIN_and_IN_finetuned_on_IN,keyboard1-chair2.png,keyboard,chair,neither,532,dining_table,bottle,0.00027671753196045756,0.0018011002102866769,0.12320816516876221
shape_resnet50_SIN_and_IN_finetuned_on_IN,keyboard1-clock1.png,keyboard,clock,texture,711,perfume,clock,3.9196722354972735e-05,0.001310600433498621,0.0
shape_resnet50_SIN_and_IN_finetuned_on_IN,keyboard1-dog3.png,keyboard,dog,texture,216,clumber,dog,3.1135764402279165e-06,0.0087788887321949,0.0
shape_resnet50_SIN_and_IN_finetuned_on_IN,keyboard1-elephant3.png,keyboard,elephant,texture,386,African_elephant,elephant,9.129832534426896e-08,0.49556097388267517,0.0
shape_resnet50_SIN_and_IN_finetuned_on_IN,keyboard10-airplane3.png,keyboard,airplane,shape,895,warplane,keyboard,0.012766038998961449,0.006281678099185228,0.0
shape_resnet50_SIN_and_IN_finetuned_on_IN,keyboard10-boat2.png,keyboard,boat,texture,625,lifeboat,boat,1.632918429095298e-05,0.18564289808273315,0.0
shape_resnet50_SIN_and_IN_finetuned_on_IN,keyboard10-car1.png,keyboard,car,texture,865,toyshop,car,0.0007288139895536005,0.011293265968561172,0.0
shape_resnet50_SIN_and_IN_finetuned_on_IN,keyboard10-oven3.png,keyboard,oven,neither,480,cash_machine,clock,0.00025776837719604373,0.0005760514759458601,0.22366562485694885
shape_resnet50_SIN_and_IN_finetuned_on_IN,keyboard10-truck1.png,keyboard,truck,neither,711,perfume,bottle,0.0001816979784052819,0.00014285024371929467,0.4294106364250183
shape_resnet50_SIN_and_IN_finetuned_on_IN,keyboard2-bicycle3.png,keyboard,bicycle,neither,509,confectionery,bottle,0.00022176206402946264,1.941958544193767e-05,0.7289291024208069
shape_resnet50_SIN_and_IN_finetuned_on_IN,keyboard2-bottle1.png,keyboard,bottle,texture,711,perfume,bottle,2.263518126710551e-06,0.0012003594310954213,0.0
shape_resnet50_SIN_and_IN_finetuned_on_IN,keyboard2-clock1.png,keyboard,clock,texture,826,stopwatch,clock,9.471472003497183e-05,0.06890849769115448,0.0
shape_resnet50_SIN_and_IN_finetuned_on_IN,keyboard2-elephant1.png,keyboard,elephant,texture,385,Indian_elephant,elephant,3.180844476702305e-10,0.4567870795726776,0.0
shape_resnet50_SIN_and_IN_finetuned_on_IN,keyboard2-knife1.png,keyboard,knife,neither,592,hard_disc,bottle,0.00011130545317428187,0.00039609248051419854,0.307433545589447
shape_resnet50_SIN_and_IN_finetuned_on_IN,keyboard3-bicycle2.png,keyboard,bicycle,neither,791,shopping_cart,bottle,3.467324859229848e-05,4.481995711103082e-05,0.2660200893878937
shape_resnet50_SIN_and_IN_finetuned_on_IN,keyboard3-bird3.png,keyboard,bird,texture,129,spoonbill,bird,4.121699930692557e-06,0.00649493932723999,0.0
shape_resnet50_SIN_and_IN_finetuned_on_IN,keyboard3-boat1.png,keyboard,boat,neither,917,comic_book,bottle,0.0002784542157314718,5.772373333456926e-05,0.29551342129707336
shape_resnet50_SIN_and_IN_finetuned_on_IN,keyboard3-car2.png,keyboard,car,shape,709,pencil_box,keyboard,0.000157136979396455,1.3206655239628162e-05,0.0
shape_resnet50_SIN_and_IN_finetuned_on_IN,keyboard3-cat1.png,keyboard,cat,texture,207,golden_retriever,cat,6.041069809725741e-06,0.010580741800367832,0.0
shape_resnet50_SIN_and_IN_finetuned_on_IN,keyboard3-clock3.png,keyboard,clock,neither,711,perfume,bottle,0.00011812645243480802,0.0034191410522907972,0.17637309432029724
shape_resnet50_SIN_and_IN_finetuned_on_IN,keyboard3-elephant2.png,keyboard,elephant,texture,386,African_elephant,elephant,4.706364187256895e-10,0.4950885474681854,0.0
shape_resnet50_SIN_and_IN_finetuned_on_IN,keyboard4-bird1.png,keyboard,bird,texture,17,jay,bird,7.352070952038048e-07,0.010212576948106289,0.0
shape_resnet50_SIN_and_IN_finetuned_on_IN,keyboard4-bottle2.png,keyboard,bottle,texture,711,perfume,bottle,3.1798701449758937e-09,0.03741685673594475,0.0
shape_resnet50_SIN_and_IN_finetuned_on_IN,keyboard4-cat2.png,keyboard,cat,texture,287,lynx,cat,4.1730456246114045e-07,0.025974581018090248,0.0
shape_resnet50_SIN_and_IN_finetuned_on_IN,keyboard4-clock2.png,keyboard,clock,neither,670,motor_scooter,bottle,5.499773033079691e-05,0.005631116684526205,0.2423551231622696
shape_resnet50_SIN_and_IN_finetuned_on_IN,keyboard4-knife2.png,keyboard,knife,texture,499,cleaver,knife,0.00010512575681786984,0.35910794138908386,0.0
shape_resnet50_SIN_and_IN_finetuned_on_IN,keyboard4-oven2.png,keyboard,oven,shape,760,refrigerator,keyboard,0.006329243071377277,0.004028042778372765,0.0
shape_resnet50_SIN_and_IN_finetuned_on_IN,keyboard4-truck3.png,keyboard,truck,neither,760,refrigerator,bottle,0.0008652583928778768,0.00017512417980469763,0.5530223250389099
shape_resnet50_SIN_and_IN_finetuned_on_IN,keyboard5-airplane3.png,keyboard,airplane,shape,508,computer_keyboard,keyboard,0.16385319828987122,0.0014497304800897837,0.0
shape_resnet50_SIN_and_IN_finetuned_on_IN,keyboard5-bear3.png,keyboard,bear,texture,360,otter,bear,3.184438128300826e-06,0.0017873714677989483,0.0
shape_resnet50_SIN_and_IN_finetuned_on_IN,keyboard5-bicycle1.png,keyboard,bicycle,texture,791,shopping_cart,bicycle,4.239670670358464e-05,0.001507058390416205,0.0
shape_resnet50_SIN_and_IN_finetuned_on_IN,keyboard5-bird3.png,keyboard,bird,texture,23,vulture,bird,0.00022354131215251982,0.006031723693013191,0.0
shape_resnet50_SIN_and_IN_finetuned_on_IN,keyboard5-bottle1.png,keyboard,bottle,texture,711,perfume,bottle,6.856615186734416e-08,0.00015946172061376274,0.0
shape_resnet50_SIN_and_IN_finetuned_on_IN,keyboard5-cat1.png,keyboard,cat,texture,286,cougar,cat,2.0175273675704375e-05,0.05083054304122925,0.0
shape_resnet50_SIN_and_IN_finetuned_on_IN,keyboard5-dog3.png,keyboard,dog,texture,247,Saint_Bernard,dog,5.954100197413936e-05,0.00698290066793561,0.0
shape_resnet50_SIN_and_IN_finetuned_on_IN,keyboard5-knife2.png,keyboard,knife,texture,499,cleaver,knife,2.2396045096684247e-05,0.8297768831253052,0.0
shape_resnet50_SIN_and_IN_finetuned_on_IN,keyboard5-oven2.png,keyboard,oven,shape,760,refrigerator,keyboard,0.009770046919584274,0.0019826963543891907,0.0
shape_resnet50_SIN_and_IN_finetuned_on_IN,keyboard6-bear2.png,keyboard,bear,texture,296,ice_bear,bear,1.1818598068202846e-05,0.16321660578250885,0.0
shape_resnet50_SIN_and_IN_finetuned_on_IN,keyboard6-bicycle1.png,keyboard,bicycle,texture,791,shopping_cart,bicycle,0.00012755651550833136,0.004498428199440241,0.0
shape_resnet50_SIN_and_IN_finetuned_on_IN,keyboard6-boat2.png,keyboard,boat,texture,625,lifeboat,boat,0.00016350536316167563,0.07986846566200256,0.0
shape_resnet50_SIN_and_IN_finetuned_on_IN,keyboard6-bottle2.png,keyboard,bottle,texture,711,perfume,bottle,5.753348464310193e-09,0.005591595079749823,0.0
shape_resnet50_SIN_and_IN_finetuned_on_IN,keyboard6-car2.png,keyboard,car,neither,477,carpenter's_kit,knife,1.78147620317759e-05,5.832729129906511e-06,0.5649049282073975
shape_resnet50_SIN_and_IN_finetuned_on_IN,keyboard6-chair1.png,keyboard,chair,neither,511,convertible,car,0.0002118164993589744,0.0028469166718423367,0.3570665717124939
shape_resnet50_SIN_and_IN_finetuned_on_IN,keyboard6-dog2.png,keyboard,dog,neither,212,English_setter,bird,4.933234959025867e-05,0.0033333285246044397,0.1674971729516983
shape_resnet50_SIN_and_IN_finetuned_on_IN,keyboard6-elephant1.png,keyboard,elephant,texture,385,Indian_elephant,elephant,8.573010634727041e-10,0.45448994636535645,0.0
shape_resnet50_SIN_and_IN_finetuned_on_IN,keyboard6-knife2.png,keyboard,knife,texture,499,cleaver,knife,7.923884550109506e-05,0.23545511066913605,0.0
shape_resnet50_SIN_and_IN_finetuned_on_IN,keyboard7-bear2.png,keyboard,bear,texture,296,ice_bear,bear,3.0495866667479277e-06,0.21528460085391998,0.0
shape_resnet50_SIN_and_IN_finetuned_on_IN,keyboard7-boat2.png,keyboard,boat,texture,625,lifeboat,boat,4.838611403101822e-06,0.1710093915462494,0.0
shape_resnet50_SIN_and_IN_finetuned_on_IN,keyboard7-bottle1.png,keyboard,bottle,texture,711,perfume,bottle,6.3255174609366804e-06,0.003170161275193095,0.0
shape_resnet50_SIN_and_IN_finetuned_on_IN,keyboard7-car3.png,keyboard,car,texture,479,car_wheel,car,2.6969380996888503e-05,0.0840940847992897,0.0
shape_resnet50_SIN_and_IN_finetuned_on_IN,keyboard7-chair3.png,keyboard,chair,neither,498,cinema,car,0.0003433776437304914,4.738512870972045e-05,0.30916669964790344
shape_resnet50_SIN_and_IN_finetuned_on_IN,keyboard7-clock3.png,keyboard,clock,texture,535,disk_brake,clock,0.0003750787291210145,0.0011512577766552567,0.0
shape_resnet50_SIN_and_IN_finetuned_on_IN,keyboard7-dog1.png,keyboard,dog,neither,299,meerkat,bear,2.088240762532223e-06,0.0002031773328781128,0.6701454520225525
shape_resnet50_SIN_and_IN_finetuned_on_IN,keyboard7-knife1.png,keyboard,knife,texture,764,rifle,knife,8.155053365044296e-05,0.03988080844283104,0.0
shape_resnet50_SIN_and_IN_finetuned_on_IN,keyboard7-oven2.png,keyboard,oven,shape,848,tape_player,keyboard,0.009003693237900734,0.0018090077210217714,0.0
shape_resnet50_SIN_and_IN_finetuned_on_IN,keyboard7-truck2.png,keyboard,truck,texture,791,shopping_cart,truck,0.00011322495265631005,0.024484887719154358,0.0
shape_resnet50_SIN_and_IN_finetuned_on_IN,keyboard8-airplane2.png,keyboard,airplane,shape,667,mortarboard,keyboard,0.009719175286591053,0.00015156855806708336,0.0
shape_resnet50_SIN_and_IN_finetuned_on_IN,keyboard8-cat3.png,keyboard,cat,neither,76,tarantula,oven,0.007873859256505966,0.0016609476879239082,0.22365127503871918
shape_resnet50_SIN_and_IN_finetuned_on_IN,keyboard8-chair2.png,keyboard,chair,texture,762,restaurant,chair,1.6217263691942208e-05,0.000677070114761591,0.0
shape_resnet50_SIN_and_IN_finetuned_on_IN,keyboard8-dog3.png,keyboard,dog,texture,338,guinea_pig,dog,0.00012732365576084703,0.002106874715536833,0.0
shape_resnet50_SIN_and_IN_finetuned_on_IN,keyboard8-oven1.png,keyboard,oven,shape,508,computer_keyboard,keyboard,0.3462449908256531,8.111850183922797e-05,0.0
shape_resnet50_SIN_and_IN_finetuned_on_IN,keyboard8-truck3.png,keyboard,truck,neither,782,screen,car,0.0009730845922604203,0.0010416086297482252,0.06438672542572021
shape_resnet50_SIN_and_IN_finetuned_on_IN,keyboard9-airplane3.png,keyboard,airplane,texture,895,warplane,airplane,0.0026345010846853256,0.02652520313858986,0.0
shape_resnet50_SIN_and_IN_finetuned_on_IN,keyboard9-bear2.png,keyboard,bear,texture,296,ice_bear,bear,3.614552923636438e-08,0.2424277812242508,0.0
shape_resnet50_SIN_and_IN_finetuned_on_IN,keyboard9-bicycle2.png,keyboard,bicycle,neither,784,screwdriver,chair,0.0002623939362820238,0.001463088789023459,0.11815398931503296
shape_resnet50_SIN_and_IN_finetuned_on_IN,keyboard9-bird1.png,keyboard,bird,texture,87,African_grey,bird,0.00013511940778698772,0.014224767684936523,0.0
shape_resnet50_SIN_and_IN_finetuned_on_IN,keyboard9-boat2.png,keyboard,boat,texture,625,lifeboat,boat,2.7168624683326925e-07,0.1990191489458084,0.0
shape_resnet50_SIN_and_IN_finetuned_on_IN,keyboard9-cat1.png,keyboard,cat,texture,286,cougar,cat,8.990164496935904e-05,0.04914116859436035,0.0
shape_resnet50_SIN_and_IN_finetuned_on_IN,keyboard9-chair2.png,keyboard,chair,texture,532,dining_table,chair,0.0001369422097923234,0.011136697605252266,0.0
shape_resnet50_SIN_and_IN_finetuned_on_IN,keyboard9-elephant2.png,keyboard,elephant,texture,386,African_elephant,elephant,1.2498889701006988e-09,0.49848437309265137,0.0
shape_resnet50_SIN_and_IN_finetuned_on_IN,keyboard9-truck3.png,keyboard,truck,shape,477,carpenter's_kit,keyboard,0.0018678148044273257,0.0002995245740748942,0.0
shape_resnet50_SIN_and_IN_finetuned_on_IN,knife1-airplane1.png,knife,airplane,shape,403,aircraft_carrier,knife,0.005452059209346771,0.0012189691187813878,0.0
shape_resnet50_SIN_and_IN_finetuned_on_IN,knife1-bird2.png,knife,bird,texture,98,red-breasted_merganser,bird,0.001178582664579153,0.007734728045761585,0.0
shape_resnet50_SIN_and_IN_finetuned_on_IN,knife1-car3.png,knife,car,texture,670,motor_scooter,car,3.371364982740488e-07,0.07916846871376038,0.0
shape_resnet50_SIN_and_IN_finetuned_on_IN,knife1-chair1.png,knife,chair,neither,511,convertible,car,0.000835316488519311,0.002687790896743536,0.1494087129831314
shape_resnet50_SIN_and_IN_finetuned_on_IN,knife1-clock2.png,knife,clock,neither,459,brassiere,bottle,6.29670637408708e-07,0.0011962676653638482,0.5903138518333435
shape_resnet50_SIN_and_IN_finetuned_on_IN,knife1-dog1.png,knife,dog,neither,299,meerkat,cat,7.321443717955844e-07,0.00048768872511573136,0.7576680779457092
shape_resnet50_SIN_and_IN_finetuned_on_IN,knife1-elephant1.png,knife,elephant,texture,385,Indian_elephant,elephant,1.2490453116242861e-09,0.45780375599861145,0.0
shape_resnet50_SIN_and_IN_finetuned_on_IN,knife1-keyboard3.png,knife,keyboard,neither,592,hard_disc,bottle,0.00025424096384085715,0.0006144462386146188,0.2532501816749573
shape_resnet50_SIN_and_IN_finetuned_on_IN,knife1-oven1.png,knife,oven,neither,713,photocopier,keyboard,9.627503459341824e-05,6.151614070404321e-05,0.22527019679546356
shape_resnet50_SIN_and_IN_finetuned_on_IN,knife1-truck2.png,knife,truck,texture,490,chain_mail,truck,2.2451909899245948e-05,0.0131080262362957,0.0
shape_resnet50_SIN_and_IN_finetuned_on_IN,knife10-bear3.png,knife,bear,texture,360,otter,bear,2.1604407720587915e-06,0.005818292032927275,0.0
shape_resnet50_SIN_and_IN_finetuned_on_IN,knife10-chair1.png,knife,chair,neither,656,minivan,truck,0.0006344302091747522,0.000486930541228503,0.21057112514972687
shape_resnet50_SIN_and_IN_finetuned_on_IN,knife10-dog1.png,knife,dog,neither,299,meerkat,bear,3.927767465938814e-06,0.0008564502350054681,0.47472745180130005
shape_resnet50_SIN_and_IN_finetuned_on_IN,knife10-elephant3.png,knife,elephant,texture,386,African_elephant,elephant,3.593438080429223e-08,0.4973222315311432,0.0
shape_resnet50_SIN_and_IN_finetuned_on_IN,knife10-keyboard3.png,knife,keyboard,shape,589,hand_blower,knife,0.021334460005164146,3.056458444916643e-05,0.0
shape_resnet50_SIN_and_IN_finetuned_on_IN,knife10-oven3.png,knife,oven,texture,713,photocopier,oven,1.1835250006697606e-05,0.002369307680055499,0.0
shape_resnet50_SIN_and_IN_finetuned_on_IN,knife2-bear2.png,knife,bear,texture,296,ice_bear,bear,1.3813693840347696e-05,0.06184197962284088,0.0
shape_resnet50_SIN_and_IN_finetuned_on_IN,knife2-bicycle3.png,knife,bicycle,neither,611,jigsaw_puzzle,bottle,0.00011562897270778194,0.00021098482829984277,0.17175015807151794
shape_resnet50_SIN_and_IN_finetuned_on_IN,knife2-bird1.png,knife,bird,texture,17,jay,bird,7.120736000842953e-08,0.0014554657973349094,0.0
shape_resnet50_SIN_and_IN_finetuned_on_IN,knife2-bottle2.png,knife,bottle,texture,711,perfume,bottle,3.1588263116333337e-09,0.006255029235035181,0.0
shape_resnet50_SIN_and_IN_finetuned_on_IN,knife2-car3.png,knife,car,texture,917,comic_book,car,7.778414328640793e-06,0.10358688980340958,0.0
shape_resnet50_SIN_and_IN_finetuned_on_IN,knife2-cat3.png,knife,cat,neither,374,langur,bird,2.189164888477535e-06,3.5220535210100934e-05,0.608481764793396
shape_resnet50_SIN_and_IN_finetuned_on_IN,knife2-dog1.png,knife,dog,neither,299,meerkat,bear,6.637320097979682e-07,0.0003444680478423834,0.6172419786453247
shape_resnet50_SIN_and_IN_finetuned_on_IN,knife2-elephant2.png,knife,elephant,texture,386,African_elephant,elephant,1.6671801716938717e-08,0.4951815605163574,0.0
shape_resnet50_SIN_and_IN_finetuned_on_IN,knife2-truck2.png,knife,truck,texture,534,dishwasher,truck,2.85684727714397e-05,0.005087695550173521,0.0
shape_resnet50_SIN_and_IN_finetuned_on_IN,knife3-bear2.png,knife,bear,texture,296,ice_bear,bear,5.562142632697942e-06,0.13327890634536743,0.0
shape_resnet50_SIN_and_IN_finetuned_on_IN,knife3-cat1.png,knife,cat,texture,286,cougar,cat,1.2234003179401043e-06,0.11428532004356384,0.0
shape_resnet50_SIN_and_IN_finetuned_on_IN,knife3-clock2.png,knife,clock,neither,592,hard_disc,bottle,4.175454705546144e-06,0.0006072805845178664,0.5635688304901123
shape_resnet50_SIN_and_IN_finetuned_on_IN,knife3-keyboard3.png,knife,keyboard,neither,749,quill,bottle,4.865127266384661e-05,0.00014846819976810366,0.45312660932540894
shape_resnet50_SIN_and_IN_finetuned_on_IN,knife4-airplane3.png,knife,airplane,texture,786,sewing_machine,airplane,2.8155431209597737e-05,0.007836065255105495,0.0
shape_resnet50_SIN_and_IN_finetuned_on_IN,knife4-bear1.png,knife,bear,texture,299,meerkat,bear,1.7074744107503648e-07,0.002980919787660241,0.0
shape_resnet50_SIN_and_IN_finetuned_on_IN,knife4-boat1.png,knife,boat,texture,592,hard_disc,boat,8.793191227596253e-06,0.02244115248322487,0.0
shape_resnet50_SIN_and_IN_finetuned_on_IN,knife4-car2.png,knife,car,neither,709,pencil_box,clock,9.546341971145011e-06,4.2793126340257004e-05,0.7658908367156982
shape_resnet50_SIN_and_IN_finetuned_on_IN,knife4-cat2.png,knife,cat,texture,287,lynx,cat,1.2645030267322e-07,0.004128561355173588,0.0
shape_resnet50_SIN_and_IN_finetuned_on_IN,knife4-clock3.png,knife,clock,neither,719,piggy_bank,bottle,6.698762263113167e-06,0.0004211460764054209,0.17161643505096436
shape_resnet50_SIN_and_IN_finetuned_on_IN,knife4-keyboard1.png,knife,keyboard,neither,534,dishwasher,bottle,0.00014900746464263648,0.00270542548969388,0.14901529252529144
shape_resnet50_SIN_and_IN_finetuned_on_IN,knife4-oven2.png,knife,oven,texture,712,Petri_dish,oven,1.0427619599795435e-05,0.005384647287428379,0.0
shape_resnet50_SIN_and_IN_finetuned_on_IN,knife5-bicycle2.png,knife,bicycle,neither,534,dishwasher,bottle,5.3941362239129376e-06,0.0015517411520704627,0.4308612644672394
shape_resnet50_SIN_and_IN_finetuned_on_IN,knife5-cat2.png,knife,cat,texture,287,lynx,cat,2.1558672358423792e-07,0.021117398515343666,0.0
shape_resnet50_SIN_and_IN_finetuned_on_IN,knife5-clock1.png,knife,clock,texture,481,cassette,clock,2.9736143915215507e-05,0.013290849514305592,0.0
shape_resnet50_SIN_and_IN_finetuned_on_IN,knife5-dog1.png,knife,dog,texture,216,clumber,dog,6.57651798974257e-06,0.005990560632199049,0.0
shape_resnet50_SIN_and_IN_finetuned_on_IN,knife5-keyboard3.png,knife,keyboard,neither,592,hard_disc,bottle,8.720942423678935e-05,0.00019647834415081888,0.13669583201408386
shape_resnet50_SIN_and_IN_finetuned_on_IN,knife5-oven2.png,knife,oven,texture,534,dishwasher,oven,2.5005245333886705e-05,0.0010986304841935635,0.0
shape_resnet50_SIN_and_IN_finetuned_on_IN,knife5-truck3.png,knife,truck,neither,760,refrigerator,car,1.301960764976684e-06,0.002447812119498849,0.46704694628715515
shape_resnet50_SIN_and_IN_finetuned_on_IN,knife6-airplane1.png,knife,airplane,texture,549,envelope,airplane,0.0016114204190671444,0.002035865793004632,0.0
shape_resnet50_SIN_and_IN_finetuned_on_IN,knife6-bicycle1.png,knife,bicycle,texture,770,running_shoe,bicycle,5.7597258091846015e-06,0.0019062107894569635,0.0
shape_resnet50_SIN_and_IN_finetuned_on_IN,knife6-bird1.png,knife,bird,texture,17,jay,bird,3.454385250734049e-06,0.003158235689625144,0.0
shape_resnet50_SIN_and_IN_finetuned_on_IN,knife6-boat3.png,knife,boat,neither,971,bubble,bottle,2.2222431653062813e-05,2.07135162781924e-05,0.40552952885627747
shape_resnet50_SIN_and_IN_finetuned_on_IN,knife6-bottle3.png,knife,bottle,texture,737,pop_bottle,bottle,1.6070345054686186e-08,0.13991418480873108,0.0
shape_resnet50_SIN_and_IN_finetuned_on_IN,knife6-chair3.png,knife,chair,neither,762,restaurant,car,7.819422171451151e-05,0.0005081523559056222,0.510869026184082
shape_resnet50_SIN_and_IN_finetuned_on_IN,knife6-clock2.png,knife,clock,texture,719,piggy_bank,clock,3.520141490298556e-06,0.005787760019302368,0.0
shape_resnet50_SIN_and_IN_finetuned_on_IN,knife6-dog2.png,knife,dog,texture,212,English_setter,dog,0.00033579306909814477,0.003805668093264103,0.0
shape_resnet50_SIN_and_IN_finetuned_on_IN,knife6-oven3.png,knife,oven,texture,760,refrigerator,oven,6.33802244465187e-07,0.000319402024615556,0.0
shape_resnet50_SIN_and_IN_finetuned_on_IN,knife6-truck1.png,knife,truck,neither,711,perfume,bottle,1.722556476124737e-06,0.0002940229023806751,0.5622977018356323
shape_resnet50_SIN_and_IN_finetuned_on_IN,knife7-airplane3.png,knife,airplane,neither,786,sewing_machine,boat,0.0001667688338784501,0.00125493248924613,0.22399111092090607
shape_resnet50_SIN_and_IN_finetuned_on_IN,knife7-bird3.png,knife,bird,neither,903,wig,bottle,0.0011218361323699355,0.00018312502652406693,0.2461642473936081
shape_resnet50_SIN_and_IN_finetuned_on_IN,knife7-boat3.png,knife,boat,neither,534,dishwasher,keyboard,1.0827633559529204e-05,9.55092255026102e-05,0.7204143404960632
shape_resnet50_SIN_and_IN_finetuned_on_IN,knife7-bottle3.png,knife,bottle,texture,737,pop_bottle,bottle,7.109508093350314e-09,0.13909819722175598,0.0
shape_resnet50_SIN_and_IN_finetuned_on_IN,knife7-car2.png,knife,car,neither,477,carpenter's_kit,keyboard,4.388740762806265e-06,5.1272043492645025e-05,0.5048532485961914
shape_resnet50_SIN_and_IN_finetuned_on_IN,knife7-chair2.png,knife,chair,texture,762,restaurant,chair,9.680322818894638e-07,0.00018262353842146695,0.0
shape_resnet50_SIN_and_IN_finetuned_on_IN,knife7-elephant2.png,knife,elephant,texture,385,Indian_elephant,elephant,3.646876578500269e-08,0.4974943995475769,0.0
shape_resnet50_SIN_and_IN_finetuned_on_IN,knife8-bicycle1.png,knife,bicycle,neither,845,syringe,truck,2.309693445567973e-05,0.001835748553276062,0.15275609493255615
shape_resnet50_SIN_and_IN_finetuned_on_IN,knife8-boat1.png,knife,boat,texture,592,hard_disc,boat,1.1686037396430038e-05,0.0007899492047727108,0.0
shape_resnet50_SIN_and_IN_finetuned_on_IN,knife8-bottle3.png,knife,bottle,texture,737,pop_bottle,bottle,5.650043135574379e-07,0.09961516410112381,0.0
shape_resnet50_SIN_and_IN_finetuned_on_IN,knife8-car2.png,knife,car,neither,709,pencil_box,bottle,7.800347520969808e-05,0.00015696657646913081,0.5227335691452026
shape_resnet50_SIN_and_IN_finetuned_on_IN,knife8-cat2.png,knife,cat,texture,287,lynx,cat,1.0032655950453773e-07,0.004657241981476545,0.0
shape_resnet50_SIN_and_IN_finetuned_on_IN,knife8-truck3.png,knife,truck,neither,760,refrigerator,bottle,4.2874949031102005e-06,0.014302592724561691,0.412135511636734
shape_resnet50_SIN_and_IN_finetuned_on_IN,knife9-airplane2.png,knife,airplane,neither,895,warplane,car,5.016026079829317e-06,0.0012433688389137387,0.6542129516601562
shape_resnet50_SIN_and_IN_finetuned_on_IN,knife9-bear3.png,knife,bear,texture,360,otter,bear,1.227432999684197e-08,5.2005510951858014e-05,0.0
shape_resnet50_SIN_and_IN_finetuned_on_IN,knife9-bicycle1.png,knife,bicycle,texture,770,running_shoe,bicycle,2.6885877559834626e-06,0.013019833713769913,0.0
shape_resnet50_SIN_and_IN_finetuned_on_IN,knife9-bird1.png,knife,bird,texture,17,jay,bird,5.260764055492473e-07,0.002594290068373084,0.0
shape_resnet50_SIN_and_IN_finetuned_on_IN,knife9-boat1.png,knife,boat,neither,592,hard_disc,airplane,8.275826985482126e-06,0.000800746027380228,0.5410327911376953
shape_resnet50_SIN_and_IN_finetuned_on_IN,knife9-bottle2.png,knife,bottle,texture,711,perfume,bottle,7.947102886873836e-08,0.004571350757032633,0.0
shape_resnet50_SIN_and_IN_finetuned_on_IN,knife9-chair1.png,knife,chair,neither,511,convertible,car,3.658234845715924e-06,0.0003879290889017284,0.7504611611366272
shape_resnet50_SIN_and_IN_finetuned_on_IN,knife9-elephant2.png,knife,elephant,texture,385,Indian_elephant,elephant,7.693133241559735e-09,0.4976721405982971,0.0
shape_resnet50_SIN_and_IN_finetuned_on_IN,oven1-bird3.png,oven,bird,shape,2,great_white_shark,oven,0.04369387403130531,0.0002383602986810729,0.0
shape_resnet50_SIN_and_IN_finetuned_on_IN,oven1-boat3.png,oven,boat,neither,819,stage,truck,2.2281365090748295e-05,0.0007723870221525431,0.4912896752357483
shape_resnet50_SIN_and_IN_finetuned_on_IN,oven1-cat1.png,oven,cat,texture,286,cougar,cat,1.599726419954095e-05,0.03518780693411827,0.0
shape_resnet50_SIN_and_IN_finetuned_on_IN,oven1-clock3.png,oven,clock,texture,847,tank,clock,2.212347862950992e-05,0.004228623583912849,0.0
shape_resnet50_SIN_and_IN_finetuned_on_IN,oven1-dog3.png,oven,dog,texture,156,Blenheim_spaniel,dog,0.00023267754295375198,0.00797246489673853,0.0
shape_resnet50_SIN_and_IN_finetuned_on_IN,oven10-airplane2.png,oven,airplane,neither,751,racer,car,0.0002518089604564011,0.0002753659791778773,0.20987564325332642
shape_resnet50_SIN_and_IN_finetuned_on_IN,oven10-bear1.png,oven,bear,texture,294,brown_bear,bear,0.0004175416543148458,0.11786936968564987,0.0
shape_resnet50_SIN_and_IN_finetuned_on_IN,oven10-bicycle1.png,oven,bicycle,neither,791,shopping_cart,truck,0.0004748011124320328,0.00034224078990519047,0.40551498532295227
shape_resnet50_SIN_and_IN_finetuned_on_IN,oven10-boat2.png,oven,boat,texture,592,hard_disc,boat,0.0057624224573373795,0.015560018830001354,0.0
shape_resnet50_SIN_and_IN_finetuned_on_IN,oven10-cat2.png,oven,cat,texture,299,meerkat,cat,3.736133294296451e-06,0.004018026869744062,0.0
shape_resnet50_SIN_and_IN_finetuned_on_IN,oven10-truck2.png,oven,truck,texture,555,fire_engine,truck,0.0015199951594695449,0.038783662021160126,0.0
shape_resnet50_SIN_and_IN_finetuned_on_IN,oven2-bear3.png,oven,bear,texture,144,pelican,bear,6.364511591527844e-06,0.008191557601094246,0.0
shape_resnet50_SIN_and_IN_finetuned_on_IN,oven2-bicycle1.png,oven,bicycle,neither,791,shopping_cart,truck,7.834618372726254e-06,0.0011591012589633465,0.5552703738212585
shape_resnet50_SIN_and_IN_finetuned_on_IN,oven2-bird2.png,oven,bird,shape,412,ashcan,oven,0.0022280975244939327,2.5799839932005852e-05,0.0
shape_resnet50_SIN_and_IN_finetuned_on_IN,oven2-boat3.png,oven,boat,neither,867,trailer_truck,truck,0.00024215372104663402,2.7973077521892264e-05,0.6619225144386292
shape_resnet50_SIN_and_IN_finetuned_on_IN,oven2-bottle1.png,oven,bottle,neither,788,shoe_shop,clock,1.3247167771623936e-06,0.00027950797812081873,0.39748063683509827
shape_resnet50_SIN_and_IN_finetuned_on_IN,oven2-car1.png,oven,car,texture,865,toyshop,car,3.899715466104681e-06,0.0018053618259727955,0.0
shape_resnet50_SIN_and_IN_finetuned_on_IN,oven2-chair1.png,oven,chair,neither,498,cinema,car,6.331455892905069e-08,0.0002274665021104738,0.5778416991233826
shape_resnet50_SIN_and_IN_finetuned_on_IN,oven2-dog3.png,oven,dog,texture,355,llama,dog,0.0011109686456620693,0.002651308197528124,0.0
shape_resnet50_SIN_and_IN_finetuned_on_IN,oven2-truck3.png,oven,truck,texture,760,refrigerator,truck,0.00010443788778502494,0.0021837647072970867,0.0
shape_resnet50_SIN_and_IN_finetuned_on_IN,oven3-airplane1.png,oven,airplane,neither,592,hard_disc,knife,0.00028085560188628733,0.00021379219833761454,0.4022854268550873
shape_resnet50_SIN_and_IN_finetuned_on_IN,oven3-bear2.png,oven,bear,texture,360,otter,bear,0.0006964594358578324,0.053983014076948166,0.0
shape_resnet50_SIN_and_IN_finetuned_on_IN,oven3-boat3.png,oven,boat,neither,534,dishwasher,clock,4.931252260576002e-05,0.00017705661593936384,0.20807762444019318
shape_resnet50_SIN_and_IN_finetuned_on_IN,oven3-bottle3.png,oven,bottle,texture,692,packet,bottle,3.4973768379131798e-06,0.009798460640013218,0.0
shape_resnet50_SIN_and_IN_finetuned_on_IN,oven3-car2.png,oven,car,neither,588,hamper,bottle,3.901624836544215e-07,1.1389681276341435e-05,0.6238342523574829
shape_resnet50_SIN_and_IN_finetuned_on_IN,oven3-cat2.png,oven,cat,texture,276,hyena,cat,4.109847213840112e-05,0.001556080300360918,0.0
shape_resnet50_SIN_and_IN_finetuned_on_IN,oven3-clock3.png,oven,clock,texture,592,hard_disc,clock,1.4707761692989152e-06,0.0263752993196249,0.0
shape_resnet50_SIN_and_IN_finetuned_on_IN,oven3-elephant3.png,oven,elephant,texture,556,fire_screen,elephant,3.808724432019517e-05,0.013339425437152386,0.0
shape_resnet50_SIN_and_IN_finetuned_on_IN,oven3-knife1.png,oven,knife,texture,592,hard_disc,knife,0.0007673376821912825,0.017802221700549126,0.0
shape_resnet50_SIN_and_IN_finetuned_on_IN,oven3-truck1.png,oven,truck,neither,711,perfume,bottle,7.839732461434323e-06,0.000457728689070791,0.2771742641925812
shape_resnet50_SIN_and_IN_finetuned_on_IN,oven4-bicycle2.png,oven,bicycle,neither,791,shopping_cart,bottle,4.918325430480763e-06,7.122082479327219e-06,0.5366548895835876
shape_resnet50_SIN_and_IN_finetuned_on_IN,oven4-bottle2.png,oven,bottle,texture,711,perfume,bottle,2.469326432219532e-07,0.012936143204569817,0.0
shape_resnet50_SIN_and_IN_finetuned_on_IN,oven4-car1.png,oven,car,neither,865,toyshop,bottle,4.897749477095203e-07,1.1545645975274965e-05,0.39946720004081726
shape_resnet50_SIN_and_IN_finetuned_on_IN,oven4-chair1.png,oven,chair,neither,511,convertible,car,7.463391966666677e-07,0.0013912123395130038,0.7036885023117065
shape_resnet50_SIN_and_IN_finetuned_on_IN,oven4-clock2.png,oven,clock,neither,518,crash_helmet,bottle,7.211931915662717e-06,0.0004546992713585496,0.4891176223754883
shape_resnet50_SIN_and_IN_finetuned_on_IN,oven4-dog1.png,oven,dog,texture,299,meerkat,dog,1.9753442757064477e-05,0.0001556430506752804,0.0
shape_resnet50_SIN_and_IN_finetuned_on_IN,oven4-elephant3.png,oven,elephant,texture,386,African_elephant,elephant,1.171585881820647e-05,0.2381037324666977,0.0
shape_resnet50_SIN_and_IN_finetuned_on_IN,oven4-keyboard3.png,oven,keyboard,neither,438,beaker,bottle,1.9180262825102545e-05,7.069126149872318e-05,0.3992104232311249
shape_resnet50_SIN_and_IN_finetuned_on_IN,oven4-knife2.png,oven,knife,texture,688,oscilloscope,knife,0.008134712465107441,0.023618150502443314,0.0
shape_resnet50_SIN_and_IN_finetuned_on_IN,oven4-truck3.png,oven,truck,shape,760,refrigerator,oven,0.00032997375819832087,0.00017736594600137323,0.0
shape_resnet50_SIN_and_IN_finetuned_on_IN,oven5-airplane1.png,oven,airplane,neither,742,printer,knife,0.00012158724712207913,5.726720337406732e-05,0.3163096606731415
shape_resnet50_SIN_and_IN_finetuned_on_IN,oven5-bicycle1.png,oven,bicycle,neither,791,shopping_cart,truck,6.810859076722409e-07,4.606370202964172e-05,0.7303134202957153
shape_resnet50_SIN_and_IN_finetuned_on_IN,oven5-bird1.png,oven,bird,neither,17,jay,bottle,0.00022593668836634606,0.0029651534277945757,0.16966760158538818
shape_resnet50_SIN_and_IN_finetuned_on_IN,oven5-bottle3.png,oven,bottle,texture,737,pop_bottle,bottle,1.5956831020957907e-06,0.0872831791639328,0.0
shape_resnet50_SIN_and_IN_finetuned_on_IN,oven5-dog3.png,oven,dog,texture,212,English_setter,dog,0.0015788907185196877,0.006534670013934374,0.0
shape_resnet50_SIN_and_IN_finetuned_on_IN,oven5-elephant1.png,oven,elephant,texture,385,Indian_elephant,elephant,2.423861777955949e-09,0.46965938806533813,0.0
shape_resnet50_SIN_and_IN_finetuned_on_IN,oven5-keyboard2.png,oven,keyboard,neither,899,water_jug,bottle,0.00019897377933375537,0.00015596594312228262,0.24213169515132904
shape_resnet50_SIN_and_IN_finetuned_on_IN,oven6-airplane3.png,oven,airplane,neither,518,crash_helmet,truck,0.0005982102011330426,0.004162964411079884,0.13915981352329254
shape_resnet50_SIN_and_IN_finetuned_on_IN,oven6-bear2.png,oven,bear,neither,360,otter,bird,5.293035792419687e-05,0.0016474153380841017,0.5132300853729248
shape_resnet50_SIN_and_IN_finetuned_on_IN,oven6-bicycle1.png,oven,bicycle,neither,464,buckle,clock,9.553027666697744e-06,1.7252208408535807e-06,0.6990301609039307
shape_resnet50_SIN_and_IN_finetuned_on_IN,oven6-bird1.png,oven,bird,texture,17,jay,bird,6.493671389762312e-05,0.010766800493001938,0.0
shape_resnet50_SIN_and_IN_finetuned_on_IN,oven6-chair3.png,oven,chair,texture,149,dugong,chair,1.0786314305732958e-05,0.004769009072333574,0.0
shape_resnet50_SIN_and_IN_finetuned_on_IN,oven6-elephant2.png,oven,elephant,texture,385,Indian_elephant,elephant,1.0016504958798578e-08,0.49195727705955505,0.0
shape_resnet50_SIN_and_IN_finetuned_on_IN,oven6-knife3.png,oven,knife,neither,534,dishwasher,truck,0.00016309364582411945,0.0009184519876725972,0.49101102352142334
shape_resnet50_SIN_and_IN_finetuned_on_IN,oven6-truck1.png,oven,truck,neither,581,grille,car,4.109137535124319e-06,0.0022228548768907785,0.3724255859851837
shape_resnet50_SIN_and_IN_finetuned_on_IN,oven7-bottle1.png,oven,bottle,texture,509,confectionery,bottle,1.987536279557389e-06,0.00104817864485085,0.0
shape_resnet50_SIN_and_IN_finetuned_on_IN,oven7-car3.png,oven,car,texture,581,grille,car,7.188734798546648e-07,0.024831444025039673,0.0
shape_resnet50_SIN_and_IN_finetuned_on_IN,oven7-cat1.png,oven,cat,texture,207,golden_retriever,cat,4.1038721974473447e-05,0.006594497710466385,0.0
shape_resnet50_SIN_and_IN_finetuned_on_IN,oven7-clock2.png,oven,clock,texture,518,crash_helmet,clock,3.0417060770560056e-05,0.003327595768496394,0.0
shape_resnet50_SIN_and_IN_finetuned_on_IN,oven7-dog2.png,oven,dog,texture,212,English_setter,dog,0.0003838828415609896,0.00571559788659215,0.0
shape_resnet50_SIN_and_IN_finetuned_on_IN,oven7-elephant1.png,oven,elephant,texture,386,African_elephant,elephant,3.96233801325252e-09,0.48131629824638367,0.0
shape_resnet50_SIN_and_IN_finetuned_on_IN,oven7-keyboard1.png,oven,keyboard,texture,783,screw,keyboard,5.868913285667077e-05,0.010536686517298222,0.0
shape_resnet50_SIN_and_IN_finetuned_on_IN,oven8-cat3.png,oven,cat,shape,36,terrapin,oven,0.006006063427776098,0.0002786874829325825,0.0
shape_resnet50_SIN_and_IN_finetuned_on_IN,oven8-chair1.png,oven,chair,neither,498,cinema,car,4.7435424477271226e-08,0.0004826184595003724,0.890367865562439
shape_resnet50_SIN_and_IN_finetuned_on_IN,oven8-keyboard3.png,oven,keyboard,neither,629,lipstick,bottle,0.0012131467228755355,0.001760273240506649,0.12213552743196487
shape_resnet50_SIN_and_IN_finetuned_on_IN,oven8-knife2.png,oven,knife,texture,696,paintbrush,knife,0.00020444905385375023,0.34664997458457947,0.0
shape_resnet50_SIN_and_IN_finetuned_on_IN,oven9-airplane2.png,oven,airplane,neither,549,envelope,car,1.1159297173435334e-05,1.4242067663872149e-05,0.2244935929775238
shape_resnet50_SIN_and_IN_finetuned_on_IN,oven9-bear2.png,oven,bear,texture,360,otter,bear,4.799969610758126e-05,0.024536658078432083,0.0
shape_resnet50_SIN_and_IN_finetuned_on_IN,oven9-bird3.png,oven,bird,shape,452,bonnet,oven,0.04101990908384323,0.0001669607445364818,0.0
shape_resnet50_SIN_and_IN_finetuned_on_IN,oven9-boat2.png,oven,boat,texture,625,lifeboat,boat,2.001366920012515e-05,0.1897980123758316,0.0
shape_resnet50_SIN_and_IN_finetuned_on_IN,oven9-car2.png,oven,car,texture,477,carpenter's_kit,car,6.619266514462652e-06,0.0006007113843224943,0.0
shape_resnet50_SIN_and_IN_finetuned_on_IN,oven9-chair1.png,oven,chair,neither,511,convertible,car,1.4184838903474883e-07,0.00018090748926624656,0.8891165256500244
shape_resnet50_SIN_and_IN_finetuned_on_IN,oven9-clock2.png,oven,clock,neither,518,crash_helmet,car,1.1391143743821885e-05,0.0017481710528954864,0.6034248471260071
shape_resnet50_SIN_and_IN_finetuned_on_IN,oven9-keyboard1.png,oven,keyboard,texture,481,cassette,keyboard,1.1684917808452155e-05,0.0008117174147628248,0.0
shape_resnet50_SIN_and_IN_finetuned_on_IN,oven9-knife3.png,oven,knife,neither,813,spatula,bottle,5.1682302000699565e-05,0.01893201470375061,0.3521329462528229
shape_resnet50_SIN_and_IN_finetuned_on_IN,truck1-bear1.png,truck,bear,texture,299,meerkat,bear,7.088398706400767e-05,0.01053653284907341,0.0
shape_resnet50_SIN_and_IN_finetuned_on_IN,truck1-bicycle3.png,truck,bicycle,neither,509,confectionery,car,0.00023861249792389572,8.723575592739508e-05,0.4348483979701996
shape_resnet50_SIN_and_IN_finetuned_on_IN,truck1-bird1.png,truck,bird,shape,757,recreational_vehicle,truck,0.04042899236083031,0.0004661310522351414,0.0
shape_resnet50_SIN_and_IN_finetuned_on_IN,truck1-car3.png,truck,car,shape,555,fire_engine,truck,0.09283339232206345,0.03754705935716629,0.0
shape_resnet50_SIN_and_IN_finetuned_on_IN,truck1-cat1.png,truck,cat,texture,282,tiger_cat,cat,0.00022968924895394593,0.12730911374092102,0.0
shape_resnet50_SIN_and_IN_finetuned_on_IN,truck1-chair2.png,truck,chair,shape,565,freight_car,truck,0.004552513360977173,6.758535164408386e-05,0.0
shape_resnet50_SIN_and_IN_finetuned_on_IN,truck1-clock3.png,truck,clock,texture,847,tank,clock,0.00027365231653675437,0.006732691079378128,0.0
shape_resnet50_SIN_and_IN_finetuned_on_IN,truck1-dog1.png,truck,dog,neither,299,meerkat,bear,2.9645394533872604e-05,0.0009379128459841013,0.6920661330223083
shape_resnet50_SIN_and_IN_finetuned_on_IN,truck1-knife1.png,truck,knife,shape,867,trailer_truck,truck,0.07687963545322418,0.0010660531697794795,0.0
shape_resnet50_SIN_and_IN_finetuned_on_IN,truck10-airplane1.png,truck,airplane,texture,403,aircraft_carrier,airplane,0.0021037468686699867,0.013142356649041176,0.0
shape_resnet50_SIN_and_IN_finetuned_on_IN,truck10-bicycle1.png,truck,bicycle,texture,671,mountain_bike,bicycle,0.002812000922858715,0.19762006402015686,0.0
shape_resnet50_SIN_and_IN_finetuned_on_IN,truck10-car3.png,truck,car,texture,661,Model_T,car,0.015284428372979164,0.07490541785955429,0.0
shape_resnet50_SIN_and_IN_finetuned_on_IN,truck10-clock1.png,truck,clock,texture,826,stopwatch,clock,0.00019807013450190425,0.09846850484609604,0.0
shape_resnet50_SIN_and_IN_finetuned_on_IN,truck10-elephant3.png,truck,elephant,texture,386,African_elephant,elephant,9.401092171401615e-08,0.49802958965301514,0.0
shape_resnet50_SIN_and_IN_finetuned_on_IN,truck2-airplane3.png,truck,airplane,shape,717,pickup,truck,0.07324884831905365,0.029728977009654045,0.0
shape_resnet50_SIN_and_IN_finetuned_on_IN,truck2-bicycle2.png,truck,bicycle,neither,791,shopping_cart,car,0.00125297496560961,0.0002004537673201412,0.43332183361053467
shape_resnet50_SIN_and_IN_finetuned_on_IN,truck2-bird2.png,truck,bird,shape,586,half_track,truck,0.030236858874559402,2.771729850792326e-05,0.0
shape_resnet50_SIN_and_IN_finetuned_on_IN,truck2-boat3.png,truck,boat,shape,867,trailer_truck,truck,0.06719333678483963,0.001125619513913989,0.0
shape_resnet50_SIN_and_IN_finetuned_on_IN,truck2-bottle3.png,truck,bottle,texture,737,pop_bottle,bottle,4.216573188386974e-07,0.1397532820701599,0.0
shape_resnet50_SIN_and_IN_finetuned_on_IN,truck2-car3.png,truck,car,texture,581,grille,car,0.01861279085278511,0.1236511841416359,0.0
shape_resnet50_SIN_and_IN_finetuned_on_IN,truck2-chair1.png,truck,chair,neither,511,convertible,car,0.0068012382835149765,0.0010978385107591748,0.45795658230781555
shape_resnet50_SIN_and_IN_finetuned_on_IN,truck2-clock1.png,truck,clock,texture,892,wall_clock,clock,3.51095586665906e-05,0.24981051683425903,0.0
shape_resnet50_SIN_and_IN_finetuned_on_IN,truck2-elephant1.png,truck,elephant,texture,386,African_elephant,elephant,1.0764778579641643e-07,0.4847663938999176,0.0
shape_resnet50_SIN_and_IN_finetuned_on_IN,truck2-keyboard1.png,truck,keyboard,shape,586,half_track,truck,1.7110736735048704e-05,2.167084858228918e-06,0.0
shape_resnet50_SIN_and_IN_finetuned_on_IN,truck2-oven3.png,truck,oven,shape,760,refrigerator,truck,0.004522520117461681,0.0014165566535666585,0.0
shape_resnet50_SIN_and_IN_finetuned_on_IN,truck3-bear3.png,truck,bear,texture,296,ice_bear,bear,0.0003613733279053122,0.03792387619614601,0.0
shape_resnet50_SIN_and_IN_finetuned_on_IN,truck3-bicycle1.png,truck,bicycle,texture,665,moped,bicycle,0.0008399506914429367,0.0560697503387928,0.0
shape_resnet50_SIN_and_IN_finetuned_on_IN,truck3-bird2.png,truck,bird,shape,753,radiator,truck,0.0036402782425284386,2.6647194317774847e-05,0.0
shape_resnet50_SIN_and_IN_finetuned_on_IN,truck3-car3.png,truck,car,texture,817,sports_car,car,0.011227970942854881,0.14837117493152618,0.0
shape_resnet50_SIN_and_IN_finetuned_on_IN,truck3-cat1.png,truck,cat,texture,207,golden_retriever,cat,0.00021133892005309463,0.009641312062740326,0.0
shape_resnet50_SIN_and_IN_finetuned_on_IN,truck3-chair2.png,truck,chair,texture,762,restaurant,chair,0.0007768691284582019,0.0027867702301591635,0.0
shape_resnet50_SIN_and_IN_finetuned_on_IN,truck3-clock3.png,truck,clock,texture,826,stopwatch,clock,6.489137376775034e-06,0.0530635304749012,0.0
shape_resnet50_SIN_and_IN_finetuned_on_IN,truck3-dog3.png,truck,dog,texture,212,English_setter,dog,0.0002084911975543946,0.005047652870416641,0.0
shape_resnet50_SIN_and_IN_finetuned_on_IN,truck3-keyboard3.png,truck,keyboard,neither,662,modem,bottle,0.0001784464984666556,0.0006808068719692528,0.10869455337524414
shape_resnet50_SIN_and_IN_finetuned_on_IN,truck3-knife2.png,truck,knife,texture,763,revolver,knife,0.00015977502334862947,0.009617142379283905,0.0
shape_resnet50_SIN_and_IN_finetuned_on_IN,truck3-oven2.png,truck,oven,texture,760,refrigerator,oven,0.000881410320289433,0.012891247868537903,0.0
shape_resnet50_SIN_and_IN_finetuned_on_IN,truck4-airplane3.png,truck,airplane,neither,742,printer,car,0.0020853320602327585,0.0017906526336446404,0.48366808891296387
shape_resnet50_SIN_and_IN_finetuned_on_IN,truck4-bear1.png,truck,bear,texture,76,tarantula,bear,3.0221342967706732e-05,0.05674207955598831,0.0
shape_resnet50_SIN_and_IN_finetuned_on_IN,truck4-boat3.png,truck,boat,shape,595,harvester,truck,0.010206242091953754,0.0020641630981117487,0.0
shape_resnet50_SIN_and_IN_finetuned_on_IN,truck4-bottle2.png,truck,bottle,texture,711,perfume,bottle,4.908396888936295e-08,0.02773563377559185,0.0
shape_resnet50_SIN_and_IN_finetuned_on_IN,truck4-knife1.png,truck,knife,texture,585,hair_spray,knife,0.0002920866245403886,0.0034197717905044556,0.0
shape_resnet50_SIN_and_IN_finetuned_on_IN,truck4-oven2.png,truck,oven,shape,732,Polaroid_camera,truck,0.0016300980933010578,0.00028279097750782967,0.0
shape_resnet50_SIN_and_IN_finetuned_on_IN,truck5-airplane2.png,truck,airplane,neither,723,pinwheel,car,0.0026305087376385927,0.002590277697890997,0.25738421082496643
shape_resnet50_SIN_and_IN_finetuned_on_IN,truck5-bird2.png,truck,bird,neither,586,half_track,car,0.0012865605531260371,0.0002183921169489622,0.2628123462200165
shape_resnet50_SIN_and_IN_finetuned_on_IN,truck5-car1.png,truck,car,neither,865,toyshop,boat,0.0007298856507986784,0.001988837029784918,0.47415032982826233
shape_resnet50_SIN_and_IN_finetuned_on_IN,truck5-cat3.png,truck,cat,texture,824,stole,cat,0.0001263973827008158,0.0019969192799180746,0.0
shape_resnet50_SIN_and_IN_finetuned_on_IN,truck5-dog3.png,truck,dog,shape,757,recreational_vehicle,truck,0.003888227278366685,0.0038603506982326508,0.0
shape_resnet50_SIN_and_IN_finetuned_on_IN,truck5-keyboard1.png,truck,keyboard,neither,408,amphibian,car,0.0004921950167044997,0.00023644261818844825,0.6651737093925476
shape_resnet50_SIN_and_IN_finetuned_on_IN,truck5-knife3.png,truck,knife,texture,711,perfume,knife,3.1942123314365745e-05,0.030676381662487984,0.0
shape_resnet50_SIN_and_IN_finetuned_on_IN,truck6-bear2.png,truck,bear,texture,296,ice_bear,bear,8.92256048246054e-06,0.16215963661670685,0.0
shape_resnet50_SIN_and_IN_finetuned_on_IN,truck6-bicycle1.png,truck,bicycle,texture,518,crash_helmet,bicycle,0.0006798629183322191,0.007531463634222746,0.0
shape_resnet50_SIN_and_IN_finetuned_on_IN,truck6-boat2.png,truck,boat,texture,625,lifeboat,boat,0.0002002974651986733,0.12099315226078033,0.0
shape_resnet50_SIN_and_IN_finetuned_on_IN,truck6-bottle3.png,truck,bottle,texture,737,pop_bottle,bottle,1.2890010339106084e-06,0.12110636383295059,0.0
shape_resnet50_SIN_and_IN_finetuned_on_IN,truck6-cat2.png,truck,cat,texture,287,lynx,cat,8.976052777143195e-05,0.007275110576301813,0.0
shape_resnet50_SIN_and_IN_finetuned_on_IN,truck6-clock2.png,truck,clock,neither,898,water_bottle,bottle,4.559190711006522e-05,0.0068332417868077755,0.16596728563308716
shape_resnet50_SIN_and_IN_finetuned_on_IN,truck6-dog2.png,truck,dog,neither,737,pop_bottle,bottle,7.629286119481549e-05,0.0005712686106562614,0.1345430463552475
shape_resnet50_SIN_and_IN_finetuned_on_IN,truck6-knife2.png,truck,knife,shape,893,wallet,truck,0.010261171497404575,0.004393179435282946,0.0
shape_resnet50_SIN_and_IN_finetuned_on_IN,truck6-oven3.png,truck,oven,texture,760,refrigerator,oven,0.00015319802332669497,0.0008784953388385475,0.0
shape_resnet50_SIN_and_IN_finetuned_on_IN,truck7-bear2.png,truck,bear,texture,296,ice_bear,bear,0.0022394314873963594,0.08918338268995285,0.0
shape_resnet50_SIN_and_IN_finetuned_on_IN,truck7-bird2.png,truck,bird,shape,867,trailer_truck,truck,0.053385913372039795,1.0213938367087394e-05,0.0
shape_resnet50_SIN_and_IN_finetuned_on_IN,truck7-boat1.png,truck,boat,shape,867,trailer_truck,truck,0.046159882098436356,0.007875560782849789,0.0
shape_resnet50_SIN_and_IN_finetuned_on_IN,truck7-chair2.png,truck,chair,shape,867,trailer_truck,truck,0.1003899872303009,0.00010748958447948098,0.0
shape_resnet50_SIN_and_IN_finetuned_on_IN,truck7-elephant2.png,truck,elephant,texture,385,Indian_elephant,elephant,1.7515814576540834e-08,0.4953967332839966,0.0
shape_resnet50_SIN_and_IN_finetuned_on_IN,truck7-keyboard3.png,truck,keyboard,neither,438,beaker,bottle,6.188881798152579e-06,0.0002207315556006506,0.18449664115905762
shape_resnet50_SIN_and_IN_finetuned_on_IN,truck7-oven2.png,truck,oven,shape,867,trailer_truck,truck,0.08363278955221176,4.380542122817133e-06,0.0
shape_resnet50_SIN_and_IN_finetuned_on_IN,truck8-bottle2.png,truck,bottle,texture,711,perfume,bottle,4.512724083305386e-10,1.8505254047340713e-05,0.0
shape_resnet50_SIN_and_IN_finetuned_on_IN,truck8-cat2.png,truck,cat,texture,287,lynx,cat,8.167683699866757e-05,0.0019923322834074497,0.0
shape_resnet50_SIN_and_IN_finetuned_on_IN,truck8-dog3.png,truck,dog,texture,185,Norfolk_terrier,dog,0.0013015203876420856,0.003786178305745125,0.0
shape_resnet50_SIN_and_IN_finetuned_on_IN,truck8-elephant1.png,truck,elephant,texture,386,African_elephant,elephant,1.48008689393464e-06,0.4651254713535309,0.0
shape_resnet50_SIN_and_IN_finetuned_on_IN,truck8-keyboard2.png,truck,keyboard,neither,592,hard_disc,bottle,0.0010415655560791492,0.003128858283162117,0.22378018498420715
shape_resnet50_SIN_and_IN_finetuned_on_IN,truck9-airplane2.png,truck,airplane,shape,407,ambulance,truck,0.020947476848959923,0.003281230106949806,0.0
shape_resnet50_SIN_and_IN_finetuned_on_IN,truck9-boat3.png,truck,boat,shape,864,tow_truck,truck,0.12415965646505356,1.7913614556164248e-06,0.0
shape_resnet50_SIN_and_IN_finetuned_on_IN,truck9-bottle2.png,truck,bottle,texture,711,perfume,bottle,7.989723371792934e-08,0.02955581434071064,0.0
shape_resnet50_SIN_and_IN_finetuned_on_IN,truck9-chair3.png,truck,chair,neither,762,restaurant,car,0.010887828655540943,0.00010551363811828196,0.29176297783851624
shape_resnet50_SIN_and_IN_finetuned_on_IN,truck9-elephant1.png,truck,elephant,texture,386,African_elephant,elephant,4.2504763086981256e-07,0.49060600996017456,0.0
